"Sample ID","Biosample type","Biosample name","Tissue type","Cancer type","Region number"
"Sample_0001","Cell Line","H1703","Lung","Lung cancer","44254"
"Sample_0002","Cell Line","H1703","Lung","Lung cancer","82599"
"Sample_0003","Stem Cell","primed UCLA1 hESCs","Embryo","Normal","94678"
"Sample_0004","Stem Cell","primed UCLA1 hESCs","Embryo","Normal","105274"
"Sample_0005","Stem Cell","primed UCLA2 hESCs","Embryo","Normal","97253"
"Sample_0006","Stem Cell","primed UCLA2 hESCs","Embryo","Normal","127089"
"Sample_0007","Stem Cell","iMeLCs induced from primed UCLA1 hESCs","Embryo","Normal","31268"
"Sample_0008","Stem Cell","iMeLCs induced from primed UCLA1 hESCs","Embryo","Normal","65001"
"Sample_0009","Stem Cell","iMeLCs induced from primed UCLA2 hESCs","Embryo","Normal","24774"
"Sample_0010","Stem Cell","iMeLCs induced from primed UCLA2 hESCs","Embryo","Normal","67566"
"Sample_0011","Stem Cell","hPGCLCs induced from primed UCLA1 hESCs","Embryo","Normal","54344"
"Sample_0012","Stem Cell","hPGCLCs induced from primed UCLA1 hESCs","Embryo","Normal","92904"
"Sample_0013","Stem Cell","hPGCLCs induced from primed UCLA2 hESCs","Embryo","Normal","65085"
"Sample_0014","Stem Cell","cKIT/TNAP-sorted hPGCs from human embryonic gonad","Embryo","Normal","43618"
"Sample_0015","Stem Cell","cKIT/TNAP-sorted hPGCs from human embryonic gonad","Embryo","Normal","3470"
"Sample_0016","Stem Cell","cKIT/TNAP-sorted hPGCs from human embryonic gonad","Embryo","Normal","21508"
"Sample_0017","Stem Cell","cKIT/TNAP-sorted hPGCs from human embryonic gonad","Embryo","Normal","19201"
"Sample_0018","Stem Cell","Liver cell","Embryo","Normal","15150"
"Sample_0019","Stem Cell","Lung cell","Embryo","Normal","19420"
"Sample_0020","Stem Cell","Skin cell","Embryo","Normal","24109"
"Sample_0021","Stem Cell","Heart cell","Embryo","Normal","12210"
"Sample_0022","Stem Cell","primed UCLA1 hESCs","Embryo","Normal","15922"
"Sample_0023","Stem Cell","primed UCLA1 hESCs","Embryo","Normal","19141"
"Sample_0024","Stem Cell","primed UCLA1 hESCs","Embryo","Normal","22345"
"Sample_0025","Primary Cell","CD56Bright natural killer cell","Blood","Normal","48025"
"Sample_0026","Primary Cell","CD56Bright natural killer cell","Blood","Normal","50447"
"Sample_0027","Primary Cell","CD56Bright natural killer cell","Blood","Normal","47349"
"Sample_0028","Primary Cell","CD56Bright natural killer cell","Blood","Normal","46698"
"Sample_0029","Primary Cell","CD56Dim natural killer cell","Blood","Normal","40745"
"Sample_0030","Primary Cell","CD56Dim natural killer cell","Blood","Normal","35916"
"Sample_0031","Primary Cell","CD56Dim natural killer cell","Blood","Normal","34589"
"Sample_0032","Tissue","Hematologic malignancy","Blood","Leukemia","71117"
"Sample_0033","Tissue","Hematologic malignancy","Blood","Leukemia","70206"
"Sample_0034","Tissue","Hematologic malignancy","Blood","Leukemia","71638"
"Sample_0035","Other","DP3 minus sorted B cell","Other","Normal","32052"
"Sample_0036","Tissue","nucleus accumbens","Brain","Normal","55776"
"Sample_0037","Tissue","prefrontal cortex","Brain","Normal","30721"
"Sample_0038","Tissue","prefrontal cortex","Brain","Normal","36031"
"Sample_0039","Tissue","prefrontal cortex","Brain","Normal","64855"
"Sample_0040","Tissue","nucleus accumbens","Brain","Normal","72187"
"Sample_0041","Tissue","prefrontal cortex","Brain","Normal","66056"
"Sample_0042","Tissue","prefrontal cortex","Brain","Normal","45805"
"Sample_0043","Tissue","prefrontal cortex","Brain","Normal","81658"
"Sample_0044","Tissue","nucleus accumbens","Brain","Normal","68643"
"Sample_0045","Tissue","prefrontal cortex","Brain","Normal","127700"
"Sample_0046","Tissue","prefrontal cortex","Brain","Normal","145111"
"Sample_0047","Tissue","prefrontal cortex","Brain","Normal","116878"
"Sample_0048","Tissue","nucleus accumbens","Brain","Normal","108402"
"Sample_0049","Tissue","nucleus accumbens","Brain","Normal","42790"
"Sample_0050","Tissue","nucleus accumbens","Brain","Normal","160788"
"Sample_0051","Tissue","nucleus accumbens","Brain","Normal","134755"
"Sample_0052","Tissue","nucleus accumbens","Brain","Normal","44883"
"Sample_0053","Tissue","nucleus accumbens","Brain","Normal","110130"
"Sample_0054","Induced pluripotent stem cell line","Forebrain neurons","Forebrain","Normal","16233"
"Sample_0055","Induced pluripotent stem cell line","Forebrain neurons","Forebrain","Normal","16420"
"Sample_0056","Induced pluripotent stem cell line","Forebrain neurons","Forebrain","Normal","11332"
"Sample_0057","Induced pluripotent stem cell line","Forebrain neurons","Forebrain","Normal","21424"
"Sample_0058","Induced pluripotent stem cell line","Forebrain neurons","Forebrain","Normal","22601"
"Sample_0059","Induced pluripotent stem cell line","Forebrain neurons","Forebrain","Normal","26768"
"Sample_0060","Induced pluripotent stem cell line","Forebrain neurons","Forebrain","Normal","35076"
"Sample_0061","Induced pluripotent stem cell line","Forebrain neurons","Forebrain","Normal","20033"
"Sample_0062","Induced pluripotent stem cell line","Forebrain neurons","Forebrain","Normal","24538"
"Sample_0063","Induced pluripotent stem cell line","Forebrain neurons","Forebrain","Normal","27629"
"Sample_0064","Induced pluripotent stem cell line","Forebrain neurons","Forebrain","Normal","32906"
"Sample_0065","Induced pluripotent stem cell line","Forebrain neurons","Forebrain","Normal","23634"
"Sample_0066","Induced pluripotent stem cell line","Forebrain neurons","Forebrain","Normal","19089"
"Sample_0067","Induced pluripotent stem cell line","Forebrain neurons","Forebrain","Normal","22653"
"Sample_0068","Induced pluripotent stem cell line","Forebrain neurons","Forebrain","Normal","12677"
"Sample_0069","Induced pluripotent stem cell line","Forebrain neurons","Forebrain","Normal","9941"
"Sample_0070","Induced pluripotent stem cell line","Forebrain neurons","Forebrain","Normal","10959"
"Sample_0071","Induced pluripotent stem cell line","Forebrain neurons","Forebrain","Normal","8463"
"Sample_0072","Induced pluripotent stem cell line","Forebrain neurons","Forebrain","Normal","19405"
"Sample_0073","Induced pluripotent stem cell line","Forebrain neurons","Forebrain","Normal","23131"
"Sample_0074","Induced pluripotent stem cell line","Forebrain neurons","Forebrain","Normal","19739"
"Sample_0075","Induced pluripotent stem cell line","Forebrain neurons","Forebrain","Normal","15394"
"Sample_0076","Induced pluripotent stem cell line","Forebrain neurons","Forebrain","Normal","21926"
"Sample_0077","Induced pluripotent stem cell line","Forebrain neurons","Forebrain","Normal","24415"
"Sample_0078","Induced pluripotent stem cell line","Forebrain neurons","Forebrain","Normal","15403"
"Sample_0079","Induced pluripotent stem cell line","Forebrain neurons","Forebrain","Normal","14942"
"Sample_0080","Induced pluripotent stem cell line","Forebrain neurons","Forebrain","Normal","19763"
"Sample_0081","Induced pluripotent stem cell line","Forebrain neurons","Forebrain","Normal","15954"
"Sample_0082","Induced pluripotent stem cell line","Forebrain neurons","Forebrain","Normal","15281"
"Sample_0083","Induced pluripotent stem cell line","Forebrain neurons","Forebrain","Normal","13396"
"Sample_0084","Induced pluripotent stem cell line","Forebrain neurons","Forebrain","Normal","20648"
"Sample_0085","Induced pluripotent stem cell line","Forebrain neurons","Forebrain","Normal","22521"
"Sample_0086","Induced pluripotent stem cell line","Forebrain neurons","Forebrain","Normal","21971"
"Sample_0087","Induced pluripotent stem cell line","Forebrain neurons","Forebrain","Normal","14780"
"Sample_0088","Induced pluripotent stem cell line","Forebrain neurons","Forebrain","Normal","20184"
"Sample_0089","Induced pluripotent stem cell line","Forebrain neurons","Forebrain","Normal","13930"
"Sample_0090","Cell Line","BM-hMSC-TERT4","Bone marrow","Normal","13911"
"Sample_0091","Cell Line","AT-hMSC-TERT","Adipose","Normal","17217"
"Sample_0092","Cell Line","AT-hMSC-TERT","Adipose","Normal","32694"
"Sample_0093","Cell Line","CLL","Blood","Leukemia","40549"
"Sample_0094","Cell Line","CLL","Blood","Leukemia","36524"
"Sample_0095","Cell Line","CLL","Blood","Leukemia","26085"
"Sample_0096","Cell Line","CLL","Blood","Leukemia","23067"
"Sample_0097","Cell Line","HEK293","Kidney","Normal","50414"
"Sample_0098","Cell Line","HEK293","Kidney","Normal","42309"
"Sample_0099","Cell Line","HEK293","Kidney","Normal","33672"
"Sample_0100","Cell Line","HEK293","Kidney","Normal","40335"
"Sample_0101","Cell Line","K562","Bone marrow","Leukemia","33318"
"Sample_0102","Cell Line","K562","Bone marrow","Leukemia","21529"
"Sample_0103","Cell Line","K562","Bone marrow","Leukemia","32254"
"Sample_0104","Other","HAEC","Blood","Coronary artery disease","39789"
"Sample_0105","Other","HAEC","Blood","Coronary artery disease","38133"
"Sample_0106","Other","HAEC","Blood","Coronary artery disease","54883"
"Sample_0107","Other","HAEC","Blood","Coronary artery disease","41134"
"Sample_0108","Other","HAEC","Blood","Coronary artery disease","42349"
"Sample_0109","Other","HAEC","Blood","Coronary artery disease","28762"
"Sample_0110","Other","HAEC","Blood","Coronary artery disease","22686"
"Sample_0111","Other","HAEC","Blood","Coronary artery disease","38213"
"Sample_0112","Other","HAEC","Blood","Coronary artery disease","35342"
"Sample_0113","Other","HAEC","Blood","Coronary artery disease","40677"
"Sample_0114","Other","HAEC","Blood","Coronary artery disease","34188"
"Sample_0115","Stem Cell","ASCs","Adipose","Normal","69663"
"Sample_0116","Stem Cell","ASCs","Adipose","Normal","57436"
"Sample_0117","Stem Cell","ASCs","Adipose","Normal","64614"
"Sample_0118","Stem Cell","ASCs","Adipose","Normal","39413"
"Sample_0119","Stem Cell","ASCs","Adipose","Normal","81066"
"Sample_0120","Stem Cell","ASCs","Adipose","Normal","51148"
"Sample_0121","Stem Cell","ASCs","Adipose","Normal","40953"
"Sample_0122","Stem Cell","ASCs","Adipose","Normal","62068"
"Sample_0123","Stem Cell","ASCs","Adipose","Normal","41378"
"Sample_0124","Stem Cell","ASCs","Adipose","Normal","52891"
"Sample_0125","Stem Cell","ASCs","Adipose","Normal","61294"
"Sample_0126","Stem Cell","ASCs","Adipose","Normal","57908"
"Sample_0127","Primary Cell","Fibroblast","Skin","Normal","30073"
"Sample_0128","Cell Line","GM12878","Blood","Normal","18445"
"Sample_0129","Cell Line","GM12878","Blood","Normal","16954"
"Sample_0130","Cell Line","GM12878","Blood","Normal","16322"
"Sample_0131","Cell Line","GM12878","Blood","Normal","13729"
"Sample_0132","Cell Line","HESC","Embryo","Normal","58745"
"Sample_0133","Cell Line","HESC","Embryo","Normal","49216"
"Sample_0134","Induced pluripotent stem cell line","WT hiPSC#1","Neuron","Branchio-Oculo-Facial Syndrome (BOFS)","34817"
"Sample_0135","Induced pluripotent stem cell line","WT hiPSC#1","Neuron","Branchio-Oculo-Facial Syndrome (BOFS)","26714"
"Sample_0136","Induced pluripotent stem cell line","WT hiPSC#1","Neuron","Branchio-Oculo-Facial Syndrome (BOFS)","945"
"Sample_0137","Stem Cell","Glioblastoma stem cell","Brain","Glioblastoma","60471"
"Sample_0138","Stem Cell","Glioblastoma stem cell","Brain","Glioblastoma","53462"
"Sample_0139","Stem Cell","Glioblastoma stem cell","Brain","Glioblastoma","47772"
"Sample_0140","Stem Cell","Glioblastoma stem cell","Brain","Glioblastoma","47166"
"Sample_0141","Stem Cell","Glioblastoma stem cell","Brain","Glioblastoma","38396"
"Sample_0142","Stem Cell","Glioblastoma stem cell","Brain","Glioblastoma","38529"
"Sample_0143","Cell Line","Fibroblast","Skin","Normal","84904"
"Sample_0144","Cell Line","Fibroblast","Skin","Normal","39119"
"Sample_0145","Cell Line","Fibroblast","Skin","Normal","103573"
"Sample_0146","Cell Line","Fibroblast","Skin","CAID Syndrome","78047"
"Sample_0147","Cell Line","Fibroblast","Skin","CAID Syndrome","65917"
"Sample_0148","Cell Line","Fibroblast","Skin","CAID Syndrome","87939"
"Sample_0149","Cell Line","Fibroblast","Skin","CAID Syndrome","64099"
"Sample_0150","Cell Line","Fibroblast","Skin","CAID Syndrome","89613"
"Sample_0151","Cell Line","Fibroblast","Skin","CAID Syndrome","94363"
"Sample_0152","Cell Line","YB5","Colon","Colon cancer","8377"
"Sample_0153","Cell Line","YB5","Colon","Colon cancer","6884"
"Sample_0154","Cell Line","YB5","Colon","Colon cancer","6534"
"Sample_0155","Cell Line","YB5","Colon","Colon cancer","2474"
"Sample_0156","Cell Line","YB5","Colon","Colon cancer","1959"
"Sample_0157","Cell Line","YB5","Colon","Colon cancer","2141"
"Sample_0158","Cell Line","HeLa","Cervix","Cervix adenocarcinoma","15123"
"Sample_0159","Cell Line","HeLa","Cervix","Cervix adenocarcinoma","14150"
"Sample_0160","Cell Line","HeLa","Cervix","Cervix adenocarcinoma","19268"
"Sample_0161","Cell Line","HeLa","Cervix","Cervix adenocarcinoma","20007"
"Sample_0162","Cell Line","HeLa","Cervix","Cervix adenocarcinoma","15596"
"Sample_0163","Cell Line","HeLa","Cervix","Cervix adenocarcinoma","10036"
"Sample_0164","Cell Line","HeLa","Cervix","Cervix adenocarcinoma","20862"
"Sample_0165","Cell Line","HeLa","Cervix","Cervix adenocarcinoma","25017"
"Sample_0166","Tissue","Catilage","Catilage","Normal","45430"
"Sample_0167","Tissue","Testicle","Testicle","Normal","10246"
"Sample_0168","Tissue","Testicle","Testicle","Normal","11725"
"Sample_0169","Tissue","Prostate","Epithelial","Normal","16164"
"Sample_0170","Tissue","Prostate","Epithelial","Normal","14424"
"Sample_0171","Tissue","Prostate","Epithelial","Normal","24500"
"Sample_0172","Tissue","Lung","Epithelial","Normal","29214"
"Sample_0173","Tissue","Lung","Epithelial","Normal","2789"
"Sample_0174","Tissue","Lung","Epithelial","Normal","23107"
"Sample_0175","Tissue","Prostate","Epithelial","Other","8004"
"Sample_0176","Tissue","Prostate","Epithelial","Other","9151"
"Sample_0177","Tissue","Prostate","Epithelial","Other","18521"
"Sample_0178","Tissue","Prostate","Epithelial","Other","18180"
"Sample_0179","Tissue","Lung","Epithelial","Other","18278"
"Sample_0180","Tissue","Lung","Epithelial","Other","11679"
"Sample_0181","Tissue","Lung","Epithelial","Other","9219"
"Sample_0182","Tissue","Lung","Epithelial","Other","16759"
"Sample_0183","Tissue","Lung","Epithelial","Other","19237"
"Sample_0184","Tissue","Prostate","Epithelial","Prostate cancer","13819"
"Sample_0185","Tissue","Prostate","Epithelial","Prostate cancer","61088"
"Sample_0186","Tissue","Prostate","Epithelial","Prostate cancer","9803"
"Sample_0187","Tissue","Prostate","Epithelial","Prostate cancer","22067"
"Sample_0188","Tissue","Prostate","Epithelial","Prostate cancer","8726"
"Sample_0189","Tissue","Prostate","Epithelial","Prostate cancer","14983"
"Sample_0190","Tissue","Prostate","Epithelial","Prostate cancer","10805"
"Sample_0191","Tissue","Prostate","Epithelial","Prostate cancer","14510"
"Sample_0192","Tissue","Prostate","Epithelial","Prostate cancer","18184"
"Sample_0193","Tissue","Prostate","Epithelial","Prostate cancer","19326"
"Sample_0194","Tissue","Prostate","Epithelial","Prostate cancer","7869"
"Sample_0195","Tissue","Lung","Epithelial","Lung cancer","29067"
"Sample_0196","Tissue","Lung","Epithelial","Lung cancer","24432"
"Sample_0197","Tissue","Lung","Epithelial","Lung cancer","24968"
"Sample_0198","Tissue","Lung","Epithelial","Lung cancer","40099"
"Sample_0199","Other","Bulk_B","Blood","Normal","43470"
"Sample_0200","Other","Bulk_B","Blood","Normal","51747"
"Sample_0201","Other","Mem_B","Blood","Normal","46151"
"Sample_0202","Other","Mem_B","Blood","Normal","47805"
"Sample_0203","Other","Naive_B","Blood","Normal","42238"
"Sample_0204","Other","Naive_B","Blood","Normal","49971"
"Sample_0205","Other","Plasmablast","Blood","Normal","44012"
"Sample_0206","Other","CD8pos_T","Blood","Normal","42890"
"Sample_0207","Other","CD8pos_T","Blood","Normal","58592"
"Sample_0208","Other","Central_memory_CD8pos_T","Blood","Normal","49046"
"Sample_0209","Other","Central_memory_CD8pos_T","Blood","Normal","60809"
"Sample_0210","Other","Effector_memory_CD8pos_T","Blood","Normal","45711"
"Sample_0211","Other","Effector_memory_CD8pos_T","Blood","Normal","47229"
"Sample_0212","Other","Naive_CD8_T","Blood","Normal","35081"
"Sample_0213","Other","Naive_CD8_T","Blood","Normal","55448"
"Sample_0214","Other","Gamma_delta_T","Blood","Normal","40886"
"Sample_0215","Other","Effector_CD4pos_T","Blood","Normal","41936"
"Sample_0216","Other","Effector_CD4pos_T","Blood","Normal","61012"
"Sample_0217","Other","Follicular_T_Helper","Blood","Normal","49293"
"Sample_0218","Other","Follicular_T_Helper","Blood","Normal","86674"
"Sample_0219","Other","Memory_Teffs","Blood","Normal","39295"
"Sample_0220","Other","Memory_Teffs","Blood","Normal","62666"
"Sample_0221","Other","Memory_Tregs","Blood","Normal","33123"
"Sample_0222","Other","Memory_Tregs","Blood","Normal","45399"
"Sample_0223","Other","Naive_Teffs","Blood","Normal","32036"
"Sample_0224","Other","Naive_Teffs","Blood","Normal","55569"
"Sample_0225","Other","Regulatory_T","Blood","Normal","30536"
"Sample_0226","Other","Regulatory_T","Blood","Normal","31101"
"Sample_0227","Other","Th1","Blood","Normal","41270"
"Sample_0228","Other","Th1","Blood","Normal","63319"
"Sample_0229","Other","Th17","Blood","Normal","46037"
"Sample_0230","Other","Th17","Blood","Normal","67676"
"Sample_0231","Other","Th2","Blood","Normal","44737"
"Sample_0232","Other","Th2","Blood","Normal","68402"
"Sample_0233","Other","Immature_NK","Blood","Normal","41297"
"Sample_0234","Other","Natural Killer Cell","Blood","Normal","44104"
"Sample_0235","Other","Natural Killer Cell","Blood","Normal","42289"
"Sample_0236","Other","Natural Killer Cell","Blood","Normal","35331"
"Sample_0237","Other","Monocytes","Blood","Normal","43361"
"Sample_0238","Other","Monocytes","Blood","Normal","38564"
"Sample_0239","Other","Plasmacytoid dendritic cell","Blood","Normal","83223"
"Sample_0240","Other","Plasmacytoid dendritic cell","Blood","Normal","42970"
"Sample_0241","Other","pDCs","Blood","Normal","16211"
"Sample_0242","Other","Bulk_B","Blood","Normal","51385"
"Sample_0243","Other","Bulk_B","Blood","Normal","15623"
"Sample_0244","Other","Mem_B","Blood","Normal","58578"
"Sample_0245","Other","Mem_B","Blood","Normal","28840"
"Sample_0246","Other","Naive_B","Blood","Normal","51169"
"Sample_0247","Other","Naive_B","Blood","Normal","38093"
"Sample_0248","Other","Plasmablast","Blood","Normal","38009"
"Sample_0249","Other","CD8pos_T","Blood","Normal","19808"
"Sample_0250","Other","Central_memory_CD8pos_T","Blood","Normal","55905"
"Sample_0251","Other","Central_memory_CD8pos_T","Blood","Normal","45177"
"Sample_0252","Other","Effector_memory_CD8pos_T","Blood","Normal","51720"
"Sample_0253","Other","Effector_memory_CD8pos_T","Blood","Normal","24529"
"Sample_0254","Other","Naive_CD8_T","Blood","Normal","25996"
"Sample_0255","Other","Naive_CD8_T","Blood","Normal","27362"
"Sample_0256","Other","Gamma_delta_T","Blood","Normal","38580"
"Sample_0257","Other","Gamma_delta_T","Blood","Normal","25905"
"Sample_0258","Other","Effector_CD4pos_T","Blood","Normal","64842"
"Sample_0259","Other","Effector_CD4pos_T","Blood","Normal","28703"
"Sample_0260","Other","Follicular_T_Helper","Blood","Normal","60227"
"Sample_0261","Other","Follicular_T_Helper","Blood","Normal","25336"
"Sample_0262","Other","Memory_Teff","Blood","Normal","61663"
"Sample_0263","Other","Memory_Teff","Blood","Normal","11223"
"Sample_0264","Other","Memory_Tregs","Blood","Normal","41499"
"Sample_0265","Other","Memory_Tregs","Blood","Normal","12060"
"Sample_0266","Other","Naive_Teffs","Blood","Normal","50343"
"Sample_0267","Other","Naive_Teffs","Blood","Normal","13500"
"Sample_0268","Other","Regulatory_T","Blood","Normal","40754"
"Sample_0269","Other","Regulatory_T","Blood","Normal","34613"
"Sample_0270","Other","Th17","Blood","Normal","61287"
"Sample_0271","Other","Th17","Blood","Normal","38294"
"Sample_0272","Other","Th17","Blood","Normal","64668"
"Sample_0273","Other","Th17","Blood","Normal","21152"
"Sample_0274","Other","Th2","Blood","Normal","68355"
"Sample_0275","Other","Th2","Blood","Normal","45602"
"Sample_0276","Other","Immature_NK","Blood","Normal","31375"
"Sample_0277","Other","Mature_NK","Blood","Normal","16237"
"Sample_0278","Other","Memory_NK","Blood","Normal","20030"
"Sample_0279","Other","Myeloid_DCs","Blood","Normal","18023"
"Sample_0280","Other","Plasmacytoid dendritic cell","Blood","Normal","67972"
"Sample_0281","Other","pDCs","Blood","Normal","35873"
"Sample_0282","Other","Bulk_B","Blood","Normal","41851"
"Sample_0283","Other","Bulk_B","Blood","Normal","41949"
"Sample_0284","Other","Mem_B","Blood","Normal","52703"
"Sample_0285","Other","Mem_B","Blood","Normal","40643"
"Sample_0286","Other","Naive_B","Blood","Normal","45950"
"Sample_0287","Other","Naive_B","Blood","Normal","31742"
"Sample_0288","Other","CD8pos_T","Blood","Normal","59393"
"Sample_0289","Other","CD8pos_T","Blood","Normal","33766"
"Sample_0290","Other","Central_memory_CD8pos_T","Blood","Normal","56753"
"Sample_0291","Other","Central_memory_CD8pos_T","Blood","Normal","42352"
"Sample_0292","Other","Effector_memory_CD8pos_T","Blood","Normal","56601"
"Sample_0293","Other","Effector_memory_CD8pos_T","Blood","Normal","24639"
"Sample_0294","Other","Naive_CD8_T","Blood","Normal","56822"
"Sample_0295","Other","Naive_CD8_T","Blood","Normal","38697"
"Sample_0296","Other","Gamma_delta_T","Blood","Normal","52688"
"Sample_0297","Other","Gamma_delta_T","Blood","Normal","35305"
"Sample_0298","Other","Effector_CD4pos_T","Blood","Normal","38204"
"Sample_0299","Other","Effector_CD4pos_T","Blood","Normal","36012"
"Sample_0300","Other","Follicular_T_Helper","Blood","Normal","52215"
"Sample_0301","Other","Follicular_T_Helper","Blood","Normal","42064"
"Sample_0302","Other","Memory_Teffs","Blood","Normal","52511"
"Sample_0303","Other","Memory_Teffs","Blood","Normal","37806"
"Sample_0304","Other","Memory_Tregs","Blood","Normal","45969"
"Sample_0305","Other","Naive_Teffs","Blood","Normal","40786"
"Sample_0306","Other","Naive_Teffs","Blood","Normal","41098"
"Sample_0307","Other","Regulatory_T","Blood","Normal","34394"
"Sample_0308","Other","Regulatory_T","Blood","Normal","47116"
"Sample_0309","Other","Th1","Blood","Normal","39083"
"Sample_0310","Other","Th1","Blood","Normal","58022"
"Sample_0311","Other","Th17","Blood","Normal","57384"
"Sample_0312","Other","Th2","Blood","Normal","40017"
"Sample_0313","Other","Th2","Blood","Normal","43653"
"Sample_0314","Other","Immature_NK","Blood","Normal","28756"
"Sample_0315","Other","Mature_NK","Blood","Normal","36935"
"Sample_0316","Other","Mature_NK","Blood","Normal","29050"
"Sample_0317","Other","Monocytes","Blood","Normal","23677"
"Sample_0318","Other","Monocytes","Blood","Normal","18360"
"Sample_0319","Other","Bulk_B","Blood","Normal","33119"
"Sample_0320","Other","Mem_B","Blood","Normal","24433"
"Sample_0321","Other","Naive_B","Blood","Normal","26360"
"Sample_0322","Other","CD8pos_T","Blood","Normal","31861"
"Sample_0323","Other","Central_memory_CD8pos_T","Blood","Normal","35005"
"Sample_0324","Other","Central_memory_CD8pos_T","Blood","Normal","29191"
"Sample_0325","Other","Effector_memory_CD8pos_T","Blood","Normal","41803"
"Sample_0326","Other","Effector_memory_CD8pos_T","Blood","Normal","39113"
"Sample_0327","Other","Naive_CD8_T","Blood","Normal","24925"
"Sample_0328","Other","Naive_CD8_T","Blood","Normal","35188"
"Sample_0329","Other","Gamma_delta_T","Blood","Normal","35384"
"Sample_0330","Other","Gamma_delta_T","Blood","Normal","39434"
"Sample_0331","Other","Effector_CD4pos_T","Blood","Normal","30408"
"Sample_0332","Other","Follicular_T_Helper","Blood","Normal","17609"
"Sample_0333","Other","Follicular_T_Helper","Blood","Normal","41428"
"Sample_0334","Other","Memory_Teffs","Blood","Normal","32359"
"Sample_0335","Other","Memory_Teffs","Blood","Normal","45791"
"Sample_0336","Other","Memory_Tregs","Blood","Normal","24820"
"Sample_0337","Other","Memory_Tregs","Blood","Normal","35966"
"Sample_0338","Other","Naive_Teffs","Blood","Normal","26619"
"Sample_0339","Other","Naive_Teffs","Blood","Normal","39738"
"Sample_0340","Other","Naive_Tregs","Blood","Normal","21397"
"Sample_0341","Other","Naive_Tregs","Blood","Normal","39003"
"Sample_0342","Other","Regulatory_T","Blood","Normal","29088"
"Sample_0343","Other","Regulatory_T","Blood","Normal","32828"
"Sample_0344","Other","Th1","Blood","Normal","25819"
"Sample_0345","Other","Th1","Blood","Normal","45204"
"Sample_0346","Other","Th17","Blood","Normal","31586"
"Sample_0347","Other","Th17","Blood","Normal","39686"
"Sample_0348","Other","Th2","Blood","Normal","34667"
"Sample_0349","Other","Th2","Blood","Normal","42441"
"Sample_0350","Other","Immature_NK","Blood","Normal","31750"
"Sample_0351","Other","Mature_NK","Blood","Normal","29267"
"Sample_0352","Other","Mature_NK","Blood","Normal","27101"
"Sample_0353","Other","Naive_Tregs","Blood","Normal","17384"
"Sample_0354","Other","Immature_NK","Blood","Normal","23921"
"Sample_0355","Other","Mature_NK","Blood","Normal","18772"
"Sample_0356","Other","Mature_NK","Blood","Normal","22315"
"Sample_0357","Other","Memory_NK","Blood","Normal","33116"
"Sample_0358","Other","Monocytes","Blood","Normal","23459"
"Sample_0359","Other","Plasmacytoid dendritic cell","Blood","Normal","20779"
"Sample_0360","Other","Follicular_T_Helper","Blood","Normal","22639"
"Sample_0361","Other","Naive_Tregs","Blood","Normal","29323"
"Sample_0362","Other","Mature_NK","Blood","Normal","22646"
"Sample_0363","Other","Monocytes","Blood","Normal","27239"
"Sample_0364","Cell Line","T98G","Other","Glioblastoma","10447"
"Sample_0365","Cell Line","T98G","Other","Glioblastoma","12350"
"Sample_0366","Cell Line","T98G","Other","Glioblastoma","16731"
"Sample_0367","Cell Line","T98G","Other","Glioblastoma","12615"
"Sample_0368","Cell Line","T98G","Other","Glioblastoma","14229"
"Sample_0369","Cell Line","T98G","Other","Glioblastoma","11664"
"Sample_0370","Cell Line","T98G","Other","Glioblastoma","16719"
"Sample_0371","Cell Line","T98G","Other","Glioblastoma","18427"
"Sample_0372","Cell Line","T98G","Other","Glioblastoma","14588"
"Sample_0373","Other","Fibroblast","Other","Other","144365"
"Sample_0374","Other","Fibroblast","Other","Other","140225"
"Sample_0375","Other","Fibroblast","Other","Other","107900"
"Sample_0376","Other","Fibroblast","Other","Other","130405"
"Sample_0377","Other","Fibroblast","Other","Other","129959"
"Sample_0378","Other","Fibroblast","Other","Other","140887"
"Sample_0379","Cell Line","C15","Other","Normal","49127"
"Sample_0380","Cell Line","C15","Other","Normal","98557"
"Sample_0381","Cell Line","C15","Other","Normal","75545"
"Sample_0382","Cell Line","H1","Embryo","Normal","98147"
"Sample_0383","Cell Line","H1","Embryo","Normal","67209"
"Sample_0384","Cell Line","H1","Embryo","Normal","102712"
"Sample_0385","Cell Line","L-C-B","Other","Melanoma","100021"
"Sample_0386","Cell Line","SIRT6.2-7","Other","Melanoma","96841"
"Sample_0387","Cell Line","SIRT6.1-1","Other","Melanoma","98705"
"Sample_0388","Cell Line","U2OS","Bone","Osteosarcoma","1074"
"Sample_0389","Cell Line","U2OS","Bone","Osteosarcoma","6960"
"Sample_0390","Cell Line","U2OS","Bone","Osteosarcoma","8377"
"Sample_0391","Cell Line","U2OS","Bone","Osteosarcoma","6685"
"Sample_0392","Cell Line","U2OS","Bone","Osteosarcoma","8582"
"Sample_0393","Tissue","Adipose","Adipose","Normal","76441"
"Sample_0394","Tissue","Adipose","Adipose","Normal","65785"
"Sample_0395","Tissue","Adipose","Adipose","Normal","65953"
"Sample_0396","Tissue","Adipose","Adipose","Normal","79923"
"Sample_0397","Tissue","Adipose","Adipose","Normal","85112"
"Sample_0398","Tissue","Adipose","Adipose","Normal","75744"
"Sample_0399","Tissue","Adipose","Adipose","Normal","83389"
"Sample_0400","Tissue","Adipose","Adipose","Normal","64998"
"Sample_0401","Cell Line","1346","Coronary artery smooth muscle","Coronary artery disease","120272"
"Sample_0402","Cell Line","1522","Coronary artery smooth muscle","Coronary artery disease","63246"
"Sample_0403","Cell Line","200212","Coronary artery smooth muscle","Coronary artery disease","90752"
"Sample_0404","Cell Line","2356","Coronary artery smooth muscle","Coronary artery disease","7324"
"Sample_0405","Cell Line","2510","Coronary artery smooth muscle","Coronary artery disease","123746"
"Sample_0406","Cell Line","2989","Coronary artery smooth muscle","Coronary artery disease","34601"
"Sample_0407","Cell Line","T47D","Mammary Gland","Breast cancer","5086"
"Sample_0408","Cell Line","T47D","Mammary Gland","Breast cancer","4636"
"Sample_0409","Cell Line","T47D","Mammary Gland","Breast cancer","10865"
"Sample_0410","Cell Line","T47D","Mammary Gland","Breast cancer","12625"
"Sample_0411","Cell Line","HAP1","Other","Leukemia","10376"
"Sample_0412","Cell Line","HAP1","Other","Leukemia","16996"
"Sample_0413","Cell Line","HAP1","Other","Leukemia","12623"
"Sample_0414","Cell Line","HAP1","Other","Leukemia","22770"
"Sample_0415","Cell Line","HAP1","Other","Leukemia","15432"
"Sample_0416","Cell Line","HAP1","Other","Leukemia","19786"
"Sample_0417","Cell Line","HAP1","Other","Leukemia","14665"
"Sample_0418","Cell Line","HAP1","Other","Leukemia","24550"
"Sample_0419","Cell Line","HAP1","Other","Leukemia","22284"
"Sample_0420","Cell Line","HAP1","Other","Leukemia","1934"
"Sample_0421","Cell Line","HAP1","Other","Leukemia","1950"
"Sample_0422","Cell Line","HAP1","Other","Leukemia","2859"
"Sample_0423","Stem Cell","HESC","Embryo","Normal","23176"
"Sample_0424","Stem Cell","HESC","Embryo","Normal","17874"
"Sample_0425","Stem Cell","HESC","Embryo","Normal","39152"
"Sample_0426","Stem Cell","HESC","Embryo","Normal","33136"
"Sample_0427","Stem Cell","HESC","Embryo","Normal","76776"
"Sample_0428","Stem Cell","HESC","Embryo","Normal","99049"
"Sample_0429","Stem Cell","HESC","Embryo","Normal","3940"
"Sample_0430","Stem Cell","HESC","Embryo","Normal","13122"
"Sample_0431","Cell Line","G-13063","Glioblastoma","Glioblastoma","29006"
"Sample_0432","Cell Line","G-13063","Glioblastoma","Glioblastoma","28954"
"Sample_0433","Cell Line","U2OS","Bone","Osteosarcoma","12323"
"Sample_0434","Cell Line","U2OS","Bone","Osteosarcoma","31433"
"Sample_0435","Cell Line","U2OS","Bone","Osteosarcoma","17271"
"Sample_0436","Cell Line","U2OS","Bone","Osteosarcoma","33567"
"Sample_0437","Cell Line","U2OS","Bone","Osteosarcoma","2303"
"Sample_0438","Cell Line","U2OS","Bone","Osteosarcoma","2939"
"Sample_0439","Cell Line","U2OS","Bone","Osteosarcoma","3459"
"Sample_0440","Cell Line","U2OS","Bone","Osteosarcoma","1987"
"Sample_0441","Cell Line","U2OS","Bone","Osteosarcoma","3817"
"Sample_0442","Cell Line","U2OS","Bone","Osteosarcoma","1405"
"Sample_0443","Cell Line","U2OS","Bone","Osteosarcoma","2236"
"Sample_0444","Cell Line","U2OS","Bone","Osteosarcoma","4111"
"Sample_0445","Cell Line","U2OS","Bone","Osteosarcoma","1905"
"Sample_0446","Cell Line","U2OS","Bone","Osteosarcoma","2771"
"Sample_0447","Primary Cell","Monocyte","Blood","Normal","31513"
"Sample_0448","Tissue","MA9 leukemia xenograft","MA9 leukemia xenograft","Leukemia","10461"
"Sample_0449","Tissue","MA9 leukemia xenograft","MA9 leukemia xenograft","Leukemia","24561"
"Sample_0450","Other","anterior cingulate cortex","Brain","Other","29467"
"Sample_0451","Other","dorsolateral prefrontal cortex","Brain","Other","38200"
"Sample_0452","Other","insula","Brain","Other","20716"
"Sample_0453","Other","inferior temporal cortex","Brain","Other","27746"
"Sample_0454","Other","medial orbitofrontal cortex","Brain","Other","34863"
"Sample_0455","Other","primary visual cortex","Brain","Other","16341"
"Sample_0456","Other","posterior superior temporal cortex","Brain","Other","15519"
"Sample_0457","Other","ventrolateral prefrontal cortex","Brain","Other","23123"
"Sample_0458","Other","dorsolateral prefrontal cortex","Brain","Other","58443"
"Sample_0459","Other","insula","Brain","Other","38876"
"Sample_0460","Other","medial orbitofrontal cortex","Brain","Other","64948"
"Sample_0461","Other","putamen","Brain","Other","63386"
"Sample_0462","Other","primary visual cortex","Brain","Other","51847"
"Sample_0463","Other","posterior superior temporal cortex","Brain","Other","49333"
"Sample_0464","Other","basal amygdala","Brain","Other","20054"
"Sample_0465","Other","dorsolateral prefrontal cortex","Brain","Other","20564"
"Sample_0466","Other","hippocampus","Brain","Other","23053"
"Sample_0467","Other","insula","Brain","Other","25797"
"Sample_0468","Other","inferior temporal cortex","Brain","Other","20763"
"Sample_0469","Other","mediodorsal thalamus","Brain","Other","20351"
"Sample_0470","Other","nucleus accumbens","Brain","Other","21282"
"Sample_0471","Other","medial orbitofrontal cortex","Brain","Other","32170"
"Sample_0472","Other","primary motor cortex","Brain","Other","14730"
"Sample_0473","Other","putamen","Brain","Other","27790"
"Sample_0474","Other","posterior superior temporal cortex","Brain","Other","21076"
"Sample_0475","Other","ventrolateral prefrontal cortex","Brain","Other","19893"
"Sample_0476","Other","anterior cingulate cortex","Brain","Other","17020"
"Sample_0477","Other","dorsolateral prefrontal cortex","Brain","Other","36682"
"Sample_0478","Other","hippocampus","Brain","Other","26481"
"Sample_0479","Other","insula","Brain","Other","70417"
"Sample_0480","Other","inferior temporal cortex","Brain","Other","6621"
"Sample_0481","Other","mediodorsal thalamus","Brain","Other","26530"
"Sample_0482","Other","nucleus accumbens","Brain","Other","60630"
"Sample_0483","Other","medial orbitofrontal cortex","Brain","Other","18153"
"Sample_0484","Other","putamen","Brain","Other","71933"
"Sample_0485","Other","primary visual cortex","Brain","Other","25578"
"Sample_0486","Other","posterior superior temporal cortex","Brain","Other","26327"
"Sample_0487","Other","ventrolateral prefrontal cortex","Brain","Other","59572"
"Sample_0488","Other","anterior cingulate cortex","Brain","Other","26978"
"Sample_0489","Other","dorsolateral prefrontal cortex","Brain","Other","40324"
"Sample_0490","Other","hippocampus","Brain","Other","38116"
"Sample_0491","Other","insula","Brain","Other","31693"
"Sample_0492","Other","inferior temporal cortex","Brain","Other","19619"
"Sample_0493","Other","medial orbitofrontal cortex","Brain","Other","37017"
"Sample_0494","Other","putamen","Brain","Other","44318"
"Sample_0495","Other","primary visual cortex","Brain","Other","18270"
"Sample_0496","Other","posterior superior temporal cortex","Brain","Other","10776"
"Sample_0497","Other","ventrolateral prefrontal cortex","Brain","Other","37006"
"Sample_0498","Other","anterior cingulate cortex","Brain","Other","48269"
"Sample_0499","Other","dorsolateral prefrontal cortex","Brain","Other","59524"
"Sample_0500","Other","hippocampus","Brain","Other","37188"
"Sample_0501","Other","insula","Brain","Other","30365"
"Sample_0502","Other","inferior temporal cortex","Brain","Other","35219"
"Sample_0503","Other","medial orbitofrontal cortex","Brain","Other","29850"
"Sample_0504","Other","primary motor cortex","Brain","Other","65374"
"Sample_0505","Other","posterior superior temporal cortex","Brain","Other","25793"
"Sample_0506","Other","ventrolateral prefrontal cortex","Brain","Other","51108"
"Sample_0507","Other","anterior cingulate cortex","Brain","Other","30850"
"Sample_0508","Other","dorsolateral prefrontal cortex","Brain","Other","18195"
"Sample_0509","Other","insula","Brain","Other","16562"
"Sample_0510","Other","inferior temporal cortex","Brain","Other","18566"
"Sample_0511","Other","mediodorsal thalamus","Brain","Other","45517"
"Sample_0512","Other","primary motor cortex","Brain","Other","62818"
"Sample_0513","Other","primary visual cortex","Brain","Other","20579"
"Sample_0514","Other","ventrolateral prefrontal cortex","Brain","Other","52110"
"Sample_0515","Other","anterior cingulate cortex","Brain","Other","33691"
"Sample_0516","Other","basal amygdala","Brain","Other","23553"
"Sample_0517","Other","dorsolateral prefrontal cortex","Brain","Other","15292"
"Sample_0518","Other","hippocampus","Brain","Other","22374"
"Sample_0519","Other","insula","Brain","Other","6977"
"Sample_0520","Other","inferior temporal cortex","Brain","Other","25756"
"Sample_0521","Other","mediodorsal thalamus","Brain","Other","22960"
"Sample_0522","Other","medial orbitofrontal cortex","Brain","Other","15135"
"Sample_0523","Other","primary motor cortex","Brain","Other","13808"
"Sample_0524","Other","putamen","Brain","Other","28834"
"Sample_0525","Other","primary visual cortex","Brain","Other","19920"
"Sample_0526","Other","posterior superior temporal cortex","Brain","Other","19981"
"Sample_0527","Other","ventrolateral prefrontal cortex","Brain","Other","8080"
"Sample_0528","Other","anterior cingulate cortex","Brain","Other","24803"
"Sample_0529","Other","basal amygdala","Brain","Other","43906"
"Sample_0530","Other","dorsolateral prefrontal cortex","Brain","Other","25534"
"Sample_0531","Other","hippocampus","Brain","Other","69414"
"Sample_0532","Other","insula","Brain","Other","24343"
"Sample_0533","Other","inferior temporal cortex","Brain","Other","27190"
"Sample_0534","Other","mediodorsal thalamus","Brain","Other","69944"
"Sample_0535","Other","medial orbitofrontal cortex","Brain","Other","41994"
"Sample_0536","Other","primary motor cortex","Brain","Other","27019"
"Sample_0537","Other","putamen","Brain","Other","68327"
"Sample_0538","Other","primary visual cortex","Brain","Other","20979"
"Sample_0539","Other","posterior superior temporal cortex","Brain","Other","39136"
"Sample_0540","Other","ventrolateral prefrontal cortex","Brain","Other","40479"
"Sample_0541","Cell Line","MCF7","Mammary Gland","Breast cancer","6"
"Sample_0542","Cell Line","IMR90","Lung","Normal","68235"
"Sample_0543","Cell Line","Jurkat","Blood","Leukemia","23687"
"Sample_0544","Cell Line","U937","Blood","Leukemia","55734"
"Sample_0545","Cell Line","MCF7","Mammary Gland","Breast cancer","353"
"Sample_0546","Cell Line","MCF7","Mammary Gland","Breast cancer","579"
"Sample_0547","Cell Line","MCF7","Mammary Gland","Breast cancer","272"
"Sample_0548","Cell Line","MCF7","Mammary Gland","Breast cancer","380"
"Sample_0549","Cell Line","MCF7","Mammary Gland","Breast cancer","235"
"Sample_0550","Cell Line","MCF7","Mammary Gland","Breast cancer","40244"
"Sample_0551","Cell Line","MCF7","Mammary Gland","Breast cancer","10971"
"Sample_0552","Cell Line","HeLa","Other","Other","48573"
"Sample_0553","Cell Line","HeLa","Other","Other","47511"
"Sample_0554","Cell Line","MDA-MB-231","Mammary Gland","Breast cancer","10398"
"Sample_0555","Cell Line","MDA-MB-231","Mammary Gland","Breast cancer","9657"
"Sample_0556","Cell Line","MDA-MB-231","Mammary Gland","Breast cancer","18522"
"Sample_0557","Cell Line","MDA-MB-231","Mammary Gland","Breast cancer","28902"
"Sample_0558","Cell Line","MDA-MB-231","Mammary Gland","Breast cancer","9189"
"Sample_0559","Cell Line","MDA-MB-231","Mammary Gland","Breast cancer","14487"
"Sample_0560","Cell Line","MCF7","Mammary Gland","Breast cancer","24707"
"Sample_0561","Cell Line","MCF7","Mammary Gland","Breast cancer","19694"
"Sample_0562","Cell Line","HCT116","Colon","Colorectal carcinoma","13618"
"Sample_0563","Cell Line","Aska","Other","Sarcoma","14920"
"Sample_0564","Cell Line","Aska","Other","Sarcoma","17883"
"Sample_0565","Cell Line","Aska","Other","Sarcoma","37609"
"Sample_0566","Cell Line","Aska","Other","Sarcoma","34123"
"Sample_0567","Cell Line","Aska","Other","Sarcoma","13409"
"Sample_0568","Cell Line","Aska","Other","Sarcoma","10617"
"Sample_0569","Cell Line","Aska","Other","Sarcoma","11147"
"Sample_0570","Cell Line","Aska","Other","Sarcoma","14649"
"Sample_0571","Cell Line","CRL7250","Other","Normal","98241"
"Sample_0572","Cell Line","CRL7250","Other","Normal","55602"
"Sample_0573","Cell Line","LN95","Prostate","Prostate cancer","69354"
"Sample_0574","Cell Line","T47D","Mammary Gland","Breast cancer","9533"
"Sample_0575","Cell Line","T47D","Mammary Gland","Breast cancer","5124"
"Sample_0576","Cell Line","T47D","Mammary Gland","Breast cancer","6238"
"Sample_0577","Cell Line","T47D","Mammary Gland","Breast cancer","7938"
"Sample_0578","Primary Cell","Natural Killer Cell","Peripheral blood","Normal","26010"
"Sample_0579","Primary Cell","Natural Killer cell","Peripheral blood","Normal","9781"
"Sample_0580","Cell Line","BE2C","Brain","Neuroblastoma","19897"
"Sample_0581","Cell Line","Kelly","Neuron","Neuroblastoma","9583"
"Sample_0582","Cell Line","GIST-T1","Gastrointestinal stromal","Gastrointestinal stromal tumor","41720"
"Sample_0583","Cell Line","GIST-48B","Gastrointestinal stromal","Gastrointestinal stromal tumor","44120"
"Sample_0584","Cell Line","MOLM13","Blood","Leukemia","42992"
"Sample_0585","Cell Line","MOLM13","Blood","Leukemia","45652"
"Sample_0586","Cell Line","MOLM13","Blood","Leukemia","30389"
"Sample_0587","Cell Line","MOLM13","Blood","Leukemia","31277"
"Sample_0588","Cell Line","HMLE","Other","Breast cancer","72701"
"Sample_0589","Cell Line","RWPE1","Prostate","Normal","10387"
"Sample_0590","Cell Line","RWPE1","Prostate","Normal","26574"
"Sample_0591","Cell Line","RWPE1","Prostate","Normal","19447"
"Sample_0592","Cell Line","RWPE1","Prostate","Normal","15780"
"Sample_0593","Cell Line","RWPE1","Prostate","Normal","21772"
"Sample_0594","Cell Line","RWPE1","Prostate","Normal","16788"
"Sample_0595","Cell Line","U2OS","Bone","Osteosarcoma","37868"
"Sample_0596","Cell Line","U2OS","Bone","Osteosarcoma","44656"
"Sample_0597","Cell Line","U2OS","Bone","Osteosarcoma","57115"
"Sample_0598","Cell Line","U2OS","Bone","Osteosarcoma","46581"
"Sample_0599","Cell Line","U2OS","Bone","Osteosarcoma","56553"
"Sample_0600","Stem Cell","Embryo","Embryo","Normal","13960"
"Sample_0601","Stem Cell","Embryo","Embryo","Normal","13574"
"Sample_0602","Stem Cell","Embryo","Embryo","Normal","25824"
"Sample_0603","Stem Cell","Embryo","Embryo","Normal","43277"
"Sample_0604","Stem Cell","Embryo","Embryo","Normal","31347"
"Sample_0605","Stem Cell","Embryo","Embryo","Normal","15398"
"Sample_0606","Stem Cell","Embryo","Embryo","Normal","37369"
"Sample_0607","Stem Cell","Embryo","Embryo","Normal","45272"
"Sample_0608","Stem Cell","Embryo","Embryo","Normal","34467"
"Sample_0609","Stem Cell","Embryo","Embryo","Normal","7601"
"Sample_0610","Stem Cell","Embryo","Embryo","Normal","11673"
"Sample_0611","Stem Cell","Embryo","Embryo","Normal","7398"
"Sample_0612","Stem Cell","Embryo","Embryo","Normal","8409"
"Sample_0613","Stem Cell","Embryo","Embryo","Normal","12204"
"Sample_0614","Cell Line","ME-1","Blood","Leukemia","29143"
"Sample_0615","Cell Line","ME-1","Blood","Leukemia","34854"
"Sample_0616","Cell Line","ME-1","Blood","Leukemia","38188"
"Sample_0617","Cell Line","ME-1","Blood","Leukemia","38874"
"Sample_0618","Primary Cell","pDC","Bone marrow","Normal","37629"
"Sample_0619","Primary Cell","UNK","Bone marrow","Normal","57180"
"Sample_0620","Primary Cell","Mega","Bone marrow","Normal","34448"
"Sample_0621","Primary Cell","Mega","Bone marrow","Normal","37730"
"Sample_0622","Primary Cell","pDC","Bone marrow","Normal","60318"
"Sample_0623","Primary Cell","UNK","Bone marrow","Normal","49820"
"Sample_0624","Primary Cell","pDC","Bone marrow","Normal","53308"
"Sample_0625","Primary Cell","GMP-B","Bone marrow","Normal","45902"
"Sample_0626","Primary Cell","GMP-C","Bone marrow","Normal","69117"
"Sample_0627","Primary Cell","pDC","Bone marrow","Normal","39309"
"Sample_0628","Primary Cell","UNK","Bone marrow","Normal","41631"
"Sample_0629","Stem Cell","Primed SSEA4+ UCLA1 hESCs","Embryo","Normal","34915"
"Sample_0630","Stem Cell","Primed SSEA4+ UCLA1 hESCs","Embryo","Normal","27940"
"Sample_0631","Stem Cell","Primed SSEA4+ UCLA1 hESCs","Embryo","Normal","30793"
"Sample_0632","Stem Cell","Primed SSEA4+ UCLA1 hESCs","Embryo","Normal","22461"
"Sample_0633","Stem Cell","SSEA4- 5iLAF cultured UCLA1 hESCs","Embryo","Normal","37061"
"Sample_0634","Stem Cell","SSEA4- 5iLAF cultured UCLA1 hESCs","Embryo","Normal","26725"
"Sample_0635","Stem Cell","SSEA4- 5iLAF cultured UCLA1 hESCs","Embryo","Normal","32166"
"Sample_0636","Stem Cell","SSEA4- 5iLAF cultured UCLA1 hESCs","Embryo","Normal","27132"
"Sample_0637","Stem Cell","Untransfected UCLA1 hESCs cultured for 5 days in 5iLAF","Embryo","Normal","37942"
"Sample_0638","Stem Cell","TFAP2C knockout line 1 UCLA hESCs cultured for 5 days","Embryo","Normal","30960"
"Sample_0639","Stem Cell","TFAP2C knockout line 2 UCLA hESCs cultured for 5 days","Embryo","Normal","21676"
"Sample_0640","Stem Cell","Eight day","Embryo","Normal","76041"
"Sample_0641","Stem Cell","V6.5 mESCs cultured in 2i+LIF conditions","Embryo","Normal","3513"
"Sample_0642","Stem Cell","V6.5 mESCs cultured in 2i+LIF conditions","Embryo","Normal","2178"
"Sample_0643","Stem Cell","EpiSC line from P. Tesar","Embryo","Normal","1616"
"Sample_0644","Stem Cell","EpiSC line from P. Tesar","Embryo","Normal","2961"
"Sample_0645","Stem Cell","TFAP2A/2C doubly deficient mESCs cultured for seven passages in 2i+LIF","Embryo","Normal","602"
"Sample_0646","Stem Cell","TFAP2A/2C doubly deficient mESCs cultured for seven passages in 2i+LIF","Embryo","Normal","474"
"Sample_0647","Stem Cell","Control transfected (twice) V6.5 mESCs cultured for seven passages in 2i+LIF media","Embryo","Normal","397"
"Sample_0648","Stem Cell","Control transfected (twice) V6.5 mESCs cultured for seven passages in 2i+LIF media","Embryo","Normal","368"
"Sample_0649","Stem Cell","Control transfected (twice) V6.5 mESCs cultured for eight passages in 2i+LIF media","Embryo","Normal","412"
"Sample_0650","Stem Cell","Control transfected (twice) V6.5 mESCs cultured for eight passages in 2i+LIF media","Embryo","Normal","352"
"Sample_0651","Stem Cell","hES-to-Pancreatic endoderm cell","Embryo","Normal","53482"
"Sample_0652","Stem Cell","hES-to-Pancreatic endoderm cell","Embryo","Normal","19740"
"Sample_0653","Stem Cell","hES-to-Pancreatic endoderm cell","Embryo","Normal","43807"
"Sample_0654","Cell Line","HESC","Embryo","Normal","104631"
"Sample_0655","Cell Line","HESC","Embryo","Normal","36226"
"Sample_0656","Cell Line","HESC","Embryo","Normal","19894"
"Sample_0657","Cell Line","HESC","Embryo","Normal","58065"
"Sample_0658","Cell Line","HESC","Embryo","Normal","39640"
"Sample_0659","Primary Cell","THP1 AML cell","Blood","Leukemia","19176"
"Sample_0660","Primary Cell","THP1 AML cell","Blood","Leukemia","26034"
"Sample_0661","Cell Line","OF4106","Brain","Other","39259"
"Sample_0662","Cell Line","OF4106","Brain","Other","36552"
"Sample_0663","Cell Line","OF4106","Brain","Other","41333"
"Sample_0664","Cell Line","OF4106","Brain","Other","32424"
"Sample_0665","Cell Line","OF4106","Brain","Other","31678"
"Sample_0666","Cell Line","OF4106","Brain","Other","38729"
"Sample_0667","Cell Line","Ishikawa","Other","Endometrial cancer","27480"
"Sample_0668","Cell Line","Ishikawa","Other","Endometrial cancer","10676"
"Sample_0669","Cell Line","Ishikawa","Other","Endometrial cancer","19192"
"Sample_0670","Cell Line","Ishikawa","Other","Endometrial cancer","2390"
"Sample_0671","Cell Line","HFF","Foreskin","Normal","43426"
"Sample_0672","Cell Line","HFF","Foreskin","Normal","39114"
"Sample_0673","Cell Line","HFF","Foreskin","Normal","49890"
"Sample_0674","Cell Line","HFF","Foreskin","Normal","52498"
"Sample_0675","Cell Line","HFF","Foreskin","Normal","27994"
"Sample_0676","Cell Line","HFF","Foreskin","Normal","38135"
"Sample_0677","Cell Line","HFF","Foreskin","Normal","29366"
"Sample_0678","Cell Line","HFF","Foreskin","Normal","32344"
"Sample_0679","Cell Line","HFF","Foreskin","Normal","41645"
"Sample_0680","Cell Line","HFF","Foreskin","Normal","53634"
"Sample_0681","Cell Line","HFF","Foreskin","Normal","51731"
"Sample_0682","Cell Line","HFF","Foreskin","Normal","57126"
"Sample_0683","Cell Line","HFF","Foreskin","Normal","64330"
"Sample_0684","Cell Line","HFF","Foreskin","Normal","76609"
"Sample_0685","Cell Line","HFF","Foreskin","Normal","83139"
"Sample_0686","Cell Line","HFF","Foreskin","Normal","78655"
"Sample_0687","Cell Line","HFF","Foreskin","Normal","82409"
"Sample_0688","Cell Line","HFF","Foreskin","Normal","86685"
"Sample_0689","Cell Line","HFF","Foreskin","Normal","68313"
"Sample_0690","Cell Line","HFF","Foreskin","Normal","76449"
"Sample_0691","Cell Line","HFF","Foreskin","Normal","97944"
"Sample_0692","Cell Line","HL-60","Blood","Leukemia","37682"
"Sample_0693","Cell Line","HL-60","Blood","Leukemia","20014"
"Sample_0694","Cell Line","HL-60","Blood","Leukemia","19306"
"Sample_0695","Cell Line","synovial sarcoma","Sarcomas","Human Synovial sarcoma","25496"
"Sample_0696","Cell Line","synovial sarcoma","Sarcomas","Human Synovial sarcoma","64714"
"Sample_0697","Cell Line","synovial sarcoma","Sarcomas","Human Synovial sarcoma","29483"
"Sample_0698","Other","Endometrial stromal cell","Other","Normal","55231"
"Sample_0699","Other","Endometrial stromal cell","Other","Normal","97689"
"Sample_0700","Other","Endometrial stromal cell","Other","Normal","98300"
"Sample_0701","Other","Endometrial stromal cell","Other","Normal","153811"
"Sample_0702","Other","Endometrial stromal cell","Other","Normal","115316"
"Sample_0703","Primary Cell","Natural Killer cell","Blood","Normal","17010"
"Sample_0704","Primary Cell","Natural Killer cell","Blood","Normal","17335"
"Sample_0705","Primary Cell","Natural Killer cell","Blood","Normal","25715"
"Sample_0706","Primary Cell","Cultured T cell","Blood","Normal","14656"
"Sample_0707","Primary Cell","Cultured T cell","Blood","Normal","12886"
"Sample_0708","Primary Cell","Cultured T cell","Blood","Normal","24590"
"Sample_0709","Primary Cell","Cultured T cell","Blood","Normal","14990"
"Sample_0710","Cell Line","BE2C","Other","Neuroblastoma","72086"
"Sample_0711","Cell Line","kelly","Neuron","Neuroblastoma","31216"
"Sample_0712","Cell Line","NGP","Brain","Neuroblastoma","41909"
"Sample_0713","Cell Line","SH-EP","Bone marrow","Neuroblastoma","19734"
"Sample_0714","Cell Line","MM1S","Blood","Myeloma","34091"
"Sample_0715","Cell Line","BJ","Skin","Other","74051"
"Sample_0716","Cell Line","BJ","Skin","Other","83966"
"Sample_0717","Cell Line","BJ","Skin","Other","76394"
"Sample_0718","Cell Line","BJ","Skin","Other","60243"
"Sample_0719","Cell Line","BJ","Skin","Other","81776"
"Sample_0720","Cell Line","BJ-5ta","Foreskin","Normal","54213"
"Sample_0721","Cell Line","BJ-5ta","Foreskin","Normal","22445"
"Sample_0722","Cell Line","BJ-5ta","Foreskin","Normal","56679"
"Sample_0723","Cell Line","BJ-5ta","Foreskin","Normal","51786"
"Sample_0724","Cell Line","HUES64","Foreskin","Normal","104007"
"Sample_0725","Cell Line","HUES64","Foreskin","Normal","59551"
"Sample_0726","Cell Line","CCRF-CEM","Blood","Cultured cancer","12193"
"Sample_0727","Cell Line","CCRF-CEM","Blood","Cultured cancer","20918"
"Sample_0728","Cell Line","CCRF-CEM","Blood","Cultured cancer","19022"
"Sample_0729","Cell Line","CCRF-CEM","Blood","Cultured cancer","16977"
"Sample_0730","Cell Line","CCRF-CEM","Blood","Cultured cancer","18210"
"Sample_0731","Primary Cell","CCRF-CEM SLFN11-knockout","Blood","Cultured cancer","16841"
"Sample_0732","Cell Line","Lymphoblast","Blood","Cultured cancer","3907"
"Sample_0733","Cell Line","K562","Blood","Cultured cancer","4028"
"Sample_0734","Cell Line","Lymphoblast","Blood","Cultured cancer","9251"
"Sample_0735","Cell Line","Lymphoblast","Blood","Cultured cancer","3987"
"Sample_0736","Cell Line","Lymphoblast","Blood","Cultured cancer","7341"
"Sample_0737","Cell Line","Lymphoblast","Blood","Cultured cancer","9934"
"Sample_0738","Cell Line","RUES2","Embryo","Normal","97848"
"Sample_0739","Cell Line","RUES2","Other","Normal","61234"
"Sample_0740","Cell Line","RUES2","Other","Normal","81983"
"Sample_0741","Cell Line","RUES2","Other","Normal","51761"
"Sample_0742","Cell Line","RUES2","Other","Normal","58250"
"Sample_0743","Cell Line","RUES2","Other","Normal","44434"
"Sample_0744","Cell Line","RUES2","Other","Normal","27053"
"Sample_0745","Stem Cell","MSCiPS1-derived 5F hematopoietic cell","Hematopoietic","Normal","46326"
"Sample_0746","Stem Cell","MSCiPS1-derived 5F hematopoietic cell","Hematopoietic","Normal","26958"
"Sample_0747","Stem Cell","MSCiPS1-derived 5F hematopoietic cell","Hematopoietic","Normal","48724"
"Sample_0748","Induced pluripotent stem cell line","LCL","Blood","Other","23342"
"Sample_0749","Induced pluripotent stem cell line","LCL","Blood","Other","15687"
"Sample_0750","Induced pluripotent stem cell line","LCL","Blood","Other","42246"
"Sample_0751","Induced pluripotent stem cell line","LCL","Blood","Other","11086"
"Sample_0752","Induced pluripotent stem cell line","LCL","Blood","Other","30400"
"Sample_0753","Induced pluripotent stem cell line","LCL","Blood","Other","54878"
"Sample_0754","Induced pluripotent stem cell line","LCL","Blood","Other","27181"
"Sample_0755","Induced pluripotent stem cell line","LCL","Blood","Other","18520"
"Sample_0756","Induced pluripotent stem cell line","LCL","Blood","Other","26331"
"Sample_0757","Induced pluripotent stem cell line","LCL","Blood","Other","27841"
"Sample_0758","Induced pluripotent stem cell line","LCL","Blood","Other","10829"
"Sample_0759","Induced pluripotent stem cell line","LCL","Blood","Other","122876"
"Sample_0760","Induced pluripotent stem cell line","LCL","Blood","Other","22605"
"Sample_0761","Induced pluripotent stem cell line","LCL","Blood","Other","30942"
"Sample_0762","Induced pluripotent stem cell line","LCL","Blood","Other","17693"
"Sample_0763","Induced pluripotent stem cell line","LCL","Blood","Other","30963"
"Sample_0764","Induced pluripotent stem cell line","LCL","Blood","Other","28791"
"Sample_0765","Induced pluripotent stem cell line","LCL","Blood","Other","11248"
"Sample_0766","Stem Cell","iPSC-NA18499","iPSC","Other","2028"
"Sample_0767","Stem Cell","iPSC-NA18505","iPSC","Other","61184"
"Sample_0768","Stem Cell","iPSC-NA18520","iPSC","Other","29352"
"Sample_0769","Stem Cell","iPSC-NA18852","iPSC","Other","78075"
"Sample_0770","Stem Cell","iPSC-NA18855","iPSC","Other","2850"
"Sample_0771","Stem Cell","iPSC-NA18870","iPSC","Other","44910"
"Sample_0772","Stem Cell","iPSC-NA18912","iPSC","Other","9208"
"Sample_0773","Stem Cell","iPSC-NA19108","iPSC","Other","138149"
"Sample_0774","Stem Cell","iPSC-NA19116","iPSC","Other","98123"
"Sample_0775","Stem Cell","iPSC-NA19128","iPSC","Other","9233"
"Sample_0776","Stem Cell","iPSC-NA19160","iPSC","Other","41499"
"Sample_0777","Stem Cell","iPSC-NA19239","iPSC","Other","53821"
"Sample_0778","Stem Cell","iPSC-NA19257","iPSC","Other","5997"
"Sample_0779","Stem Cell","iPSC-NA19225","iPSC","Other","63829"
"Sample_0780","Stem Cell","iPSC-NA19210","iPSC","Other","43025"
"Sample_0781","Stem Cell","iPSC-NA19206","iPSC","Other","38959"
"Sample_0782","Stem Cell","iPSC-NA19204","iPSC","Other","70471"
"Sample_0783","Stem Cell","iPSC-NA19193","iPSC","Other","56196"
"Sample_0784","Stem Cell","iPSC-NA19192","iPSC","Other","15337"
"Sample_0785","Stem Cell","iPSC-NA19190","iPSC","Other","19823"
"Sample_0786","Stem Cell","iPSC-NA19171","iPSC","Other","46973"
"Sample_0787","Stem Cell","iPSC-NA19160","iPSC","Other","52136"
"Sample_0788","Stem Cell","iPSC-NA19159","iPSC","Other","35049"
"Sample_0789","Stem Cell","iPSC-NA19153","iPSC","Other","85349"
"Sample_0790","Stem Cell","iPSC-NA19144","iPSC","Other","28790"
"Sample_0791","Stem Cell","iPSC-NA19143","iPSC","Other","61260"
"Sample_0792","Stem Cell","iPSC-NA19140","iPSC","Other","70634"
"Sample_0793","Stem Cell","iPSC-NA19138","iPSC","Other","1109"
"Sample_0794","Stem Cell","iPSC-NA19130","iPSC","Other","40407"
"Sample_0795","Stem Cell","iPSC-NA19128","iPSC","Other","9284"
"Sample_0796","Stem Cell","iPSC-NA19127","iPSC","Other","46327"
"Sample_0797","Stem Cell","iPSC-NA19119","iPSC","Other","30566"
"Sample_0798","Stem Cell","iPSC-NA19116","iPSC","Other","56718"
"Sample_0799","Stem Cell","iPSC-NA19114","iPSC","Other","65545"
"Sample_0800","Stem Cell","iPSC-NA19108","iPSC","Other","82630"
"Sample_0801","Stem Cell","iPSC-NA19102","iPSC","Other","49863"
"Sample_0802","Stem Cell","iPSC-NA19099","iPSC","Other","9097"
"Sample_0803","Stem Cell","iPSC-NA19098","iPSC","Other","41226"
"Sample_0804","Stem Cell","iPSC-NA18861","iPSC","Other","60671"
"Sample_0805","Stem Cell","iPSC-NA18859","iPSC","Other","74204"
"Sample_0806","Stem Cell","iPSC-NA18858","iPSC","Other","66373"
"Sample_0807","Stem Cell","iPSC-NA18856","iPSC","Other","45145"
"Sample_0808","Stem Cell","iPSC-NA18853","iPSC","Other","36262"
"Sample_0809","Stem Cell","iPSC-NA18852","iPSC","Other","66912"
"Sample_0810","Stem Cell","iPSC-NA18522","iPSC","Other","52014"
"Sample_0811","Stem Cell","iPSC-NA18520","iPSC","Other","28223"
"Sample_0812","Stem Cell","iPSC-NA18519","iPSC","Other","45202"
"Sample_0813","Stem Cell","iPSC-NA18517","iPSC","Other","80831"
"Sample_0814","Stem Cell","iPSC-NA18511","iPSC","Other","56485"
"Sample_0815","Stem Cell","iPSC-NA18510","iPSC","Other","93854"
"Sample_0816","Stem Cell","iPSC-NA18508","iPSC","Other","26305"
"Sample_0817","Stem Cell","iPSC-NA18505","iPSC","Other","52750"
"Sample_0818","Stem Cell","iPSC-NA18502","iPSC","Other","59756"
"Sample_0819","Stem Cell","iPSC-NA18501","iPSC","Other","52117"
"Sample_0820","Stem Cell","iPSC-NA18499","iPSC","Other","24523"
"Sample_0821","Stem Cell","iPSC-NA18498","iPSC","Other","64618"
"Sample_0822","Stem Cell","iPSC-NA18489","iPSC","Other","8633"
"Sample_0823","Stem Cell","iPSC-NA18486","iPSC","Other","60524"
"Sample_0824","Primary Cell","YF","Blood","The Yellow fever","981"
"Sample_0825","Primary Cell","YF","Blood","The Yellow fever","6980"
"Sample_0826","Primary Cell","YF","Blood","The Yellow fever","10716"
"Sample_0827","Primary Cell","YF","Blood","The Yellow fever","10768"
"Sample_0828","Primary Cell","YF","Blood","The Yellow fever","11211"
"Sample_0829","Primary Cell","YF","Blood","The Yellow fever","7899"
"Sample_0830","Primary Cell","YF","Blood","The Yellow fever","4428"
"Sample_0831","Primary Cell","YF","Blood","The Yellow fever","3741"
"Sample_0832","Primary Cell","YF","Blood","The Yellow fever","10649"
"Sample_0833","Primary Cell","YF","Blood","The Yellow fever","8751"
"Sample_0834","Primary Cell","YF","Blood","The Yellow fever","6607"
"Sample_0835","Primary Cell","YF","Blood","The Yellow fever","9265"
"Sample_0836","Primary Cell","YF","Blood","The Yellow fever","8638"
"Sample_0837","Primary Cell","YF","Blood","The Yellow fever","9390"
"Sample_0838","Primary Cell","YF","Blood","The Yellow fever","8298"
"Sample_0839","Cell Line","T_T","Blood","The Yellow fever","3693"
"Sample_0840","Cell Line","T_T","Blood","The Yellow fever","4204"
"Sample_0841","Cell Line","T_T","Blood","The Yellow fever","18620"
"Sample_0842","Cell Line","T_T","Blood","The Yellow fever","11834"
"Sample_0843","Cell Line","T_T","Blood","The Yellow fever","17944"
"Sample_0844","Cell Line","T_T","Blood","The Yellow fever","5307"
"Sample_0845","Cell Line","T_T","Blood","The Yellow fever","3592"
"Sample_0846","Cell Line","T_T","Blood","The Yellow fever","14812"
"Sample_0847","Cell Line","T_T","Blood","The Yellow fever","5341"
"Sample_0848","Cell Line","T_T","Blood","The Yellow fever","14655"
"Sample_0849","Cell Line","T_T","Blood","The Yellow fever","2540"
"Sample_0850","Cell Line","T_T","Blood","The Yellow fever","21670"
"Sample_0851","Cell Line","T_T","Blood","The Yellow fever","15793"
"Sample_0852","Cell Line","T_T","Blood","The Yellow fever","16071"
"Sample_0853","Cell Line","T_T","Blood","The Yellow fever","11312"
"Sample_0854","Cell Line","T_T","Blood","The Yellow fever","13184"
"Sample_0855","Cell Line","foreskin_NHM1","Foreskin","Normal","111821"
"Sample_0856","Cell Line","SKmel147","Foreskin","Melanoma","54259"
"Sample_0857","Cell Line","501-Mel","Foreskin","Melanoma","53587"
"Sample_0858","Primary Cell","AAEC","Bronchial","Asthma","1713"
"Sample_0859","Primary Cell","AAEC","Bronchial","Asthma","6818"
"Sample_0860","Primary Cell","AAEC","Bronchial","Asthma","11322"
"Sample_0861","Primary Cell","AAEC","Bronchial","Other","21918"
"Sample_0862","Primary Cell","AAEC","Bronchial","Other","18685"
"Sample_0863","Primary Cell","AAEC","Bronchial","Normal","14463"
"Sample_0864","Primary Cell","NHBEC","Bronchial","Normal","7070"
"Sample_0865","Cell Line","T47D","Mammary Gland","Breast cancer","37495"
"Sample_0866","Cell Line","T47D","Mammary Gland","Breast cancer","33320"
"Sample_0867","Cell Line","T47D","Mammary Gland","Breast cancer","37507"
"Sample_0868","Cell Line","T47D","Mammary Gland","Breast cancer","37419"
"Sample_0869","Cell Line","T47D","Mammary Gland","Breast cancer","35892"
"Sample_0870","Cell Line","T47D","Mammary Gland","Breast cancer","27165"
"Sample_0871","Cell Line","TOV-21G","Other","Ovarion cancer","24970"
"Sample_0872","Cell Line","TOV-21G","Other","Ovarion cancer","15724"
"Sample_0873","Cell Line","TOV-21G","Other","Ovarion cancer","28853"
"Sample_0874","Cell Line","TOV-21G","Other","Ovarion cancer","18518"
"Sample_0875","Cell Line","HCT116","Colon","Colorectal carcinoma","30702"
"Sample_0876","Cell Line","HCT116","Colon","Colorectal carcinoma","31334"
"Sample_0877","Cell Line","HCT116","Colon","Colorectal carcinoma","45857"
"Sample_0878","Cell Line","HCT116","Colon","Colorectal carcinoma","28723"
"Sample_0879","Cell Line","HCT116","Colon","Normal","33009"
"Sample_0880","Cell Line","HCT116","Colon","Normal","31166"
"Sample_0881","Cell Line","HCT116","Colon","Colorectal carcinoma","32063"
"Sample_0882","Cell Line","HCT116","Colon","Colorectal carcinoma","21995"
"Sample_0883","Cell Line","Jurkat","Blood","Leukemia","58074"
"Sample_0884","Cell Line","Jurkat","Blood","Leukemia","43310"
"Sample_0885","Cell Line","Jurkat","Blood","Leukemia","61769"
"Sample_0886","Cell Line","Jurkat","Blood","Leukemia","70715"
"Sample_0887","Cell Line","Jurkat","Blood","Leukemia","50251"
"Sample_0888","Cell Line","Jurkat","Blood","Leukemia","72964"
"Sample_0889","Cell Line","Jurkat","Blood","Leukemia","71035"
"Sample_0890","Cell Line","Jurkat","Blood","Leukemia","69263"
"Sample_0891","Cell Line","Jurkat","Blood","Leukemia","78899"
"Sample_0892","Cell Line","Jurkat","Blood","Leukemia","74938"
"Sample_0893","Cell Line","Jurkat","Blood","Leukemia","82176"
"Sample_0894","Cell Line","Pancreatic","Pancreas","Pancreatic cancer","72203"
"Sample_0895","Primary Cell","B cell","Lymphoblastoid","Epstein-Barr Virus (EBV)","21772"
"Sample_0896","Primary Cell","B cell","Lymphoblastoid","Epstein-Barr Virus (EBV)","21985"
"Sample_0897","Primary Cell","B cell","Lymphoblastoid","Epstein-Barr Virus (EBV)","20779"
"Sample_0898","Primary Cell","B cell","Lymphoblastoid","Epstein-Barr Virus (EBV)","19131"
"Sample_0899","Primary Cell","B cell","Lymphoblastoid","Epstein-Barr Virus (EBV)","22861"
"Sample_0900","Primary Cell","B cell","Lymphoblastoid","Epstein-Barr Virus (EBV)","22083"
"Sample_0901","Primary Cell","B cell","Lymphoblastoid","Epstein-Barr Virus (EBV)","18629"
"Sample_0902","Primary Cell","B cell","Lymphoblastoid","Epstein-Barr Virus (EBV)","22558"
"Sample_0903","Primary Cell","Naive T-cell","Other","Other","14481"
"Sample_0904","Primary Cell","Naive T-cell","Other","Other","12852"
"Sample_0905","Primary Cell","Naive T-cell","Other","Other","15173"
"Sample_0906","Primary Cell","Naive T-cell","Other","Other","16527"
"Sample_0907","Primary Cell","Naive T-cell","Other","Other","14578"
"Sample_0908","Primary Cell","Naive T-cell","Other","Other","15495"
"Sample_0909","Primary Cell","Th17","Cytokine-secreting T helper cell (Th) counterparts","Other","10325"
"Sample_0910","Primary Cell","Th17","Cytokine-secreting T helper cell (Th) counterparts","Other","12132"
"Sample_0911","Primary Cell","Th17","Cytokine-secreting T helper cell (Th) counterparts","Other","15465"
"Sample_0912","Primary Cell","Th17","Cytokine-secreting T helper cell (Th) counterparts","Other","13185"
"Sample_0913","Primary Cell","Th17","Cytokine-secreting T helper cell (Th) counterparts","Other","14959"
"Sample_0914","Primary Cell","Th17","Cytokine-secreting T helper cell (Th) counterparts","Other","11175"
"Sample_0915","Primary Cell","Treg cell","Other","Other","7667"
"Sample_0916","Primary Cell","Treg cell","Other","Other","15280"
"Sample_0917","Primary Cell","Treg cell","Other","Other","8960"
"Sample_0918","Primary Cell","Treg cell","Other","Other","12972"
"Sample_0919","Primary Cell","Treg cell","Other","Other","13923"
"Sample_0920","Primary Cell","Treg cell","Other","Other","16942"
"Sample_0921","Primary Cell","Naive T cell","Other","Other","15821"
"Sample_0922","Primary Cell","Naive T cell","Other","Other","18701"
"Sample_0923","Primary Cell","Th17","Cytokine-secreting T helper cell (Th) counterparts","Other","27087"
"Sample_0924","Primary Cell","Th17","Cytokine-secreting T helper cell (Th) counterparts","Other","26404"
"Sample_0925","Cell Line","Treg","Other","Other","19338"
"Sample_0926","Cell Line","Treg","Other","Other","23477"
"Sample_0927","Cell Line","K562","Bone marrow","Leukemia","18065"
"Sample_0928","Cell Line","K562","Bone marrow","Leukemia","47202"
"Sample_0929","Cell Line","K562","Bone marrow","Leukemia","28796"
"Sample_0930","Cell Line","K562","Bone marrow","Leukemia","13219"
"Sample_0931","Cell Line","K562","Bone marrow","Leukemia","9249"
"Sample_0932","Cell Line","K562","Bone marrow","Leukemia","15590"
"Sample_0933","Cell Line","K562","Bone marrow","Leukemia","2446"
"Sample_0934","Cell Line","K562","Bone marrow","Leukemia","872"
"Sample_0935","Cell Line","K562","Bone marrow","Leukemia","5921"
"Sample_0936","Cell Line","K562","Bone marrow","Leukemia","1851"
"Sample_0937","Cell Line","K562","Bone marrow","Leukemia","1187"
"Sample_0938","Cell Line","K562","Bone marrow","Leukemia","1139"
"Sample_0939","Cell Line","K562","Bone marrow","Leukemia","1189"
"Sample_0940","Cell Line","J-Lat-A72","Blood","HIV-1","19403"
"Sample_0941","Cell Line","J-Lat-A72","Blood","HIV-1","13517"
"Sample_0942","Cell Line","J-Lat-A72","Blood","HIV-1","20340"
"Sample_0943","Cell Line","J-Lat-A72","Blood","HIV-1","27748"
"Sample_0944","Cell Line","T47D","Breast","Breast cancer","11328"
"Sample_0945","Cell Line","T47D","Breast","Breast cancer","8962"
"Sample_0946","Cell Line","T47D","Breast","Breast cancer","13492"
"Sample_0947","Cell Line","T47D","Breast","Breast cancer","17585"
"Sample_0948","Cell Line","T47D","Breast","Breast cancer","8978"
"Sample_0949","Cell Line","T47D","Breast","Breast cancer","9349"
"Sample_0950","Cell Line","GM02171","Fibroblast","Normal","63431"
"Sample_0951","Cell Line","GM02171","Fibroblast","Normal","65219"
"Sample_0952","Cell Line","GM02171","Fibroblast","Normal","34301"
"Sample_0953","Cell Line","GM02171","Fibroblast","Normal","31716"
"Sample_0954","Cell Line","GM02171","Fibroblast","Normal","40181"
"Sample_0955","Cell Line","GM02171","Fibroblast","Normal","39553"
"Sample_0956","Cell Line","GM02171","Fibroblast","Normal","38018"
"Sample_0957","Cell Line","GM02171","Fibroblast","Normal","42707"
"Sample_0958","Cell Line","GM02171","Fibroblast","Normal","15437"
"Sample_0959","Cell Line","GM02171","Fibroblast","Normal","29204"
"Sample_0960","Cell Line","MCF7","Mammary Gland","Breast cancer","101091"
"Sample_0961","Cell Line","MCF7","Mammary Gland","Breast cancer","83756"
"Sample_0962","Cell Line","MCF7","Mammary Gland","Breast cancer","71281"
"Sample_0963","Cell Line","MCF7","Mammary Gland","Breast cancer","77440"
"Sample_0964","Stem Cell","Fibroblast","Fibroblast","Other","8649"
"Sample_0965","Stem Cell","Fibroblast","Fibroblast","Other","9541"
"Sample_0966","Stem Cell","Cortical NSC","Cortical Neurons","Other","21742"
"Sample_0967","Stem Cell","Cortical NSC","Cortical Neurons","Other","25430"
"Sample_0968","Stem Cell","Cortical NSC","Cortical Neurons","Other","11220"
"Sample_0969","Stem Cell","Cortical NSC","Cortical Neurons","Other","15524"
"Sample_0970","Stem Cell","Embryo","Embryo","Normal","66873"
"Sample_0971","Stem Cell","MGE organoids","Cortex","Normal","64415"
"Sample_0972","Stem Cell","Cortex","Cortex","Normal","61112"
"Sample_0973","Cell Line","G523NS","Glioblastoma","Glioblastoma","31062"
"Sample_0974","Cell Line","G523NS","Glioblastoma","Glioblastoma","49243"
"Sample_0975","Cell Line","G523NS","Glioblastoma","Glioblastoma","29906"
"Sample_0976","Primary Cell","GBM","Glioblastoma","Glioblastoma","31946"
"Sample_0977","Cell Line","PC-9","Lung","Lung cancer","57164"
"Sample_0978","Cell Line","PC-9","Lung","Lung cancer","61446"
"Sample_0979","Cell Line","PC-9","Lung","Lung cancer","65849"
"Sample_0980","Cell Line","PC-9","Lung","Lung cancer","65568"
"Sample_0981","Cell Line","PC-9","Lung","Lung cancer","76164"
"Sample_0982","Cell Line","PC-9","Lung","Lung cancer","86340"
"Sample_0983","Cell Line","PC-9","Lung","Lung cancer","28794"
"Sample_0984","Cell Line","PC-9","Lung","Lung cancer","30561"
"Sample_0985","Cell Line","PC-9","Lung","Lung cancer","30654"
"Sample_0986","Cell Line","PC-9","Lung","Lung cancer","33301"
"Sample_0987","Cell Line","PC-9","Lung","Lung cancer","34068"
"Sample_0988","Cell Line","PC-9","Lung","Lung cancer","31905"
"Sample_0989","Cell Line","PC-9","Lung","Lung cancer","39092"
"Sample_0990","Cell Line","PC-9","Lung","Lung cancer","35532"
"Sample_0991","Cell Line","PC-9","Lung","Lung cancer","36333"
"Sample_0992","Cell Line","PC-9","Lung","Lung cancer","38943"
"Sample_0993","Cell Line","PC-9","Lung","Lung cancer","35619"
"Sample_0994","Cell Line","PC-9","Lung","Lung cancer","39076"
"Sample_0995","Cell Line","PC-9","Lung","Lung cancer","53943"
"Sample_0996","Cell Line","PC-9","Lung","Lung cancer","64091"
"Sample_0997","Cell Line","PC-9","Lung","Lung cancer","74394"
"Sample_0998","Primary Cell","monocyte-derived macrophages","Peripheral blood","Normal","79808"
"Sample_0999","Primary Cell","monocyte-derived macrophages","Peripheral blood","Normal","84990"
"Sample_1000","Primary Cell","monocyte-derived macrophages","Peripheral blood","Normal","86609"
"Sample_1001","Stem Cell","Stem Cell","Blood","Normal","38235"
"Sample_1002","Stem Cell","Stem Cell","Blood","Normal","33320"
"Sample_1003","Cell Line","JHU-06","Other","Other","32734"
"Sample_1004","Cell Line","JHU-06","Other","Other","37030"
"Sample_1005","Cell Line","JHU-06","Other","Other","36336"
"Sample_1006","Cell Line","JHU-06","Other","Other","17032"
"Sample_1007","Cell Line","JHU-06","Other","Other","61985"
"Sample_1008","Cell Line","JHU-06","Other","Other","94799"
"Sample_1009","Cell Line","JHU-06","Other","Other","41615"
"Sample_1010","Cell Line","JHU-06","Other","Other","37144"
"Sample_1011","Cell Line","HEK293T","Kidney","Normal","785"
"Sample_1012","Cell Line","HEK293T","Kidney","Normal","5"
"Sample_1013","Cell Line","HEK293T","Kidney","Normal","913"
"Sample_1014","Cell Line","HEK293T","Kidney","Normal","1137"
"Sample_1015","Cell Line","HCT116","Colon","Cancer","47506"
"Sample_1016","Cell Line","HCT116","Colon","Cancer","14297"
"Sample_1017","Primary Cell","CD8 T cell","Blood","Normal","30886"
"Sample_1018","Primary Cell","CD8 T cell","Blood","Normal","34433"
"Sample_1019","Primary Cell","CD8 T cell","Blood","Normal","31422"
"Sample_1020","Primary Cell","CD8 T cell","Blood","Normal","36763"
"Sample_1021","Primary Cell","CD8 T cell","Blood","Normal","34992"
"Sample_1022","Primary Cell","CD8 T cell","Blood","Melanoma","34202"
"Sample_1023","Primary Cell","CD8 T cell","Blood","Melanoma","37081"
"Sample_1024","Primary Cell","CD8 T cell","Lung","Lung cancer","26037"
"Sample_1025","Primary Cell","Macrophage","Peripheral blood","Normal","14930"
"Sample_1026","Primary Cell","Macrophage","Peripheral blood","Normal","20618"
"Sample_1027","Primary Cell","Macrophage","Peripheral blood","Normal","21440"
"Sample_1028","Primary Cell","Macrophage","Peripheral blood","Normal","42823"
"Sample_1029","Cell Line","K-562","Bone marrow","Erythroleukemic","9019"
"Sample_1030","Cell Line","K-562","Bone marrow","Erythroleukemic","6817"
"Sample_1031","Cell Line","K-562","Bone marrow","Erythroleukemic","8667"
"Sample_1032","Cell Line","K-562","Bone marrow","Erythroleukemic","9635"
"Sample_1033","Cell Line","K-562","Bone marrow","Erythroleukemic","6686"
"Sample_1034","Cell Line","K-562","Bone marrow","Erythroleukemic","8489"
"Sample_1035","Cell Line","K-562","Bone marrow","Erythroleukemic","14396"
"Sample_1036","Cell Line","K-562","Bone marrow","Erythroleukemic","10169"
"Sample_1037","Cell Line","K-562","Bone marrow","Erythroleukemic","9831"
"Sample_1038","Cell Line","K-562","Bone marrow","Erythroleukemic","11115"
"Sample_1039","Cell Line","K-562","Bone marrow","Erythroleukemic","8137"
"Sample_1040","Cell Line","K-562","Bone marrow","Erythroleukemic","9454"
"Sample_1041","Cell Line","H1","Embryo","Normal","1"
"Sample_1042","Cell Line","H1","Embryo","Normal","1"
"Sample_1043","Cell Line","H1","Embryo","Normal","91543"
"Sample_1044","Cell Line","H1","Embryo","Normal","73021"
"Sample_1045","Cell Line","H1","Embryo","Normal","44634"
"Sample_1046","Cell Line","H1","Embryo","Normal","58120"
"Sample_1047","Cell Line","H1","Embryo","Normal","58153"
"Sample_1048","Cell Line","H1","Embryo","Normal","50187"
"Sample_1049","Cell Line","WM989","Other","Melanoma","19138"
"Sample_1050","Cell Line","WM989","Other","Melanoma","16341"
"Sample_1051","Cell Line","WM989","Other","Melanoma","36682"
"Sample_1052","Cell Line","WM989","Other","Melanoma","17075"
"Sample_1053","Cell Line","WM989","Other","Melanoma","48799"
"Sample_1054","Cell Line","WM989","Other","Melanoma","60793"
"Sample_1055","Cell Line","WM989","Other","Melanoma","23339"
"Sample_1056","Cell Line","WM989","Other","Melanoma","28695"
"Sample_1057","Cell Line","WM989","Other","Melanoma","41605"
"Sample_1058","Cell Line","WM989","Other","Melanoma","65879"
"Sample_1059","Cell Line","WM989","Other","Melanoma","59178"
"Sample_1060","Cell Line","WM989","Other","Melanoma","50610"
"Sample_1061","Cell Line","WM989","Other","Melanoma","50721"
"Sample_1062","Other","HL-60 cells (ATCC)","Myeloid","Other","34379"
"Sample_1063","Other","Macrophage","Myeloid","Other","11894"
"Sample_1064","Other","Macrophage","Myeloid","Other","13186"
"Sample_1065","Other","Macrophage","Myeloid","Other","23019"
"Sample_1066","Other","Macrophage","Myeloid","Other","46854"
"Sample_1067","Other","Macrophage","Myeloid","Other","14329"
"Sample_1068","Other","Macrophage","Myeloid","Other","654"
"Sample_1069","Other","Macrophage","Myeloid","Other","5595"
"Sample_1070","Cell Line","THP-1","Other","Other","44029"
"Sample_1071","Cell Line","THP-1","Other","Other","72360"
"Sample_1072","Cell Line","THP-1","Other","Other","61864"
"Sample_1073","Cell Line","THP-1","Other","Other","54055"
"Sample_1074","Cell Line","THP-1","Other","Other","36485"
"Sample_1075","Cell Line","THP-1","Other","Other","45164"
"Sample_1076","Cell Line","THP-1","Other","Other","63947"
"Sample_1077","Cell Line","THP-1","Other","Other","34149"
"Sample_1078","Cell Line","THP-1","Other","Other","39945"
"Sample_1079","Cell Line","THP-1","Other","Other","62349"
"Sample_1080","Cell Line","THP-1","Other","Other","51217"
"Sample_1081","Cell Line","HFF","Foreskin","Normal","89187"
"Sample_1082","Cell Line","HFF","Foreskin","Normal","55283"
"Sample_1083","Cell Line","HFF","Foreskin","Normal","69878"
"Sample_1084","Cell Line","HFF","Foreskin","Normal","76354"
"Sample_1085","Cell Line","HFF","Foreskin","Normal","55531"
"Sample_1086","Cell Line","HFF","Foreskin","Normal","40381"
"Sample_1087","Cell Line","D283","Other","Medulloblastoma","70839"
"Sample_1088","Cell Line","BJ","Skin","Normal","43043"
"Sample_1089","Cell Line","BJ","Skin","Normal","87464"
"Sample_1090","Cell Line","BJ","Skin","Normal","86434"
"Sample_1091","Cell Line","BJ","Skin","Normal","69157"
"Sample_1092","Cell Line","BJ","Skin","Normal","75859"
"Sample_1093","Cell Line","BJ","Skin","Normal","98690"
"Sample_1094","Cell Line","BJ","Skin","Normal","69509"
"Sample_1095","Cell Line","BJ","Skin","Normal","88438"
"Sample_1096","Cell Line","CEM","Blood","Leukemia","3577"
"Sample_1097","Cell Line","CEM","Blood","Leukemia","2538"
"Sample_1098","Cell Line","MCF-10A","Breast","Breast cancer","727"
"Sample_1099","Cell Line","MCF-10A","Breast","Breast cancer","16323"
"Sample_1100","Other","Monocyte","Blood","Other","40437"
"Sample_1101","Other","Monocyte","Blood","Other","33628"
"Sample_1102","Other","Monocyte","Blood","Other","57430"
"Sample_1103","Other","Monocyte","Blood","Other","25023"
"Sample_1104","Other","Monocyte","Blood","Other","36172"
"Sample_1105","Other","Monocyte","Blood","Other","27511"
"Sample_1106","Cell Line","MRC-5","Lung","Normal","56188"
"Sample_1107","Cell Line","MRC-5","Lung","Normal","60049"
"Sample_1108","Cell Line","MRC-5","Lung","Normal","73041"
"Sample_1109","Cell Line","MRC-5","Lung","Normal","41435"
"Sample_1110","Cell Line","GM12878","Other","Normal","3259"
"Sample_1111","Cell Line","GM12878","Other","Normal","2497"
"Sample_1112","Cell Line","GM12878","Other","Normal","13914"
"Sample_1113","Cell Line","GM12878","Other","Normal","9686"
"Sample_1114","Cell Line","GM12878","Other","Normal","8200"
"Sample_1115","Cell Line","GM12878","Blood","Normal","24433"
"Sample_1116","Cell Line","GM12878","Blood","Normal","34406"
"Sample_1117","Cell Line","GM12878","Blood","Normal","21714"
"Sample_1118","Cell Line","HT1080","Connective tissue","Fibroscarcoma","59973"
"Sample_1119","Cell Line","HT1080","Connective tissue","Fibroscarcoma","49836"
"Sample_1120","Cell Line","HT1080","Connective tissue","Fibroscarcoma","40122"
"Sample_1121","Cell Line","HT1080","Connective tissue","Fibroscarcoma","46325"
"Sample_1122","Cell Line","HT1080","Connective tissue","Fibroscarcoma","73220"
"Sample_1123","Cell Line","HT1080","Connective tissue","Fibroscarcoma","46072"
"Sample_1124","Cell Line","HT1080","Connective tissue","Fibroscarcoma","59650"
"Sample_1125","Cell Line","HT1080","Connective tissue","Fibroscarcoma","58478"
"Sample_1126","Primary Cell","neutrophil","Other","Normal","2114"
"Sample_1127","Primary Cell","neutrophil","Other","Normal","2396"
"Sample_1128","Primary Cell","neutrophil","Other","Normal","3395"
"Sample_1129","Primary Cell","neutrophil","Other","Normal","799"
"Sample_1130","Primary Cell","neutrophil","Other","Normal","1570"
"Sample_1131","Primary Cell","neutrophil","Other","Normal","2185"
"Sample_1132","Primary Cell","neutrophil","Other","Normal","1063"
"Sample_1133","Primary Cell","neutrophil","Other","Normal","1894"
"Sample_1134","Primary Cell","neutrophil","Other","Normal","1303"
"Sample_1135","Primary Cell","neutrophil","Other","Normal","504"
"Sample_1136","Cell Line","FL3","Fibroblast","Other","50951"
"Sample_1137","Cell Line","FL3","Fibroblast","Other","47172"
"Sample_1138","Cell Line","FL3","Fibroblast","Other","58141"
"Sample_1139","Cell Line","FL3","Fibroblast","Other","56760"
"Sample_1140","Cell Line","FL3","Fibroblast","Other","51456"
"Sample_1141","Cell Line","FL3","Fibroblast","Other","52723"
"Sample_1142","Cell Line","FL3","Fibroblast","Other","72802"
"Sample_1143","Cell Line","FL3","Fibroblast","Other","49089"
"Sample_1144","Cell Line","FL3","Fibroblast","Other","55500"
"Sample_1145","Cell Line","FL3","Fibroblast","Other","40367"
"Sample_1146","Cell Line","FL3","Fibroblast","Other","82364"
"Sample_1147","Cell Line","FL3","Fibroblast","Other","76467"
"Sample_1148","Cell Line","FL3","Fibroblast","Other","88415"
"Sample_1149","Cell Line","FL3","Fibroblast","Other","71563"
"Sample_1150","Cell Line","FL3","Fibroblast","Other","82804"
"Sample_1151","Cell Line","FL3","Fibroblast","Other","91651"
"Sample_1152","Cell Line","FL3","Fibroblast","Other","75141"
"Sample_1153","Cell Line","FL3","Fibroblast","Other","78081"
"Sample_1154","Cell Line","FL3","Fibroblast","Other","87614"
"Sample_1155","Cell Line","FL3","Fibroblast","Other","80194"
"Sample_1156","Cell Line","FL3","Fibroblast","Other","67421"
"Sample_1157","Cell Line","FL3","Fibroblast","Other","109618"
"Sample_1158","Cell Line","FL3","Fibroblast","Other","86406"
"Sample_1159","Tissue","HCASMC","Artery","Coronary artery disease","113833"
"Sample_1160","Tissue","HCASMC","Artery","Coronary artery disease","130768"
"Sample_1161","Tissue","HCASMC","Artery","Normal","140932"
"Sample_1162","Tissue","HCASMC","Artery","Normal","145846"
"Sample_1163","Tissue","HCASMC","Artery","Normal","158952"
"Sample_1164","Tissue","HCASMC","Artery","Normal","32619"
"Sample_1165","Tissue","HCASMC","Artery","Normal","41805"
"Sample_1166","Tissue","HCASMC","Artery","Normal","1705"
"Sample_1167","Tissue","HCASMC","Artery","Normal","33938"
"Sample_1168","Tissue","HCASMC","Artery","Normal","10034"
"Sample_1169","Primary Cell","CD19+ B cell","Blood","Normal","28729"
"Sample_1170","Primary Cell","CD19+ B cell","Blood","Normal","36256"
"Sample_1171","Primary Cell","CD19+ B cell","Blood","Normal","39175"
"Sample_1172","Primary Cell","CD19+ B cell","Blood","Normal","33070"
"Sample_1173","Primary Cell","CD19+ B cell","Blood","Normal","30213"
"Sample_1174","Primary Cell","CD19+ B cell","Blood","Normal","38690"
"Sample_1175","Primary Cell","CD19+ B cell","Blood","Normal","40752"
"Sample_1176","Primary Cell","CD19+ B cell","Blood","Normal","34903"
"Sample_1177","Primary Cell","CD19+ B cell","Blood","Normal","33517"
"Sample_1178","Primary Cell","CD19+ B cell","Blood","Normal","23552"
"Sample_1179","Primary Cell","CD19+ B cell","Blood","Normal","30380"
"Sample_1180","Primary Cell","EB-HSPC","Peripheral blood","Normal","42737"
"Sample_1181","Primary Cell","EB-HSPC","Peripheral blood","Normal","22767"
"Sample_1182","Primary Cell","EB-HSPC","Peripheral blood","Normal","33356"
"Sample_1183","Primary Cell","EB-HSPC","Peripheral blood","Normal","16627"
"Sample_1184","Primary Cell","ILC","Tonsil","Normal","18368"
"Sample_1185","Primary Cell","ILC","Tonsil","Normal","2167"
"Sample_1186","Primary Cell","ILC","Tonsil","Normal","20027"
"Sample_1187","Primary Cell","Th17","Tonsil","Normal","40207"
"Sample_1188","Primary Cell","Th17","Tonsil","Normal","5271"
"Sample_1189","Primary Cell","Natural Killer Cell","Blood","Normal","1131"
"Sample_1190","Primary Cell","Natural Killer Cell","Blood","Normal","30102"
"Sample_1191","Cell Line","LNCaP","Blood","Normal","609"
"Sample_1192","Cell Line","LNCaP","Blood","Normal","8431"
"Sample_1193","Cell Line","LNCaP","Prostate","Adenocarcinoma","1266"
"Sample_1194","Cell Line","PBMC","Blood","Normal","713"
"Sample_1195","Cell Line","PBMC","Blood","Normal","5924"
"Sample_1196","Cell Line","PBMC","Blood","Normal","634"
"Sample_1197","Other","HCASMC","Other","Hemoglobinopathies","7984"
"Sample_1198","Other","HCASMC","Other","Hemoglobinopathies","11799"
"Sample_1199","Other","HCASMC","Other","Hemoglobinopathies","9874"
"Sample_1200","Other","HCASMC","Other","Hemoglobinopathies","14591"
"Sample_1201","Other","HUDEP-2","Other","Hemoglobinopathies","7872"
"Sample_1202","Other","HCASMC","Other","Hemoglobinopathies","16059"
"Sample_1203","Other","HCASMC","Other","Hemoglobinopathies","32712"
"Sample_1204","Cell Line","GM12878","Blood","Normal","52127"
"Sample_1205","Cell Line","GM12878","Blood","Normal","65937"
"Sample_1206","Cell Line","GM12878","Blood","Normal","62742"
"Sample_1207","Cell Line","GM12878","Blood","Normal","61899"
"Sample_1208","Cell Line","GM12878","Blood","Normal","83548"
"Sample_1209","Cell Line","GM12878","Blood","Normal","85630"
"Sample_1210","Cell Line","GM12878","Blood","Normal","25"
"Sample_1211","Tissue","Pancreatic islet","Pancreas","Normal","28588"
"Sample_1212","Tissue","Pancreatic islet","Pancreas","Normal","84330"
"Sample_1213","Tissue","Pancreatic islet","Pancreas","Normal","32375"
"Sample_1214","Tissue","Pancreatic islet","Pancreas","Normal","21834"
"Sample_1215","Tissue","Pancreatic islet","Pancreas","Normal","22681"
"Sample_1216","Tissue","Pancreatic islet","Pancreas","Normal","37296"
"Sample_1217","Stem Cell","Glioblastoma cell","Other","Glioblastoma","3597"
"Sample_1218","Stem Cell","Glioblastoma cell","Other","Glioblastoma","232"
"Sample_1219","Stem Cell","Glioblastoma cell","Other","Glioblastoma","1355"
"Sample_1220","Stem Cell","Glioblastoma cell","Other","Glioblastoma","255"
"Sample_1221","Stem Cell","Glioblastoma cell","Other","Glioblastoma","2197"
"Sample_1222","Stem Cell","Glioblastoma cell","Other","Glioblastoma","367"
"Sample_1223","Stem Cell","Glioblastoma cell","Other","Glioblastoma","2262"
"Sample_1224","Stem Cell","Glioblastoma cell","Other","Glioblastoma","351"
"Sample_1225","Stem Cell","Glioblastoma cell","Other","Glioblastoma","2631"
"Sample_1226","Stem Cell","Glioblastoma cell","Other","Glioblastoma","223"
"Sample_1227","Stem Cell","Glioblastoma cell","Other","Glioblastoma","5674"
"Sample_1228","Stem Cell","Glioblastoma cell","Other","Glioblastoma","310"
"Sample_1229","Primary Cell","CTRL","keratinocyte","Normal","76695"
"Sample_1230","Primary Cell","CTRL","keratinocyte","Normal","74876"
"Sample_1231","Primary Cell","CTRL","keratinocyte","Normal","93906"
"Sample_1232","Primary Cell","CTRL","keratinocyte","Normal","81400"
"Sample_1233","Primary Cell","CD34+ HSPC","Blood","Normal","23876"
"Sample_1234","Primary Cell","CD34+ HSPC","Blood","Normal","27820"
"Sample_1235","Primary Cell","CD34+ HSPC","Blood","Normal","11699"
"Sample_1236","Primary Cell","CD34+ HSPC","Blood","Normal","10051"
"Sample_1237","Primary Cell","CD34+ HSPC","Blood","Normal","16463"
"Sample_1238","Primary Cell","CD34+ HSPC","Blood","Normal","8526"
"Sample_1239","Primary Cell","CD34+ HSPC","Blood","Normal","20054"
"Sample_1240","Primary Cell","CD34+ HSPC","Blood","Normal","14615"
"Sample_1241","Primary Cell","CD34+ HSPC","Blood","Normal","3527"
"Sample_1242","Primary Cell","CD34+ HSPC","Blood","Normal","6879"
"Sample_1243","Primary Cell","CD34+ HSPC","Blood","Normal","2626"
"Sample_1244","Primary Cell","CD4+ T cell","Blood","Normal","6303"
"Sample_1245","Primary Cell","CD4+ T cell","Blood","Normal","5835"
"Sample_1246","Primary Cell","CD4+ T cell","Blood","Normal","7785"
"Sample_1247","Primary Cell","CD4+ T cell","Blood","Normal","9567"
"Sample_1248","Primary Cell","CD4+ T cell","Blood","Normal","13005"
"Sample_1249","Primary Cell","CD4+ T cell","Blood","Normal","22775"
"Sample_1250","Primary Cell","CD4+ T cell","Blood","Normal","20986"
"Sample_1251","Primary Cell","CD4+ T cell","Blood","Normal","22013"
"Sample_1252","Primary Cell","CD4+ T cell","Blood","Normal","8139"
"Sample_1253","Primary Cell","CD4+ T cell","Blood","Normal","12530"
"Sample_1254","Primary Cell","CD4+ T cell","Blood","Normal","8436"
"Sample_1255","Primary Cell","CD4+ T cell","Blood","Normal","11895"
"Sample_1256","Primary Cell","CD4+ T cell","Blood","Normal","5858"
"Sample_1257","Primary Cell","CD4+ T cell","Blood","Normal","6133"
"Sample_1258","Primary Cell","CD4+ T cell","Blood","Normal","4326"
"Sample_1259","Primary Cell","CD4+ T cell","Blood","Normal","8763"
"Sample_1260","Primary Cell","CD4+ T cell","Blood","Normal","8984"
"Sample_1261","Primary Cell","CD4+ T cell","Blood","Normal","11143"
"Sample_1262","Primary Cell","CD4+ T cell","Blood","Normal","9778"
"Sample_1263","Primary Cell","CD4+ T cell","Blood","Normal","9610"
"Sample_1264","Primary Cell","CD4+ T cell","Blood","Normal","12734"
"Sample_1265","Primary Cell","CD4+ T cell","Blood","Normal","14775"
"Sample_1266","Primary Cell","CD4+ T cell","Blood","Normal","15737"
"Sample_1267","Primary Cell","CD4+ T cell","Blood","Normal","5404"
"Sample_1268","Primary Cell","CD4+ T cell","Blood","Leukemia","9800"
"Sample_1269","Primary Cell","CD4+ T cell","Blood","Leukemia","2520"
"Sample_1270","Primary Cell","CD4+ T cell","Blood","Leukemia","7825"
"Sample_1271","Primary Cell","CD4+ T cell","Blood","Leukemia","10794"
"Sample_1272","Primary Cell","CD4+ T cell","Blood","Leukemia","19930"
"Sample_1273","Primary Cell","CD4+ T cell","Blood","Leukemia","22626"
"Sample_1274","Primary Cell","CD4+ T cell","Blood","Leukemia","18604"
"Sample_1275","Primary Cell","CD4+ T cell","Blood","Normal","14723"
"Sample_1276","Primary Cell","CD4+ T cell","Blood","Normal","13581"
"Sample_1277","Primary Cell","CD4+ T cell","Blood","Normal","1111"
"Sample_1278","Primary Cell","CD4+ T cell","Blood","Leukemia","11877"
"Sample_1279","Primary Cell","CD4+ T cell","Blood","Leukemia","13573"
"Sample_1280","Primary Cell","CD4+ T cell","Blood","Leukemia","6431"
"Sample_1281","Primary Cell","CD4+ T cell","Blood","Leukemia","10658"
"Sample_1282","Primary Cell","CD4+ T cell","Blood","Leukemia","9231"
"Sample_1283","Primary Cell","CD4+ T cell","Blood","Leukemia","18345"
"Sample_1284","Primary Cell","CD4+ T cell","Blood","Leukemia","7321"
"Sample_1285","Primary Cell","CD4+ T cell","Blood","Leukemia","22158"
"Sample_1286","Primary Cell","CD4+ T cell","Blood","Leukemia","17291"
"Sample_1287","Primary Cell","CD4+ T cell","Blood","Leukemia","7151"
"Sample_1288","Primary Cell","CD4+ T cell","Blood","Leukemia","14199"
"Sample_1289","Primary Cell","CD4+ T cell","Blood","Leukemia","12864"
"Sample_1290","Primary Cell","CD4+ T cell","Blood","Leukemia","15192"
"Sample_1291","Primary Cell","CD4+ T cell","Blood","Leukemia","11849"
"Sample_1292","Primary Cell","CD4+ T cell","Blood","Leukemia","14009"
"Sample_1293","Primary Cell","CD4+ T cell","Blood","Leukemia","11963"
"Sample_1294","Primary Cell","CD4+ T cell","Blood","Leukemia","8400"
"Sample_1295","Primary Cell","CD4+ T cell","Blood","Leukemia","13897"
"Sample_1296","Primary Cell","CD4+ T cell","Blood","Normal","3567"
"Sample_1297","Primary Cell","CD4+ T cell","Blood","Normal","12156"
"Sample_1298","Primary Cell","CD4+ T cell","Blood","Normal","4481"
"Sample_1299","Primary Cell","CD4+ T cell","Blood","Normal","11004"
"Sample_1300","Cell Line","Mixture of GM12878 and Patski mouse embryonic kidney fibroblast cell line","Blood","Normal","4759"
"Sample_1301","Cell Line","Mixture of GM12878 and HEK293T","Blood","Normal","11007"
"Sample_1302","Cell Line","Mixture of GM12878 and HL-60","Blood","Normal","7633"
"Sample_1303","Cell Line","Mixture of GM12878 and HL-60","Blood","Normal","57101"
"Sample_1304","Cell Line","Mixture of GM12878 and HL-60","Blood","Normal","64027"
"Sample_1305","Cell Line","Mixture of GM12878 and HL-60","Blood","Normal","45501"
"Sample_1306","Cell Line","GM12878","Blood","Normal","24997"
"Sample_1307","Cell Line","GM12878","Blood","Normal","30542"
"Sample_1308","Cell Line","GM12878","Blood","Normal","26770"
"Sample_1309","Cell Line","Raji","Blood","Lymphoma","27828"
"Sample_1310","Cell Line","Rj2_2_5","Blood","Lymphoma","17112"
"Sample_1311","Cell Line","SKNMC","Other","Ewing sarcoma","10372"
"Sample_1312","Cell Line","GM12878","Blood","Normal","24997"
"Sample_1313","Cell Line","GM12878","Blood","Normal","30542"
"Sample_1314","Cell Line","GM12878","Blood","Normal","26770"
"Sample_1315","Cell Line","GM12878","Blood","Normal","403"
"Sample_1316","Cell Line","GM12878","Blood","Normal","386"
"Sample_1317","Primary Cell","CD4+ T cell","Blood","Normal","7785"
"Sample_1318","Primary Cell","CD4+ T cell","Blood","Normal","9567"
"Sample_1319","Primary Cell","CD4+ T cell","Blood","Normal","13005"
"Sample_1320","Primary Cell","CD4+ T cell","Blood","Normal","22775"
"Sample_1321","Primary Cell","CD4+ T cell","Blood","Normal","2664"
"Sample_1322","Primary Cell","CD4+ T cell","Blood","Normal","9740"
"Sample_1323","Tissue","HCASMC","Blood","Coronary artery disease","48254"
"Sample_1324","Tissue","HCASMC","Blood","Coronary artery disease","67441"
"Sample_1325","Tissue","HCASMC","Blood","Coronary artery disease","43672"
"Sample_1326","Tissue","HCASMC","Blood","Coronary artery disease","124489"
"Sample_1327","Tissue","HCASMC","Blood","Coronary artery disease","53422"
"Sample_1328","Tissue","HCASMC","Blood","Coronary artery disease","61360"
"Sample_1329","Stem Cell","ESC","Embryo","Normal","33988"
"Sample_1330","Tissue","Frontal cortex","Frontal","Frontotemporal degeneration","12773"
"Sample_1331","Tissue","Frontal cortex","Frontal","Frontotemporal degeneration","4390"
"Sample_1332","Tissue","Frontal cortex","Frontal","Frontotemporal degeneration","5072"
"Sample_1333","Tissue","Frontal cortex","Frontal","Frontotemporal degeneration","6240"
"Sample_1334","Tissue","Frontal cortex","Frontal","Frontotemporal degeneration","6258"
"Sample_1335","Tissue","Frontal cortex","Frontal","Frontotemporal degeneration","18206"
"Sample_1336","Tissue","Frontal cortex","Frontal","Frontotemporal degeneration","44173"
"Sample_1337","Tissue","Frontal cortex","Frontal","Frontotemporal degeneration","18167"
"Sample_1338","Tissue","Frontal cortex","Frontal","Frontotemporal degeneration","5011"
"Sample_1339","Tissue","Frontal cortex","Frontal","Frontotemporal degeneration","4974"
"Sample_1340","Tissue","Frontal cortex","Frontal","Frontotemporal degeneration","13454"
"Sample_1341","Tissue","Frontal cortex","Frontal","Frontotemporal degeneration","24529"
"Sample_1342","Tissue","Frontal cortex","Frontal","Frontotemporal degeneration","3285"
"Sample_1343","Tissue","Frontal cortex","Frontal","Frontotemporal degeneration","6620"
"Sample_1344","Other","Myeloid","Myeloid","Normal","54611"
"Sample_1345","Other","Myeloid","Myeloid","Normal","53612"
"Sample_1346","Other","Myeloid","Myeloid","Normal","28839"
"Sample_1347","Cell Line","BIN-67","Ovarian","Deficient thoracic sarcomas","14464"
"Sample_1348","Cell Line","BIN-67","Ovarian","Deficient thoracic sarcomas","30924"
"Sample_1349","Cell Line","BIN-67","Ovarian","Deficient thoracic sarcomas","15810"
"Sample_1350","Cell Line","BIN-67","Ovarian","Deficient thoracic sarcomas","12578"
"Sample_1351","Cell Line","BIN-67","Ovarian","Deficient thoracic sarcomas","22466"
"Sample_1352","Cell Line","BIN-67","Ovarian","Deficient thoracic sarcomas","25192"
"Sample_1353","Primary Cell","HSPC","Peripheral blood","Normal","47469"
"Sample_1354","Primary Cell","HSPC","Peripheral blood","Normal","32821"
"Sample_1355","Primary Cell","HSPC","Peripheral blood","Normal","23857"
"Sample_1356","Primary Cell","Erythroblasts","Peripheral blood","Normal","29023"
"Sample_1357","Primary Cell","Erythroblasts","Peripheral blood","Normal","22885"
"Sample_1358","Primary Cell","HSPC","Peripheral blood","Normal","11695"
"Sample_1359","Primary Cell","HSPC","Peripheral blood","Normal","12453"
"Sample_1360","Tissue","Sperm","Sperm","Normal","20596"
"Sample_1361","Tissue","Sperm","Sperm","Normal","10114"
"Sample_1362","Cell Line","FT190","Other","Ovarion cancer","26177"
"Sample_1363","Cell Line","FT190","Other","Ovarion cancer","31633"
"Sample_1364","Cell Line","FT190","Other","Ovarion cancer","27236"
"Sample_1365","Cell Line","FT194","Other","Ovarion cancer","29194"
"Sample_1366","Cell Line","FT194","Other","Ovarion cancer","38341"
"Sample_1367","Cell Line","FT194","Other","Ovarion cancer","35804"
"Sample_1368","Primary Cell","CD8+ T cell","Blood","Normal","26645"
"Sample_1369","Primary Cell","CD8+ T cell","Blood","Normal","23935"
"Sample_1370","Primary Cell","CD8+ T cell","Blood","Normal","24948"
"Sample_1371","Primary Cell","CD8+ T cell","Blood","Normal","29265"
"Sample_1372","Primary Cell","CD8+ T cell","Blood","Normal","22768"
"Sample_1373","Primary Cell","CD8+ T cell","Blood","Normal","21143"
"Sample_1374","Other","Skin","Skin","Normal","88120"
"Sample_1375","Other","Skin","Skin","Normal","52519"
"Sample_1376","Other","Skin","Skin","Normal","2584"
"Sample_1377","Other","Skin","Skin","Normal","106235"
"Sample_1378","Other","Skin","Skin","Normal","76184"
"Sample_1379","Other","Skin","Skin","Normal","78256"
"Sample_1380","Other","Skin","Skin","Normal","41804"
"Sample_1381","Other","Skin","Skin","Normal","70730"
"Sample_1382","Induced pluripotent stem cell line","iPSC","Other","Other","51820"
"Sample_1383","Induced pluripotent stem cell line","iPSC","Other","Other","67884"
"Sample_1384","Induced pluripotent stem cell line","iPSC","Other","Other","123725"
"Sample_1385","Cell Line","MCF7","Mammary Gland","Breast cancer","54622"
"Sample_1386","Cell Line","MCF7","Mammary Gland","Breast cancer","35840"
"Sample_1387","Cell Line","HESC","Embryo","Normal","119463"
"Sample_1388","Cell Line","HESC","Embryo","Normal","37576"
"Sample_1389","Cell Line","HESC","Embryo","Normal","43381"
"Sample_1390","Cell Line","HESC","Embryo","Normal","39671"
"Sample_1391","Cell Line","HESC","Embryo","Normal","28893"
"Sample_1392","Cell Line","HESC","Embryo","Normal","28850"
"Sample_1393","Cell Line","HESC","Embryo","Normal","17905"
"Sample_1394","Cell Line","HESC","Embryo","Normal","31581"
"Sample_1395","Cell Line","HESC","Embryo","Normal","54504"
"Sample_1396","Cell Line","HESC","Embryo","Normal","44747"
"Sample_1397","Cell Line","HESC","Embryo","Normal","27183"
"Sample_1398","Cell Line","HESC","Embryo","Normal","31117"
"Sample_1399","Cell Line","HESC","Embryo","Normal","65618"
"Sample_1400","Cell Line","HESC","Embryo","Normal","45880"
"Sample_1401","Cell Line","HESC","Embryo","Normal","45350"
"Sample_1402","Cell Line","HESC","Embryo","Normal","24079"
"Sample_1403","Cell Line","HESC","Embryo","Normal","24701"
"Sample_1404","Cell Line","HESC","Embryo","Normal","67706"
"Sample_1405","Cell Line","HESC","Embryo","Normal","74228"
"Sample_1406","Cell Line","HESC","Embryo","Normal","41058"
"Sample_1407","Cell Line","HESC","Embryo","Normal","29582"
"Sample_1408","Cell Line","HESC","Embryo","Normal","101844"
"Sample_1409","Cell Line","HESC","Embryo","Normal","91707"
"Sample_1410","Cell Line","JHU-06","Peripheral blood","Leukemia","3555"
"Sample_1411","Cell Line","JHU-06","Peripheral blood","Leukemia","2181"
"Sample_1412","Cell Line","JHU-06","Peripheral blood","Leukemia","2997"
"Sample_1413","Cell Line","JHU-06","Peripheral blood","Leukemia","25237"
"Sample_1414","Cell Line","JHU-06","Peripheral blood","Leukemia","27299"
"Sample_1415","Cell Line","JHU-06","Peripheral blood","Leukemia","17803"
"Sample_1416","Cell Line","JHU-06","Peripheral blood","Leukemia","27114"
"Sample_1417","Cell Line","JHU-06","Peripheral blood","Leukemia","43850"
"Sample_1418","Cell Line","JHU-06","Peripheral blood","Leukemia","20729"
"Sample_1419","Cell Line","JHU-06","Peripheral blood","Leukemia","21584"
"Sample_1420","Cell Line","JHU-06","Peripheral blood","Leukemia","22171"
"Sample_1421","Cell Line","JHU-06","Peripheral blood","Leukemia","25686"
"Sample_1422","Cell Line","JHU-06","Peripheral blood","Leukemia","3660"
"Sample_1423","Cell Line","JHU-06","Peripheral blood","Leukemia","30059"
"Sample_1424","Cell Line","JHU-06","Peripheral blood","Leukemia","30273"
"Sample_1425","Cell Line","JHU-06","Peripheral blood","Leukemia","26980"
"Sample_1426","Cell Line","JHU-06","Peripheral blood","Leukemia","22086"
"Sample_1427","Cell Line","JHU-06","Peripheral blood","Leukemia","24735"
"Sample_1428","Cell Line","JHU-06","Peripheral blood","Leukemia","23436"
"Sample_1429","Cell Line","JHU-06","Peripheral blood","Leukemia","21031"
"Sample_1430","Cell Line","JHU-06","Peripheral blood","Leukemia","27181"
"Sample_1431","Cell Line","JHU-06","Peripheral blood","Leukemia","25109"
"Sample_1432","Cell Line","JHU-06","Peripheral blood","Leukemia","28112"
"Sample_1433","Cell Line","JHU-06","Peripheral blood","Leukemia","25013"
"Sample_1434","Cell Line","JHU-06","Peripheral blood","Leukemia","20280"
"Sample_1435","Cell Line","JHU-06","Peripheral blood","Leukemia","21560"
"Sample_1436","Cell Line","JHU-06","Peripheral blood","Leukemia","20615"
"Sample_1437","Cell Line","JHU-06","Peripheral blood","Leukemia","24502"
"Sample_1438","Cell Line","JHU-06","Peripheral blood","Leukemia","21386"
"Sample_1439","Cell Line","JHU-06","Peripheral blood","Leukemia","23158"
"Sample_1440","Cell Line","JHU-06","Peripheral blood","Leukemia","26557"
"Sample_1441","Cell Line","JHU-06","Peripheral blood","Leukemia","35331"
"Sample_1442","Tissue","Adipose","Adipose","Other","15955"
"Sample_1443","Tissue","Adipose","Adipose","Other","10764"
"Sample_1444","Tissue","Adipose","Adipose","Other","9131"
"Sample_1445","Tissue","Adipose","Adipose","Other","13687"
"Sample_1446","Tissue","Adipose","Adipose","Other","9754"
"Sample_1447","Tissue","Adipose","Adipose","Other","28648"
"Sample_1448","Cell Line","MUG-Chor1","Bone","Chordoma","15288"
"Sample_1449","Cell Line","U-CH2","Bone","Chordoma","42509"
"Sample_1450","Cell Line","U-CH2","Bone","Chordoma","37202"
"Sample_1451","Cell Line","22RV-1","Prostate","Prostate cancer","73770"
"Sample_1452","Cell Line","22RV-1","Prostate","Prostate cancer","46077"
"Sample_1453","Tissue","cerebellum","Brain","Other","46841"
"Sample_1454","Tissue","cerebellum","Brain","Other","52205"
"Sample_1455","Tissue","cerebellum","Brain","Other","75830"
"Sample_1456","Tissue","cerebellum","Brain","Other","87848"
"Sample_1457","Tissue","cerebellum","Brain","Other","27096"
"Sample_1458","Tissue","cerebellum","Brain","Other","23875"
"Sample_1459","Tissue","cerebellum","Brain","Other","18278"
"Sample_1460","Primary Cell","B cell","Blood","Hypogammaglobulinemia","8853"
"Sample_1461","Primary Cell","B cell","Blood","Hypogammaglobulinemia","15675"
"Sample_1462","Primary Cell","B cell","Blood","Hypogammaglobulinemia","12078"
"Sample_1463","Primary Cell","B cell","Blood","Hypogammaglobulinemia","21377"
"Sample_1464","Primary Cell","B cell","Blood","Hypogammaglobulinemia","26705"
"Sample_1465","Cell Line","HL-60","Blood","Normal","10161"
"Sample_1466","Cell Line","HL-60","Blood","Normal","17588"
"Sample_1467","Other","Macrophage","Blood","Other","10568"
"Sample_1468","Other","Monocyte","Blood","Other","6102"
"Sample_1469","Other","Monocyte","Blood","Other","8042"
"Sample_1470","Other","Neutrophile","Blood","Other","7806"
"Sample_1471","Other","Neutrophile","Blood","Other","2297"
"Sample_1472","Other","6TFs","Epithelial","Other","8360"
"Sample_1473","Other","CEC","Epithelial","Other","9837"
"Sample_1474","Other","CEC","Epithelial","Other","8172"
"Sample_1475","Other","CEC","Epithelial","Other","9245"
"Sample_1476","Other","CEC","Epithelial","Other","59849"
"Sample_1477","Other","CEC","Epithelial","Other","57787"
"Sample_1478","Other","CEC","Epithelial","Other","16379"
"Sample_1479","Other","CEC","Epithelial","Other","48405"
"Sample_1480","Other","CEC","Epithelial","Other","64704"
"Sample_1481","Other","CEC","Epithelial","Other","54564"
"Sample_1482","Other","CEC","Epithelial","Other","58281"
"Sample_1483","Other","CEC","Epithelial","Other","76819"
"Sample_1484","Primary Cell","primary hematopoietic cell","Other","Other","4833"
"Sample_1485","Primary Cell","primary hematopoietic cell","Other","Other","15968"
"Sample_1486","Primary Cell","Colon","Colon","Normal","5555"
"Sample_1487","Primary Cell","Colon","Colon","Normal","9790"
"Sample_1488","Primary Cell","Colon","Colon","Colorectal carcinoma","8091"
"Sample_1489","Other","B cell","Other","Systemic Lupus Erythematosus","33777"
"Sample_1490","Other","B cell","Other","Systemic Lupus Erythematosus","34996"
"Sample_1491","Other","B cell","Other","Systemic Lupus Erythematosus","11932"
"Sample_1492","Other","B cell","Other","Systemic Lupus Erythematosus","43381"
"Sample_1493","Other","B cell","Other","Normal","25388"