transcriptclusterid,NM,SYMBOL,logFC,AveExpr,t,P.Value,adj.P.Val,B
7936050,NM_000102,CYP17A1,7.908341015,8.820458897,10.28443929,3.30443E-14,1.04689E-12,21.99768145
7990333,NM_000781,CYP11A1,6.850715747,9.504961826,15.06012199,9.55294E-21,1.83864E-18,37.00365932
8037949,NM_003167,SULT2A1,6.603893008,6.642797217,24.35463225,2.30042E-30,5.47123E-27,58.7930491
8150253,NM_000349,STAR,6.197194422,9.664878597,16.44126646,2.07418E-22,5.95379E-20,40.80494279
8022412,NM_000529,MC2R,5.961026661,5.895098112,46.27460601,2.19469E-44,7.30767E-40,88.82343123
8153363,NM_000497,CYP11B1,5.579178725,7.899104899,20.67701527,5.77824E-27,6.20639E-24,51.15286445
8102831,NM_032623,MGARP,5.214289455,8.725093405,15.08463153,8.90793E-21,1.73455E-18,37.07312829
8127072,NM_145740,GSTA1,5.149890005,7.800685102,16.63636202,1.22885E-22,3.78862E-20,41.32373661
8171653,NM_001001671,MAP3K15,5.108443098,7.368808451,21.01507037,2.69005E-27,2.98569E-24,51.90264692
8104758,NM_000908,NPR3,4.622826031,8.15492236,18.37422602,1.38836E-24,7.22318E-22,45.75759173
8134376,NM_145872,ASB4,4.603793206,5.931816076,35.47564744,1.74342E-38,2.90253E-34,76.56857924
8103769,NM_000860,HPGD,4.460751365,7.561336626,12.90442312,5.97026E-18,5.15005E-16,30.59589374
8100655,NM_000406,GNRHR,4.43290658,6.460571757,16.13969172,4.69795E-22,1.26151E-19,39.99431081
8104746,NM_000908,NPR3,4.383548118,8.388283249,18.71212751,6.01937E-25,3.64413E-22,46.58215175
8105084,NM_000587,C7,4.339984718,8.995893714,10.62991568,1.00951E-14,3.60661E-13,23.18111786
7976488,NM_000624,SERPINA5,4.264983503,7.974835463,14.26195508,9.68467E-20,1.42686E-17,34.70038625
8065756,ENST00000449115,FDX1P1,4.257095733,7.73127381,15.22340694,6.00425E-21,1.24176E-18,37.46507241
7967544,ENST00000535005,SCARB1,4.150238308,9.160860965,9.069543231,2.3815E-12,4.87081E-11,17.72981982
8169115,NM_198465,NRK,4.093995342,10.11163458,14.38601624,6.72218E-20,1.02674E-17,35.06365475
8178177,NM_000500,CYP21A2,4.093790015,7.078270764,13.32999063,1.59948E-18,1.63022E-16,31.90834087
8179440,NM_000500,CYP21A2,4.093790015,7.078270764,13.32999063,1.59948E-18,1.63022E-16,31.90834087
8118498,NM_000500,CYP21A2,4.053908684,7.179363196,13.43715224,1.15218E-18,1.22179E-16,32.2351
7943721,NM_004109,FDX1,4.026762483,8.656534459,13.53013128,8.67822E-19,9.50521E-17,32.51740299
7928944,NM_001015880,PAPSS2,4.002804089,8.275411322,11.93029869,1.3285E-16,7.88501E-15,27.50234139
7916432,NM_014762,DHCR24,3.995117387,10.99711576,11.23819193,1.29663E-15,5.84222E-14,25.22921587
8175263,NM_021796,PLAC1,3.985936291,8.115212854,24.50814494,1.69564E-30,4.70498E-27,59.08888209
7989199,NM_001206897,ALDH1A2,3.976253488,8.765706753,16.71567443,9.94484E-23,3.18398E-20,41.53339192
8079422,NM_001174136,TDGF1,3.964354135,7.00475197,14.49245144,4.92176E-20,7.9169E-18,35.37375704
8056327,NM_004490,GRB14,3.962502379,7.231626196,21.42493612,1.07849E-27,1.38117E-24,52.79805105
7995783,NM_005953,MT2A,3.948475989,9.346753639,12.55446875,1.79444E-17,1.34268E-15,29.49885945
7902518,NM_017655,GIPC2,3.940518492,7.612156882,19.97213265,2.93781E-26,2.50821E-23,49.55578868
7976783,NM_003836,DLK1,3.924408514,9.88384952,11.82949756,1.84422E-16,1.06057E-14,27.17513282
8175457,NM_001099855,MCF2,3.836542939,5.768155392,29.66094138,1.41072E-34,6.71038E-31,68.11512909
8083246,NM_001871,CPB1,3.819549029,5.551592259,33.75134336,2.16563E-37,1.80273E-33,74.22434668
8083415,NM_001086,AADAC,3.762117281,3.961070224,8.150326609,6.66058E-11,9.86993E-10,14.41003936
7907702,NM_001252511,SOAT1,3.753950472,8.410435997,19.4480769,1.01312E-25,7.49641E-23,48.33796497
8046099,NM_001039724,NOSTRIN,3.749315956,7.578431339,18.4067572,1.2804E-24,6.8904E-22,45.83748956
8169931,NM_001282607,ARHGAP36,3.699099949,6.695636649,19.95891704,3.03004E-26,2.52228E-23,49.52540142
8048639,NM_002191,INHA,3.673583544,8.115755067,13.77612196,4.12157E-19,4.86652E-17,33.2588733
8122071,NM_005021,ENPP3,3.620107117,7.037118177,16.66441079,1.14016E-22,3.58149E-20,41.39796333
7946579,NM_006691,LYVE1,3.617193443,8.380095241,11.39273088,7.75505E-16,3.68885E-14,25.74212726
8129804,NM_005923,MAP3K5,3.616041121,7.612846978,31.88785195,3.77584E-36,2.51449E-32,71.5425396
8089259,NA,NA,3.585578916,5.372227219,17.40331987,1.63396E-23,5.78785E-21,43.32132482
7954196,NM_001260511,MGST1,3.471951081,6.288170947,10.92812261,3.66993E-15,1.47939E-13,24.19096584
8008646,NM_021626,SCPEP1,3.441976159,8.549886174,18.50278461,1.00887E-24,5.59875E-22,46.07269522
8077185,NM_000039,APOA1,3.424999708,8.802815242,11.54133731,4.7442E-16,2.38262E-14,26.23246178
7917649,NM_001195683,TGFBR3,3.416799376,9.3866007,14.33550885,7.79775E-20,1.16431E-17,34.91599792
8092726,NM_021101,CLDN1,3.391665997,7.849787273,15.2021974,6.37643E-21,1.31059E-18,37.40532351
8140967,NM_001193307,SAMD9,3.344856997,6.679239322,18.74928623,5.49459E-25,3.38802E-22,46.67211149
7951865,NM_000039,APOA1,3.327966608,8.759612121,11.58902148,4.05453E-16,2.09308E-14,26.38919537
8168205,NM_001170931,FOXO4,3.320568353,8.925072501,12.66091378,1.28184E-17,1.00901E-15,29.83424317
8029536,NM_001645,APOC1,3.306302256,7.218786263,10.3738288,2.42802E-14,7.90281E-13,22.30525284
8171892,NM_000475,NR0B1,3.252046586,6.735109644,24.45529503,1.88305E-30,4.82307E-27,58.98722913
7904408,NM_000198,HSD3B2,3.187574027,6.843642919,9.07900954,2.30206E-12,4.71993E-11,17.76365319
8083494,NM_000902,MME,3.076133823,8.568064766,12.70811462,1.10472E-17,8.94983E-16,29.98248622
8099967,NM_001098634,RBM47,3.075483013,8.148254791,21.2124608,1.72915E-27,2.13242E-24,52.33571912
7944769,NM_001286563,GRAMD1B,3.053957291,8.998017042,8.639847856,1.12045E-11,1.98761E-10,16.18589086
8041519,NM_144713,RMDN2,3.045363463,6.712832241,15.29716053,4.87321E-21,1.02698E-18,37.67241252
7945680,NR_002196,H19,3.024594349,12.25703894,11.63164809,3.5242E-16,1.86262E-14,26.52905651
7950810,NM_001162951,SYTL2,3.015660509,6.973061079,17.44273786,1.47552E-23,5.45892E-21,43.42221872
7896698,NA,NA,2.997451052,7.865330601,11.37818275,8.13848E-16,3.84379E-14,25.69397252
8098195,NM_006745,MSMO1,2.996979089,9.615966341,8.27597678,4.2082E-11,6.51118E-10,14.86734828
7950899,NM_022337,RAB38,2.982333653,8.035782226,31.42692281,7.83795E-36,4.34967E-32,70.85380612
7993756,NM_005622,ACSM3,2.976801311,7.811375449,11.93268554,1.31824E-16,7.8381E-15,27.51007326
8164077,NM_004959,NR5A1,2.958405492,8.223158374,19.63873839,6.43857E-26,5.06241E-23,48.78410036
8101648,NM_016245,HSD17B11,2.956023843,8.847478596,18.52860819,9.46387E-25,5.34099E-22,46.13578347
8045539,NM_001032998,KYNU,2.951441431,5.401592968,12.99688307,4.4757E-18,3.98469E-16,30.88305422
7930181,NM_020682,AS3MT,2.937077276,8.959649509,15.97675104,7.33848E-22,1.92401E-19,39.55188623
7970793,NM_181785,SLC46A3,2.933304026,6.242193115,10.84744516,4.82034E-15,1.87284E-13,23.91884442
8175177,NM_001170701,MBNL3,2.926476541,9.770354446,20.17313109,1.83947E-26,1.65537E-23,50.01591782
8103415,NM_001031700,FAM198B,2.926065749,9.137661926,14.60036963,3.59302E-20,6.05006E-18,35.68671958
8159096,NM_000787,DBH,2.922872778,7.158954352,15.70939187,1.53565E-21,3.67861E-19,38.81910906
8025303,NM_001144904,CLEC4M,2.870833015,7.281354821,10.47320098,1.72562E-14,5.82011E-13,22.64605986
7976322,NM_001275,CHGA,2.853546806,6.89936572,14.73350619,2.44182E-20,4.39488E-18,36.07079758
7933842,NM_178505,TMEM26,2.842725716,8.149225467,17.85354352,5.14632E-24,2.2547E-21,44.46362466
8070538,NM_015500,C2CD2,2.818398471,7.513171893,15.79302463,1.21785E-21,3.02618E-19,39.04924682
8025828,NM_000527,LDLR,2.807232772,9.350317646,8.425843043,2.43708E-11,3.99544E-10,15.41151557
8115261,NM_015621,CCDC69,2.794045423,7.819184957,11.54792504,4.64227E-16,2.35272E-14,26.25413253
8162531,ENST00000396160,MT1P1,2.793813051,9.216311431,12.76914687,9.11865E-18,7.53409E-16,30.17373593
7896716,NA,NA,2.786786239,8.459769937,12.38453061,3.07952E-17,2.14516E-15,28.96034121
8111915,NM_001085486,SEPP1,2.740354947,7.906470834,12.6376359,1.37952E-17,1.07573E-15,29.76102702
8116983,NM_001040280,CD83,2.737364456,8.061415242,18.3172325,1.60032E-24,8.19781E-22,45.61734748
7955797,NM_001164690,AMHR2,2.7349473,7.942732848,29.30849035,2.55808E-34,1.0647E-30,67.54871765
8035304,NM_004335,BST2,2.734243346,7.577296529,18.90402612,3.76347E-25,2.50624E-22,47.04521968
8129637,NM_004665,VNN2,2.727860034,5.19626554,16.72072853,9.81187E-23,3.1719E-20,41.54672759
8078397,NM_178868,CMTM8,2.716417775,7.377611779,20.23263689,1.6025E-26,1.48218E-23,50.15141068
7933750,NM_194298,SLC16A9,2.694514559,7.937869972,12.52551617,1.96687E-17,1.45535E-15,29.40737928
8163063,NM_001286974,CTNNAL1,2.687553916,8.607230392,21.73034065,5.50753E-28,8.33564E-25,53.45572186
8018236,NM_001258012,FDXR,2.686393423,8.241525836,19.23809502,1.67566E-25,1.16239E-22,47.8425017
8066461,NM_006809,TOMM34,2.645573903,8.466608979,23.19996106,2.40568E-29,5.00638E-26,56.51154029
8060805,NM_001819,CHGB,2.640707368,6.789728434,9.698218786,2.55167E-13,6.55577E-12,19.95790471
8095646,NM_001134,AFP,2.634235859,8.373818909,2.36153745,0.021924904,0.044158814,-4.671284493
7954810,NM_198578,LRRK2,2.631861653,6.39397362,14.78715745,2.09113E-20,3.80482E-18,36.22494526
7937772,NA,NA,2.629320495,9.424694403,11.12619483,1.88546E-15,8.12163E-14,24.85559962
8044700,NM_001004360,DPP10,2.627100315,8.569229388,11.74347043,2.4425E-16,1.37844E-14,26.89483603
7950067,NM_001163817,DHCR7,2.622414221,9.25818347,7.620080105,4.67085E-10,5.74955E-09,12.47168474
8029530,NM_000041,APOE,2.620458352,9.120787412,15.51573871,2.63522E-21,6.00992E-19,38.28299208
7932254,NM_001291494,ITGA8,2.618484444,8.703995805,9.363271835,8.34536E-13,1.89676E-11,18.77571006
7966690,NM_005996,TBX3,2.606623225,8.674044753,14.09394922,1.59275E-19,2.12135E-17,34.20531761
8167027,NM_001282848,RGN,2.603024543,6.026372711,16.39162478,2.37131E-22,6.57978E-20,40.67223479
8092534,NM_080652,TMEM41A,2.600453054,8.951632042,20.44358443,9.85295E-27,9.4373E-24,50.62907417
8105229,NM_015946,PELO,2.597555663,8.125011402,20.54354944,7.83538E-27,8.15296E-24,50.85399491
7966600,NM_024959,SLC8B1,2.575661323,7.412304459,12.55693846,1.78046E-17,1.33689E-15,29.50665779
8023401,NM_001143829,CCDC68,2.552402439,6.612553259,15.45573952,3.11791E-21,6.96759E-19,38.11596811
7943882,NM_000317,PTS,2.551882408,8.67815778,24.67650824,1.21575E-30,3.68008E-27,59.41136941
8129458,NM_033515,ARHGAP18,2.548595207,8.025502894,21.45843294,1.00148E-27,1.38117E-24,52.87057812
8044391,NM_006343,MERTK,2.543634527,8.746582482,22.97383196,3.85292E-29,7.12726E-26,56.05272917
8027402,NM_001238,CCNE1,2.541826072,7.490907258,19.28412985,1.50011E-25,1.08585E-22,47.95149545
8148049,NM_002514,NOV,2.54134487,7.589250675,14.37754408,6.89149E-20,1.04623E-17,35.03890923
7921916,NM_001195303,RGS5,2.53252383,8.607239024,11.16256408,1.66932E-15,7.28486E-14,24.97709986
8127087,NM_000847,GSTA3,2.529029802,6.279782498,9.168599138,1.67055E-12,3.53394E-11,18.08344537
8133670,NM_000941,POR,2.526722454,8.907763571,11.56041183,4.4551E-16,2.26822E-14,26.29519323
8104625,ENST00000503199,HSPD1P1,2.523169845,5.666034977,14.56104603,4.02889E-20,6.60837E-18,35.57285115
8020347,ENST00000391027,RNU6-316P,2.515170679,6.079274462,10.11854284,5.86923E-14,1.74178E-12,21.42438832
7982341,NM_000746,CHRNA7,2.506885418,7.718315691,12.12723253,7.0257E-17,4.52485E-15,28.13777848
8098439,NM_002354,EPCAM,2.50353883,8.33340121,14.36575747,7.13426E-20,1.07004E-17,35.00446772
8047228,NM_001100819,MOB4,2.496793976,8.62577047,11.40295048,7.49667E-16,3.57105E-14,25.77593822
8135734,NM_001105533,CPED1,2.485788326,8.165420159,10.16982151,4.91266E-14,1.48436E-12,21.60193421
7906919,NM_001102445,RGS4,2.443566344,7.526319343,8.408817026,2.59289E-11,4.2156E-10,15.34976801
8167449,NM_002668,PLP2,2.438178009,9.067765941,10.26614574,3.51997E-14,1.10683E-12,21.93462109
8111772,NM_001244871,DAB2,2.436883507,8.890086256,11.18049687,1.57215E-15,6.90607E-14,25.03694698
7964834,NM_001005502,CPM,2.435980513,6.327641814,10.99691815,2.91042E-15,1.21135E-13,24.42236854
8051998,NM_001171506,MCFD2,2.432200619,8.457283839,25.71486859,1.62833E-31,6.02427E-28,61.35602871
8068192,NM_001285394,MRAP,2.430251769,6.592696817,15.51975636,2.60574E-21,5.98368E-19,38.2941607
7950906,NM_001114173,CTSC,2.42762719,8.914509298,13.46098753,1.07133E-18,1.14333E-16,32.30757583
8100808,NM_005420,SULT1E1,2.413578985,8.63354804,5.857416082,3.09367E-07,2.08691E-06,6.035048425
8042468,NM_001153,ANXA4,2.406475584,7.718338094,12.66542301,1.26374E-17,9.97126E-16,29.84841791
8141206,NM_018842,BAIAP2L1,2.404505686,7.000931744,11.64413542,3.38256E-16,1.79919E-14,26.56998388
8101957,NM_001159694,EMCN,2.403399499,7.872117096,7.234879752,1.93632E-09,2.09739E-08,11.05832432
8111490,NM_000949,PRLR,2.398807009,6.18837421,10.53950525,1.37492E-14,4.72454E-13,22.87279919
8166632,NM_000167,GK,2.393274347,7.757747519,8.282019854,4.1164E-11,6.38464E-10,14.88931853
8048926,ENST00000396563,SP140L,2.390997485,5.656212824,17.73811476,6.90656E-24,2.8869E-21,44.17285708
8095628,NM_000477,ALB,2.389704632,6.584606119,2.689925236,0.009547975,0.021593352,-3.920959787
8055702,NM_004688,NMI,2.388687511,5.510560704,12.03452964,9.4767E-17,5.83264E-15,27.83928979
8098344,ENST00000502896,HAND2-AS1,2.379887233,7.340114232,6.81941795,8.99731E-09,8.46281E-08,9.533780878
8149592,NM_001135691,SLC18A1,2.371841256,5.954171964,13.89159437,2.91345E-19,3.60629E-17,33.60423596
8057887,NM_004226,STK17B,2.368191173,8.341573439,15.25038349,5.56253E-21,1.1576E-18,37.54098765
8039389,NM_002842,PTPRH,2.363356239,6.723395855,14.12370928,1.45802E-19,1.98154E-17,34.29327525
8065444,NM_001252675,ACSS1,2.359044757,7.925258711,12.37921933,3.13213E-17,2.17668E-15,28.94344918
8141342,NM_000765,CYP3A7,2.34153234,4.735407261,5.870803948,2.94634E-07,1.9948E-06,6.083159548
8161755,NM_000689,ALDH1A1,2.340103118,8.353125715,12.60023343,1.55253E-17,1.18838E-15,29.64323565
8174103,NM_000167,GK,2.337416199,8.983048914,8.215255865,5.25301E-11,7.97944E-10,14.64646775
8064808,NM_005116,SLC23A2,2.330192968,8.394559301,14.7189277,2.54705E-20,4.48725E-18,36.02884928
7923582,ENST00000479457,HSPE1P6,2.321112338,7.537573584,11.53170263,4.89737E-16,2.44479E-14,26.20075782
8142585,NM_001009571,CADPS2,2.316390963,7.21287919,17.5583117,1.09516E-23,4.29004E-21,43.71705799
7957835,NM_001206977,NR1H4,2.315966983,5.327579558,9.478757011,5.53898E-13,1.2979E-11,19.18461755
7957023,NM_000239,LYZ,2.315486895,6.390658802,5.261611426,2.65403E-06,1.48398E-05,3.921323086
8156783,NM_001855,COL15A1,2.31296958,8.058944897,9.628321234,3.26428E-13,8.1966E-12,19.71216442
8121649,ENST00000487683,RFX6,2.309535883,4.289793445,9.379065035,7.88979E-13,1.80059E-11,18.83170921
8022531,NM_000271,NPC1,2.308164599,8.49900536,8.773579429,6.90752E-12,1.27778E-10,16.66804414
8180268,NA,NA,2.30126999,10.03095164,9.184202834,1.57993E-12,3.35718E-11,18.13906668
8078619,NM_002207,ITGA9,2.299645428,9.232010549,11.67522101,3.05446E-16,1.65642E-14,26.67177959
8169492,NM_000686,AGTR2,2.299432679,5.728951734,12.67996032,1.20714E-17,9.63888E-16,29.89409756
7957654,NM_152435,AMDHD1,2.298195328,6.762677437,7.89148228,1.72048E-10,2.34686E-09,13.46530115
8041542,NM_138801,GALM,2.294879501,7.256036766,16.26011317,3.38529E-22,9.23935E-20,40.31927713
7938880,NM_001098523,HTATIP2,2.293034483,6.014828465,7.195180422,2.24238E-09,2.39232E-08,10.91257814
8047300,NM_001159,AOX1,2.292384254,5.807905461,7.545794555,6.14254E-10,7.39972E-09,12.19932271
7929012,ENST00000371922,STAMBPL1,2.291774627,6.352411385,15.30015564,4.83214E-21,1.02481E-18,37.68081848
7935521,NM_021732,AVPI1,2.287714993,7.100144393,9.986926351,9.27899E-14,2.65432E-12,20.96730668
8026971,NM_006332,IFI30,2.276777284,7.246819649,11.51477127,5.17877E-16,2.57369E-14,26.14501437
8027837,NM_001185099,CD22,2.271461463,7.504389364,10.85620104,4.6796E-15,1.82455E-13,23.94841675
8080487,NM_006254,PRKCD,2.271097096,7.734942598,13.49592719,9.63067E-19,1.04795E-16,32.41368314
7913593,NM_003196,TCEA3,2.267749522,8.676335611,9.8666727,1.41253E-13,3.87557E-12,20.54798081
7917530,NM_004120,GBP2,2.251691119,5.527009409,8.187172284,5.82088E-11,8.77798E-10,14.54423602
7980636,NM_183387,EML5,2.24693657,7.190123845,8.918145429,4.10196E-12,7.98731E-11,17.18762149
7951351,NM_025208,PDGFD,2.246859809,7.605152607,11.19354384,1.50507E-15,6.65528E-14,25.08046301
8141094,NM_002612,PDK4,2.2453192,7.120513125,8.681014965,9.65283E-12,1.72801E-10,16.33446379
8127854,NM_002395,ME1,2.235682814,7.673884824,8.466294392,2.10359E-11,3.49866E-10,15.55813938
8018038,NM_018672,ABCA5,2.225974355,8.097839603,12.16664272,6.18847E-17,4.04828E-15,28.26433245
8142270,ENST00000379022,NRCAM,2.219693004,7.806716526,9.713848227,2.41511E-13,6.25086E-12,20.01278223
7917532,NM_004120,GBP2,2.218268823,5.636060593,8.804778281,6.17177E-12,1.15515E-10,16.78032177
8057677,NM_014585,SLC40A1,2.209579534,9.410612679,10.85994064,4.62076E-15,1.81022E-13,23.96104407
8023855,NM_001190807,CYB5A,2.207156679,9.192949317,11.51915449,5.10439E-16,2.54052E-14,26.15944887
8023121,NM_013305,ST8SIA5,2.203850622,6.42418223,14.86535199,1.66922E-20,3.07073E-18,36.44896562
8129985,NM_001080951,PLAGL1,2.20135331,9.793227466,17.97819468,3.75139E-24,1.71109E-21,44.77601758
7903144,NM_001114106,SLC44A3,2.189723481,7.18947835,12.65478459,1.30686E-17,1.02628E-15,29.81497186
8157216,NM_003358,UGCG,2.185560128,8.466927629,21.17566438,1.87716E-27,2.23228E-24,52.25524983
8058498,NM_003468,FZD5,2.178588936,7.269399408,16.5773469,1.43905E-22,4.31677E-20,41.16726743
8020955,NM_017947,MOCOS,2.178542345,6.335036318,9.628117333,3.26663E-13,8.1966E-12,19.71144681
7917954,NM_001013660,FRRS1,2.16615048,7.293384183,9.826292817,1.62718E-13,4.38352E-12,20.4068162
7967034,NM_000928,PLA2G1B,2.165201112,5.973412995,13.90046283,2.83705E-19,3.52483E-17,33.63068931
8127094,NM_001512,GSTA4,2.164158441,8.742502735,14.62748695,3.32061E-20,5.72882E-18,35.76512921
8071809,NM_000854,GSTT2,2.157798297,7.576163699,5.568006855,8.84023E-07,5.43488E-06,5.001059923
8074962,NM_000854,GSTT2,2.157798297,7.576163699,5.568006855,8.84023E-07,5.43488E-06,5.001059923
7957458,NM_006183,NTS,2.156278635,5.291312492,4.361828063,6.01895E-05,0.000250449,0.877681228
8080511,NM_000720,CACNA1D,2.147065861,7.411317815,12.82472754,7.66008E-18,6.44085E-16,30.34747745
8123598,NM_030666,SERPINB1,2.14482024,6.920910983,12.14112231,6.71828E-17,4.3606E-15,28.18240454
8045776,NM_052917,GALNT13,2.144729596,6.63333227,9.979019464,9.53846E-14,2.7192E-12,20.93978492
8147848,NM_018002,OXR1,2.144135638,7.5161574,15.26641611,5.31577E-21,1.1132E-18,37.58606313
7931754,NM_004508,IDI1,2.141984526,9.310125726,6.642161581,1.73207E-08,1.52492E-07,8.884585298
8143279,NM_020119,ZC3HAV1,2.136014869,8.232922604,12.75768713,9.45278E-18,7.77159E-16,30.13786311
8122045,NM_004842,AKAP7,2.13576265,6.651940623,13.77297199,4.16085E-19,4.89554E-17,33.24942808
8039353,NM_000363,TNNI3,2.13152489,7.783359838,7.364536434,1.19927E-09,1.36194E-08,11.53428144
8122426,NM_001100164,PHACTR2,2.125670753,8.117260013,13.32558054,1.62127E-18,1.64584E-16,31.8948615
7903358,NM_001078,VCAM1,2.122492091,7.973705259,6.552649731,2.41034E-08,2.04946E-07,8.557263293
8094609,NM_138389,FAM114A1,2.121440138,8.377334685,9.856401891,1.46426E-13,3.99381E-12,20.51209195
7928589,ENST00000472580,PPIF,2.120969003,8.722509679,9.471590514,5.68145E-13,1.32941E-11,19.15928177
7968678,NM_207361,FREM2,2.115197003,9.19783148,4.517255965,3.56058E-05,0.000156037,1.386735071
7936507,XM_005269556,C10orf82,2.114514182,7.836990945,19.70626038,5.48805E-26,4.45696E-23,48.9412516
8092707,NM_018192,LEPREL1,2.099273124,8.391323252,11.10550587,2.02083E-15,8.62661E-14,24.78640853
8123695,NM_001166010,ECI2,2.095830919,8.22764945,16.23384438,3.63563E-22,9.84191E-20,40.24853376
7928872,NM_003087,SNCG,2.092987671,7.581352138,16.85857622,6.8041E-23,2.26556E-20,41.90932872
8092177,NM_001146276,NCEH1,2.091315411,6.785668853,10.9719838,3.16537E-15,1.3012E-13,24.33856707
8117476,NM_001242803,BTN3A3,2.091314263,6.48152806,13.57447332,7.58395E-19,8.47392E-17,32.6516389
7976812,NR_003232,SNORD113-4,2.08826926,9.468546334,10.71230991,7.62456E-15,2.81146E-13,23.46123269
8169186,NM_017752,TBC1D8B,2.086525096,6.731836823,12.94958957,5.1857E-18,4.52011E-16,30.73631083
7926506,NM_000724,CACNB2,2.084555093,7.967329164,11.77470551,2.20538E-16,1.24885E-14,26.99671856
8041508,NM_012413,QPCT,2.084285051,6.033216402,9.305618268,1.02456E-12,2.28959E-11,18.57107427
7942771,AK096213,FLJ38894,2.080464514,7.976756875,8.423404488,2.4588E-11,4.01918E-10,15.40267297
8132503,NM_004760,STK17A,2.076783397,7.620673023,12.90338202,5.9897E-18,5.15347E-16,30.59265391
8095376,ENST00000262499,MT2P1,2.072243087,9.787448513,13.01042679,4.29112E-18,3.8409E-16,30.92502403
8090018,NM_001146102,PARP9,2.064835555,6.211553223,10.39541824,2.25418E-14,7.38026E-13,22.37939609
8041048,NM_005253,FOSL2,2.062059211,7.470931536,14.44438975,5.66477E-20,8.89716E-18,35.23390526
8078386,NM_015141,GPD1L,2.050595791,7.089231076,7.392592923,1.08122E-09,1.23844E-08,11.63725495
8106280,NM_000859,HMGCR,2.042205637,10.52411855,7.149652703,2.65342E-09,2.7826E-08,10.74543639
8163505,NM_031219,HDHD3,2.037898028,7.374694048,18.40593866,1.28301E-24,6.8904E-22,45.83548055
7930170,NM_001136200,C10orf32,2.033799434,6.355141264,17.43189691,1.51747E-23,5.48211E-21,43.39448735
8077376,NM_001099952,ITPR1,2.030232517,8.0099537,11.22581487,1.3513E-15,6.03951E-14,25.18800492
7979269,NM_000161,GCH1,2.030096069,5.924657914,16.64591715,1.19787E-22,3.72763E-20,41.3490329
8117435,NM_001197247,BTN3A2,2.028366233,6.546246273,10.6400937,9.75063E-15,3.5096E-13,23.21576487
7943319,NM_001243271,CNTN5,2.027228341,6.510575749,9.09129701,2.20291E-12,4.5362E-11,17.80755742
7991209,NM_022163,MRPL46,2.026906445,8.528277238,16.41574586,2.22189E-22,6.32326E-20,40.7367538
8106210,NM_001080479,ARHGEF28,2.023332344,7.285489954,18.66587816,6.74437E-25,4.01013E-22,46.46998677
8095362,ENST00000262499,MT2P1,2.015902923,10.01554473,12.82486614,7.65676E-18,6.44085E-16,30.34791021
8151471,NM_014018,MRPS28,2.008208275,7.250433937,16.52023502,1.67727E-22,4.89895E-20,41.01546292
7961900,NM_002223,ITPR2,2.002004641,8.262132478,17.56659539,1.07206E-23,4.24957E-21,43.73813434
8167185,ENST00000218388,TIMP1,1.996784975,10.16317953,12.72880659,1.03509E-17,8.44743E-16,30.04738101
8129677,NM_001143677,SGK1,1.996434211,7.032853152,11.07295986,2.25396E-15,9.56052E-14,24.67745393
8106354,NM_001285460,IQGAP2,1.991891539,8.016260404,9.53871862,4.47961E-13,1.08242E-11,19.39639416
8091078,NM_002899,RBP1,1.991134246,9.462099409,19.63229271,6.53764E-26,5.06241E-23,48.76907558
8159992,NM_024896,ERMP1,1.990652382,9.329994645,12.66966231,1.24696E-17,9.86527E-16,29.86174164
8089448,NM_018189,DPPA4,1.9902489,7.627746608,14.50530135,4.74041E-20,7.66221E-18,35.41109878
8082100,ENST00000460683,PARP14,1.988583561,7.575162746,13.12109066,3.04446E-18,2.84751E-16,31.26705403
7978272,NM_014430,CIDEB,1.98288573,6.721973633,17.73644301,6.93612E-24,2.8869E-21,44.16863537
8046906,NM_001252668,GULP1,1.982632881,7.207879905,11.12425092,1.89778E-15,8.16414E-14,24.8491008
8005603,NM_018242,SLC47A1,1.974868648,6.665825396,6.673184898,1.54455E-08,1.37731E-07,8.998117943
8094911,NM_020453,ATP10D,1.968903083,8.709832461,15.88919297,9.33761E-22,2.3377E-19,39.3128458
8140864,NM_000786,CYP51A1,1.966964958,9.025004798,8.300335061,3.85028E-11,6.0171E-10,14.95589162
8102532,NM_001083,PDE5A,1.965650265,8.302621419,8.315058189,3.64894E-11,5.73561E-10,15.00939282
7976795,ENST00000398461,MEG3,1.958133841,9.409450694,11.16451169,1.65848E-15,7.24705E-14,24.98360159
7913682,NM_000191,HMGCL,1.957795475,7.756788124,18.64620506,7.0791E-25,4.13531E-22,46.42220871
7976818,NR_003198,SNORD114-6,1.949572466,7.31535076,3.783588777,0.000396509,0.001338054,-0.936933547
7924342,NM_018713,SLC30A10,1.949390366,6.540043641,6.893790155,6.83436E-09,6.59032E-08,9.80647564
8065992,NM_001198989,NFS1,1.947679301,8.318846052,17.42842031,1.53118E-23,5.48211E-21,43.38559142
7933194,NM_000609,CXCL12,1.941500432,9.439587819,6.598336673,2.0363E-08,1.76478E-07,8.724279255
7985662,NM_002605,PDE8A,1.934199839,7.969843812,15.91778716,8.63027E-22,2.21048E-19,39.39101036
8086754,NM_012235,SCAP,1.928613756,8.968110166,11.83271719,1.82496E-16,1.052E-14,27.18560445
7962579,NM_001143668,AMIGO2,1.926160314,7.262699554,15.1803356,6.7846E-21,1.37748E-18,37.34367935
8008321,NM_001288968,ACSF2,1.92482872,7.88348917,11.5843613,4.1172E-16,2.12215E-14,26.3738907
7978407,NM_002742,PRKD1,1.923117062,8.610486395,12.97040152,4.86017E-18,4.29255E-16,30.80092273
7987012,NM_000746,CHRNA7,1.919795905,7.538737866,10.74343572,6.859E-15,2.54325E-13,23.56683431
7976850,NR_029704,MIR154,1.917995761,7.020245041,5.822689755,3.51079E-07,2.34266E-06,5.910361245
8047241,NA,NA,1.913244325,6.614341788,8.424047514,2.45305E-11,4.01547E-10,15.40500472
7976128,NM_001288781,TTC8,1.905063518,7.668056646,22.38965331,1.32426E-28,2.2047E-25,54.84852891
8002760,ENST00000604681,HSPE1P7,1.903995191,5.160723147,13.03882673,3.92873E-18,3.55475E-16,31.0129529
7926875,NM_012342,BAMBI,1.902603926,8.946679001,10.00797333,8.6225E-14,2.47716E-12,21.04053126
8063078,NM_000308,CTSA,1.900606192,9.259834684,11.655378,3.25997E-16,1.74513E-14,26.60681431
7942774,NM_173039,AQP11,1.896762001,6.981686387,14.23654918,1.0439E-19,1.51125E-17,34.62575282
8098041,NM_018342,TMEM144,1.888548989,5.74173396,11.81995616,1.90251E-16,1.09048E-14,27.14409213
8162940,NM_005502,ABCA1,1.888462493,8.288395786,12.7021614,1.12561E-17,9.09699E-16,29.96380511
7896720,NA,NA,1.886120017,4.853549342,9.22106834,1.38503E-12,3.00243E-11,18.27038691
7941148,NM_001277233,TM7SF2,1.885019759,8.064953972,7.093364552,3.26733E-09,3.36194E-08,10.53880351
8080184,NM_000688,ALAS1,1.880774908,8.991903333,7.932002238,1.4826E-10,2.04669E-09,13.61340384
7965884,NM_000277,PAH,1.880687304,6.575789075,4.715451403,1.80571E-05,8.43618E-05,2.047021529
7896722,NA,NA,1.880405878,11.62919691,10.46647427,1.76591E-14,5.93313E-13,22.62302711
7909332,ENST00000343420,CD55,1.878822569,8.189706813,12.66956529,1.24734E-17,9.86527E-16,29.86143674
7965410,NM_001920,DCN,1.874817719,10.13829343,5.408486192,1.56967E-06,9.16613E-06,4.436761719
8064375,NM_080725,SRXN1,1.874633506,7.146415977,8.354571074,3.15937E-11,5.03578E-10,15.15290736
7948987,NM_007069,PLA2G16,1.871075996,7.398795028,7.969372549,1.29257E-10,1.80608E-09,13.74992925
7981990,NR_003335,SNORD116-21,1.869539196,10.11829175,4.256942361,8.54336E-05,0.000343022,0.538870869
7976810,NR_003231,SNORD113-3,1.867090367,8.921516306,8.734794054,7.94656E-12,1.45223E-10,16.52835406
8032909,NM_001164189,PLIN3,1.866677912,8.139018887,15.38942476,3.75677E-21,8.28404E-19,37.93085429
7905986,NM_001135821,FDPS,1.863596131,8.35362455,7.084731977,3.37331E-09,3.45923E-08,10.50711547
8144786,NM_001008539,SLC7A2,1.861259422,8.176798969,10.75654547,6.56026E-15,2.44064E-13,23.61127659
8085556,NM_004844,SH3BP5,1.857357659,8.026268118,9.513900542,4.89077E-13,1.16403E-11,19.30878475
8170635,NM_001080485,ZNF275,1.855575599,8.249402636,13.77753553,4.10406E-19,4.86309E-17,33.26311151
7902189,NM_144701,IL23R,1.852156613,4.089190985,10.17645372,4.80101E-14,1.45533E-12,21.62487523
7915592,NR_002755,RNU5D-1,1.844618915,7.722052932,3.059719694,0.003478489,0.009019097,-2.98915624
8155327,NM_000692,ALDH1B1,1.843701611,8.478364793,12.49250374,2.18408E-17,1.58438E-15,29.3029371
8098508,NM_001291959,ING2,1.843256916,7.487810319,20.00878118,2.6967E-26,2.36295E-23,49.63996959
8119357,NM_001201427,DAAM2,1.840372829,7.052438639,17.32912148,1.98068E-23,6.86988E-21,43.13094308
7983360,NM_004048,B2M,1.834047351,8.991187702,7.531189696,6.48253E-10,7.76994E-09,12.14575963
8079733,NM_173546,KLHDC8B,1.833571836,7.650715126,14.23737443,1.04136E-19,1.51125E-17,34.62817841
8058052,NM_002156,HSPD1,1.829581708,10.64821432,17.48155031,1.33474E-23,5.05033E-21,43.52139593
8048703,NM_032338,LLPH,1.8281438,8.136211804,17.34597299,1.89588E-23,6.64498E-21,43.17423481
7976816,NR_003195,SNORD114-3,1.828141047,8.649566485,8.105896684,7.83667E-11,1.14096E-09,14.24811949
8139721,NA,NA,1.827097782,4.762739936,9.352753107,8.66341E-13,1.96502E-11,18.73839928
8169022,NM_001006612,WBP5,1.825931662,7.802912435,12.60230982,1.54237E-17,1.1874E-15,29.64977964
7972021,NM_001286658,TBC1D4,1.823242568,8.391122152,13.91134383,2.74608E-19,3.42458E-17,33.66313199
8133662,NM_001040456,RHBDD2,1.822564796,9.492424925,8.795557282,6.38061E-12,1.19022E-10,16.74714578
8091491,NM_001195794,CLRN1,1.822088245,4.592863321,18.84049539,4.39482E-25,2.81412E-22,46.89232874
8058552,NM_001282386,IDH1,1.819177982,10.06455329,11.67414465,3.06526E-16,1.65943E-14,26.66825694
8001507,NM_031885,BBS2,1.818934313,9.078786067,12.03208292,9.55199E-17,5.86813E-15,27.83139652
8148572,NM_001127213,LY6E,1.818280491,8.831564444,18.26864595,1.80684E-24,8.84739E-22,45.49752214
8058238,NM_001168216,ALS2CR11,1.818138221,5.573855466,16.39556689,2.34621E-22,6.56484E-20,40.68278376
7932094,NM_001037537,PHYH,1.817021038,6.974137844,9.546818001,4.35311E-13,1.058E-11,19.42497173
7930304,NM_001191002,GSTO1,1.813897975,7.416279657,10.89232091,4.14157E-15,1.64364E-13,24.0703083
8138735,NM_019102,HOXA5,1.813393514,7.752992258,4.297862501,7.4552E-05,0.00030317,0.670586114
8138689,NM_003930,SKAP2,1.811782337,7.533483725,10.5588425,1.2869E-14,4.44041E-13,22.93882657
7908459,NM_001014975,CFH,1.810372386,7.590842536,6.196806955,8.93579E-08,6.74683E-07,7.260961192
8166925,NM_000240,MAOA,1.808960159,6.292345357,11.78179023,2.15492E-16,1.22236E-14,27.01980984
7980580,NM_000153,GALC,1.808132063,9.104845981,14.12111169,1.4693E-19,1.98876E-17,34.28560242
8092578,NM_004454,ETV5,1.80535647,7.758488747,9.292911983,1.072E-12,2.38758E-11,18.52593072
7926410,NM_002438,MRC1,1.805046558,7.007859384,9.960414224,1.01783E-13,2.87452E-12,20.87499736
7926451,NM_002438,MRC1,1.805046558,7.007859384,9.960414224,1.01783E-13,2.87452E-12,20.87499736
7984124,NM_001145646,APH1B,1.804100541,7.829604711,21.10873779,2.18026E-27,2.50331E-24,52.10858278
8097513,NM_001204366,MGST2,1.802941493,7.862546901,10.52964519,1.42212E-14,4.86663E-13,22.83911447
8024323,NM_138393,REEP6,1.798711736,8.687240497,8.381260127,2.8666E-11,4.60662E-10,15.24978729
8102523,NM_000134,FABP2,1.797691908,4.203363351,9.268737825,1.16844E-12,2.57483E-11,18.44000016
8098084,NM_001281737,ETFDH,1.796622854,7.771551693,10.90329127,3.99088E-15,1.59083E-13,24.10729716
7971077,NM_001135934,POSTN,1.791684678,9.815017918,4.473682092,4.12801E-05,0.000178507,1.243213185
7964701,NM_002076,GNS,1.788623965,9.408357279,12.82116966,7.74593E-18,6.49663E-16,30.33636789
7945146,NM_000890,KCNJ5,1.785585921,7.189835024,12.35998439,3.3304E-17,2.29591E-15,28.88224329
7960861,NA,NA,1.784344251,4.719512876,7.316526039,1.432E-09,1.59522E-08,11.3580535
8142110,NM_006754,SYPL1,1.779586153,8.661690135,16.71148208,1.00565E-22,3.18907E-20,41.5223278
8166278,NM_001037535,SCML1,1.777595382,7.194701926,12.53224401,1.92536E-17,1.43395E-15,29.42864674
7936661,NM_006793,PRDX3,1.775677743,10.47037569,15.74213276,1.40226E-21,3.40811E-19,38.90930417
7905938,NM_001122837,SLC50A1,1.766616747,7.733710594,11.25888458,1.21018E-15,5.49733E-14,25.29807102
8080714,NM_001164317,FLNB,1.761877043,9.58434522,10.79110373,5.83424E-15,2.20481E-13,23.72832811
8056977,NM_001145412,NFE2L2,1.761502111,8.700681848,11.71099181,2.7165E-16,1.50251E-14,26.78876298
8005839,NM_014573,TMEM97,1.760810746,9.630227556,7.826337177,2.18588E-10,2.90901E-09,13.22704686
8047223,NM_002157,HSPE1,1.75982215,7.65766558,13.23901263,2.11554E-18,2.0718E-16,31.62975444
7976826,NR_003219,SNORD114-26,1.758356044,7.256758092,8.626309381,1.17678E-11,2.08199E-10,16.13700178
7990714,NM_000743,CHRNA3,1.756283728,6.42813754,10.0783981,6.7478E-14,1.98657E-12,21.28518149
8110147,NM_198567,SIMC1,1.754468026,8.573190184,12.15064832,6.51535E-17,4.23714E-15,28.21299575
8147228,NM_001359,DECR1,1.753529931,8.901305631,11.54002761,4.76474E-16,2.38933E-14,26.22815277
7958989,NM_001159727,PLBD2,1.750890823,8.060389903,10.83952756,4.95129E-15,1.91035E-13,23.8920951
8115327,NM_003118,SPARC,1.750686375,11.57660119,10.31862292,2.93673E-14,9.40235E-13,22.11541177
8103601,NM_001012967,DDX60L,1.749530709,7.130421264,8.703317112,8.90451E-12,1.60793E-10,16.41489765
8069668,NM_052954,CYYR1,1.747644294,8.169398096,11.26962086,1.16765E-15,5.31863E-14,25.3337747
8119016,NM_002754,MAPK13,1.747306718,7.830826925,17.2548044,2.40313E-23,8.24919E-21,42.93964689
7967202,NM_019034,RHOF,1.747004339,6.852909671,14.59846271,3.61301E-20,6.05006E-18,35.68120223
7920128,NM_005620,S100A11,1.745148429,8.798529803,6.985005487,4.87769E-09,4.85103E-08,10.14110533
8168357,NM_001029,RPS26,1.745112393,8.779284148,8.853941141,5.16903E-12,9.84629E-11,16.95708458
7917182,NM_022159,ELTD1,1.744023498,6.409170302,10.39173869,2.28289E-14,7.46693E-13,22.36676354
7953697,NA,NA,1.741798959,8.590847058,15.01414239,1.08937E-20,2.08465E-18,36.87313606
8021484,NM_031891,CDH20,1.741479859,6.303266179,11.57361338,4.26551E-16,2.1817E-14,26.33858243
8059413,NM_001290263,DOCK10,1.739694615,7.379520053,13.02064944,4.15693E-18,3.7409E-16,30.95668647
7899480,NR_002907,SNORA73A,1.738874483,10.38792942,10.34887184,2.64594E-14,8.53699E-13,22.21947589
8166455,ENST00000379331,PRDX4,1.738286303,8.221817048,11.62367292,3.61779E-16,1.90303E-14,26.50290723
8134030,NM_012449,STEAP1,1.738200257,4.709941553,7.64906774,4.19761E-10,5.22888E-09,12.57792618
8057578,NM_001271751,CALCRL,1.737746962,8.101757892,7.543846745,6.18683E-10,7.44499E-09,12.19217942
8091867,NM_000055,BCHE,1.731489269,6.218593713,9.534006563,4.5549E-13,1.09584E-11,19.37976518
8121251,NM_001004317,LIN28B,1.72955115,5.987099234,8.331146345,3.44101E-11,5.44559E-10,15.0678386
8081431,NM_001243280,ALCAM,1.728317691,9.73910607,11.43052806,6.84205E-16,3.31615E-14,25.86711015
8040639,NM_000183,HADHB,1.727566511,9.076980162,12.5116337,2.05541E-17,1.5108E-15,29.36347641
8033233,NM_001289123,TUBB4A,1.726486524,7.593965105,4.63755453,2.36084E-05,0.000107522,1.786089384
8005638,NM_000382,ALDH3A2,1.725674584,8.319092695,10.24330867,3.80909E-14,1.18202E-12,21.85584365
8170590,NM_001129765,NSDHL,1.722066608,8.5255286,8.449518178,2.23593E-11,3.68563E-10,15.4973444
8073062,NM_001270411,APOBEC3B,1.720793771,6.286360282,11.10990945,1.99122E-15,8.52205E-14,24.80114016
7976814,NR_003194,SNORD114-2,1.719194186,8.28363016,7.590589183,5.20725E-10,6.36279E-09,12.36357524
8122660,NM_005715,UST,1.714748197,8.067052598,15.09606731,8.62227E-21,1.6888E-18,37.10551611
7938563,NM_001030272,ARNTL,1.705206512,6.044826539,15.38317891,3.8234E-21,8.36607E-19,37.91339176
8057377,NM_173648,CCDC141,1.704533074,5.698122194,6.335461481,5.36706E-08,4.2408E-07,7.764981783
8144669,NM_001287742,FDFT1,1.703306542,10.16781207,7.485450769,7.67426E-10,9.06455E-09,11.97798373
7958174,NM_001093771,TXNRD1,1.703144098,8.950498746,11.10559233,2.02024E-15,8.62661E-14,24.78669779
7910111,NM_000120,EPHX1,1.702281156,7.763952781,7.408002175,1.02141E-09,1.17682E-08,11.69380611
7942783,NM_024684,AAMDC,1.70095121,7.04612231,13.96448239,2.34253E-19,2.97029E-17,33.82135061
8041636,NA,NA,1.700425567,4.968744276,9.248614049,1.25537E-12,2.7513E-11,18.36842418
8173812,NM_030763,HMGN5,1.698755192,7.017155476,14.53927448,4.2929E-20,7.0069E-18,35.50972405
7909866,NM_017898,MARC2,1.698487418,7.163540164,7.901030312,1.66118E-10,2.26876E-09,13.50020618
8022557,NA,NA,1.697427255,4.423313121,6.837766041,8.40726E-09,7.95045E-08,9.601042248
8123137,NM_005891,ACAT2,1.696030873,8.698693321,5.716672674,5.16128E-07,3.31959E-06,5.530697961
8117321,NM_006355,TRIM38,1.695934627,6.349081628,11.0893027,2.13368E-15,9.07232E-14,24.73218172
7943345,ENST00000411337,RN7SKP53,1.695788572,7.667842354,8.529793321,1.67012E-11,2.82571E-10,15.78807266
8129254,NM_005907,MAN1A1,1.694937381,8.062039999,10.23272657,3.95107E-14,1.2204E-12,21.81931957
8082673,NM_001099,ACPP,1.693597007,6.489208374,12.39108563,3.01582E-17,2.10519E-15,28.98118372
8046861,NM_001144999,ITGAV,1.691345573,9.109690144,10.74182349,6.89667E-15,2.55438E-13,23.56136737
7909400,NM_002389,CD46,1.689443735,9.520474496,18.21103275,2.08717E-24,1.0072E-21,45.35511422
7912646,NM_001278054,CASP9,1.685964849,7.908358731,9.840776168,1.54664E-13,4.18688E-12,20.45746937
8066619,NM_001242921,PLTP,1.685013181,8.731940655,10.30685214,3.05843E-14,9.7732E-13,22.07488806
8033002,NM_001276479,LONP1,1.683360276,7.783792393,11.22714626,1.34531E-15,6.02082E-14,25.1924389
8150509,NM_000930,PLAT,1.680554988,9.153072088,6.089887491,1.32276E-07,9.62922E-07,6.873452453
8047965,ENST00000333907,UNC80,1.679737057,6.623946436,11.87021789,1.6151E-16,9.41819E-15,27.30747366
8123717,NM_001286132,RPP40,1.679711668,6.598976433,18.97614858,3.15741E-25,2.14556E-22,47.2182929
8088664,NM_001177599,SUCLG2,1.678892283,8.191412266,11.57737034,4.21307E-16,2.16152E-14,26.35092619
7960947,NM_000014,A2M,1.67729158,9.751856439,10.36208715,2.52819E-14,8.20479E-13,22.26490605
7918026,NM_001033025,EXTL2,1.674641616,7.55714444,15.91446238,8.70964E-22,2.21378E-19,39.3819268
7971461,NM_002298,LCP1,1.674023746,7.584333966,9.040461101,2.64325E-12,5.35681E-11,17.625827
8103389,NM_001334,CTSO,1.67128174,6.77220934,9.90737453,1.22504E-13,3.41054E-12,20.69008883
8020352,ENST00000578285,CYP4F35P,1.670573777,5.830734532,6.58976928,2.10173E-08,1.81393E-07,8.692951652
8023497,NM_005603,ATP8B1,1.669914732,6.240247211,10.70268272,7.87841E-15,2.88788E-13,23.4285461
8139832,NM_015852,ZNF117,1.666381276,8.861496901,9.479488395,5.52464E-13,1.29545E-11,19.18720292
7993638,NM_001105248,TMC5,1.66550335,6.354342143,7.017896477,4.31908E-09,4.3461E-08,10.26180532
8157021,NM_015469,NIPSNAP3A,1.663529703,7.699955719,11.55795435,4.49133E-16,2.27969E-14,26.28711383
8145691,NM_001282189,UBXN8,1.663207619,7.062047315,13.56798726,7.73483E-19,8.6136E-17,32.63201968
8019964,NM_001010000,ARHGAP28,1.661091991,8.484804323,9.030067434,2.74367E-12,5.53338E-11,17.58864248
8169174,NM_194463,RNF128,1.661014499,5.597436403,8.210328808,5.34845E-11,8.10593E-10,14.62853527
7923596,NM_018208,ETNK2,1.654835567,8.685709561,8.729006103,8.11457E-12,1.4805E-10,16.50749772
8091411,NM_014220,TM4SF1,1.653175412,8.587652126,6.623755336,1.85389E-08,1.62028E-07,8.817246483
7950731,NM_005040,PRCP,1.652200006,9.192324177,10.88938781,4.18282E-15,1.6541E-13,24.06041619
8047419,NM_001080124,CASP8,1.650613399,6.370528724,15.10707282,8.35614E-21,1.65616E-18,37.13667009
8140782,NM_000927,ABCB1,1.649332132,5.927691424,8.744140062,7.68262E-12,1.40554E-10,16.56202589
8133688,NR_002955,SNORA14A,1.648405912,6.590908737,11.58191106,4.15055E-16,2.13603E-14,26.36584265
7956658,NM_001270622,SLC16A7,1.647367098,7.377517929,10.71130027,7.65079E-15,2.81801E-13,23.45780526
7906878,NM_001014796,DDR2,1.644587085,8.763606958,7.984167612,1.22428E-10,1.72004E-09,13.80396233
8072229,NM_021076,NEFH,1.6393253,7.669501548,11.46098409,6.18601E-16,3.03799E-14,25.96768483
7915504,NM_001256399,ELOVL1,1.639000221,8.03603352,10.67173402,8.75383E-15,3.17167E-13,23.32339099
8092358,NM_015078,MCF2L2,1.638081678,7.581861688,8.620857967,1.20025E-11,2.1179E-10,16.11731212
8103326,NM_000509,FGG,1.636230387,3.793186109,4.011961401,0.00019095,0.000701929,-0.23641194
7995806,NM_005946,MT1A,1.634772649,6.796269343,7.700695672,3.47065E-10,4.42937E-09,12.76708445
8176193,NM_000132,F8,1.633804005,6.53473495,6.424732056,3.86322E-08,3.15821E-07,8.090263594
7955441,NM_014033,METTL7A,1.632668623,7.159514532,10.35788575,2.56504E-14,8.31627E-13,22.25046515
7989365,NM_134261,RORA,1.627057172,7.371611715,13.97732373,2.25438E-19,2.87602E-17,33.85953092
8113800,NM_001999,FBN2,1.62667239,9.303291357,4.490280248,3.90216E-05,0.000169932,1.297810798
7926983,NM_001267564,CREM,1.62003486,6.324679998,16.62166872,1.27808E-22,3.90424E-20,41.28481705
8082075,NM_138287,DTX3L,1.618757685,6.8925209,10.96367577,3.25524E-15,1.33321E-13,24.31062743
8098611,NM_003265,TLR3,1.614797663,6.238842655,12.50682122,2.08704E-17,1.52395E-15,29.34825121
8014755,NR_002576,SNORA21,1.613880113,10.13327218,9.735331701,2.23936E-13,5.84816E-12,20.08817143
8081465,NM_001142568,BBX,1.611357697,9.680013094,21.54361781,8.29859E-28,1.20138E-24,53.05458121
8055697,NM_198557,RBM43,1.611029071,6.573157237,16.96692375,5.11026E-23,1.71875E-20,42.19281855
8128716,NM_001142402,CD164,1.61006202,10.15948749,12.11797303,7.23852E-17,4.61726E-15,28.10801488
8091402,NM_001184723,TM4SF18,1.607498911,7.8722369,9.117231393,2.00754E-12,4.17259E-11,17.90017782
8066513,NM_002999,SDC4,1.604765643,8.68203313,11.63391114,3.49809E-16,1.85177E-14,26.53647518
8111941,NM_001098272,HMGCS1,1.604206421,10.20132918,5.032518601,5.97631E-06,3.09814E-05,3.126319453
8157233,NM_001195822,HSDL2,1.602380401,8.573285027,11.7913388,2.08875E-16,1.18685E-14,27.05092124
8139723,NR_027339,FKBP9P1,1.601425006,6.863933685,10.49968713,1.57581E-14,5.3486E-13,22.73669742
8047829,NM_173077,CPO,1.599450212,5.279154744,7.961940152,1.32831E-10,1.85368E-09,13.7227815
7930703,NM_139169,TRUB1,1.598711211,8.769263739,17.49019388,1.3053E-23,4.99568E-21,43.54346029
7961540,NM_001190726,RERG,1.59836821,6.583578303,10.12510045,5.73711E-14,1.70714E-12,21.44711011
8114938,NM_001270934,JAKMIP2,1.593356858,7.372140562,6.263115481,7.00354E-08,5.4194E-07,7.501802081
8142618,NM_139175,RNF133,1.592960089,4.262154911,10.84347237,4.8856E-15,1.89378E-13,23.90542346
8121749,NM_000165,GJA1,1.591876047,8.526997851,6.439205038,3.66256E-08,3.00746E-07,8.143051073
8176234,NM_001289,CLIC2,1.590176693,4.532527061,5.294619228,2.35927E-06,1.33282E-05,4.036791843
8107823,NM_133638,ADAMTS19,1.586877124,7.500186605,6.1783249,9.56323E-08,7.17016E-07,7.193900349
7922550,NM_033127,SEC16B,1.585519267,6.318441414,7.03070673,4.11925E-09,4.16263E-08,10.30881935
8006736,NM_007026,DUSP14,1.584644325,6.845813216,12.55794317,1.7748E-17,1.33689E-15,29.50983003
7926545,NM_001282736,PLXDC2,1.582174681,9.248055519,11.33781101,9.30607E-16,4.33376E-14,25.56019895
7995829,NM_005951,MT1H,1.581128597,6.150927052,5.944610864,2.25072E-07,1.56162E-06,6.348790049
7958466,NM_001093,ACACB,1.580140551,7.080947999,8.749495303,7.53538E-12,1.38012E-10,16.58131661
8110265,NM_001291980,FGFR4,1.57614701,7.464954291,7.456574858,8.53732E-10,9.97428E-09,11.87204267
8056222,NM_001935,DPP4,1.57583892,7.101595042,5.59971652,7.88346E-07,4.89822E-06,5.11374172
7934920,NM_000235,LIPA,1.573582166,8.085057284,6.253836583,7.24657E-08,5.58927E-07,7.46807759
7933084,NM_005746,NAMPT,1.572153118,8.943871698,14.99240728,1.15926E-20,2.19317E-18,36.81134509
7973564,NM_001281528,PSME1,1.571226181,7.978552859,21.43735666,1.04925E-27,1.38117E-24,52.8249553
8048940,NM_001206702,SP100,1.569895884,5.775897748,9.190048269,1.54728E-12,3.29717E-11,18.15989754
7953603,NM_001734,C1S,1.568013819,7.402592042,6.388669567,4.41217E-08,3.55117E-07,7.958793012
8000284,NM_015044,GGA2,1.567882107,8.64962093,13.58432095,7.36055E-19,8.27987E-17,32.68141583
7990555,NM_138573,NRG4,1.567870762,5.231997085,9.091454879,2.20166E-12,4.5362E-11,17.80812141
7906900,ENST00000367922,DDR2,1.566699681,7.130175131,6.266863964,6.90768E-08,5.35145E-07,7.51542808
8148280,NM_003129,SQLE,1.565449887,10.0034967,6.86156575,7.69913E-09,7.33919E-08,9.688302686
8123621,NM_001195291,SERPINB6,1.562736371,8.561473928,14.57453402,3.87365E-20,6.38519E-18,35.61192995
7954460,NM_001001660,LYRM5,1.561570377,8.312564054,13.19976213,2.38757E-18,2.29765E-16,31.50923077
8142120,NM_005746,NAMPT,1.558986636,8.591718928,14.42885437,5.92851E-20,9.18148E-18,35.18863734
7892516,NA,NA,1.558928735,5.172701351,6.181808058,9.44172E-08,7.08384E-07,7.206536393
8105348,NM_001008397,GPX8,1.558840554,8.254764457,6.623739211,1.854E-08,1.62028E-07,8.817187496
8144719,NA,NA,1.55853404,3.158164191,5.681943118,5.85408E-07,3.73059E-06,5.406670493
7921970,NM_000696,ALDH9A1,1.557313869,8.992727106,14.01852637,1.9936E-19,2.59301E-17,33.98189315
8137240,NM_153236,GIMAP7,1.555995048,5.339033901,11.83251613,1.82616E-16,1.052E-14,27.18495057
8016414,NM_001075099,SKAP1,1.551565395,4.628608398,8.913862439,4.16567E-12,8.10187E-11,17.17225362
7904050,NM_001130079,MOV10,1.55099701,8.806437116,14.14611244,1.36427E-19,1.87711E-17,34.35941445
8157270,NM_001859,SLC31A1,1.549770339,8.069972126,16.55878619,1.51245E-22,4.45663E-20,41.11797391
8050071,NM_018269,ADI1,1.545605822,7.161962131,11.96156508,1.2003E-16,7.21415E-15,27.60356545
7933619,NM_147156,SGMS1,1.545574212,8.290270523,12.23572464,4.95675E-17,3.32082E-15,28.48567754
7947425,NM_000611,CD59,1.542890182,8.938947348,18.14806016,2.4445E-24,1.16278E-21,45.19905954
8122409,NM_003630,PEX3,1.542700988,7.636817857,14.80501583,1.9861E-20,3.63358E-18,36.27617512
8013741,NM_006923,SDF2,1.540550058,8.359561419,16.77592403,8.472E-23,2.76561E-20,41.69217603
7965918,NM_001031701,NT5DC3,1.537563369,7.008909481,13.39910639,1.29427E-18,1.34254E-16,32.1192611
7961371,NM_030640,DUSP16,1.536538751,8.509822092,13.0871313,3.38205E-18,3.11083E-16,31.1622659
7922707,BC090934,RNASEL,1.536208755,6.660938654,12.62074696,1.45508E-17,1.12674E-15,29.70786153
8160637,NM_001497,B4GALT1,1.534155921,8.072018715,8.98904409,3.17902E-12,6.34983E-11,17.44178244
8139840,NM_001007253,ERV3-1,1.529911709,9.580238145,10.64479403,9.5956E-15,3.45784E-13,23.23176101
7973306,NM_022060,ABHD4,1.529400445,7.954068421,12.26236211,4.55095E-17,3.07994E-15,28.57085951
8175121,NM_001170961,IGSF1,1.528336308,6.766518112,9.592192768,3.70821E-13,9.21385E-12,19.58494438
8083360,NM_053002,MED12L,1.526321779,6.934526062,10.18645543,4.63747E-14,1.41664E-12,21.65946185
8111387,NM_030955,ADAMTS12,1.524781061,7.602803712,6.054310385,1.50689E-07,1.08675E-06,6.744757943
8102998,NM_002099,GYPA,1.522656536,5.227218131,4.394671009,5.39007E-05,0.000226837,0.984569573
7994609,NM_014298,QPRT,1.521157894,8.791760012,13.8493727,3.30681E-19,4.0185E-17,33.47815584
7902789,NM_001134492,HS2ST1,1.520955566,8.948514442,21.99174704,3.11709E-28,4.94236E-25,54.01230959
8140371,NM_031925,TMEM120A,1.520428913,7.259537323,13.81495811,3.66701E-19,4.40796E-17,33.37521892
8174361,NM_001015881,TSC22D3,1.518287146,8.657498679,11.3279911,9.61483E-16,4.45885E-14,25.52762869
8180100,NM_001242524,HLA-DPA1,1.516402007,6.714105921,5.773770278,4.19463E-07,2.75228E-06,5.734981624
8134263,NM_000089,COL1A2,1.516046252,11.27237924,5.186869926,3.4624E-06,1.89151E-05,3.660690822
7901549,NM_000098,CPT2,1.515609679,7.333169791,14.72108579,2.53118E-20,4.48302E-18,36.03506069
8173551,NM_001122670,PHKA1,1.51541387,6.785200811,10.41018449,2.14257E-14,7.04255E-13,22.43007495
7917528,ENST00000439531,PTGES3P1,1.514767416,3.756171619,6.876215907,7.2932E-09,6.99026E-08,9.742024312
8103859,NM_001012732,DCTD,1.514384683,9.256824584,16.60445177,1.33832E-22,4.05109E-20,41.23918134
7906400,NM_001206567,IFI16,1.514174427,7.190778996,10.56397977,1.26449E-14,4.38124E-13,22.95636027
7985268,NM_000137,FAH,1.511242001,7.275109364,13.26908464,1.92854E-18,1.91685E-16,31.7219583
8175234,NM_001164617,GPC3,1.510432048,10.34540954,4.508820259,3.66414E-05,0.000160237,1.358901885
8041853,NM_002354,EPCAM,1.509536345,7.474577101,11.14247641,1.78541E-15,7.72061E-14,24.91001284
8052058,NM_000233,LHCGR,1.508589508,5.390457813,2.993774439,0.004187234,0.010597624,-3.161637619
7902553,NM_006417,IFI44,1.506544908,6.189815187,6.495543458,2.9756E-08,2.49003E-07,8.348660551
7895142,NA,NA,1.50595152,3.27329997,3.459190289,0.00108038,0.003248165,-1.890617256
8135697,NM_019644,ANKRD7,1.505630947,4.92599936,10.84459636,4.86705E-15,1.88879E-13,23.90922074
8138310,NM_145695,DGKB,1.504749769,6.568170467,6.883981137,7.08678E-09,6.82384E-08,9.770501369
7986350,NM_183376,ARRDC4,1.504333023,8.016414415,9.448520675,6.16566E-13,1.43766E-11,19.07768731
8149413,NM_001164271,DLC1,1.502986354,8.155752467,7.538179774,6.31752E-10,7.58034E-09,12.17139622
8023561,NM_005570,LMAN1,1.501846069,9.874335455,14.47843456,5.12762E-20,8.13021E-18,35.33300033
8100393,NM_002253,KDR,1.496494128,9.487218286,8.27278351,4.25754E-11,6.58446E-10,14.85573789
7970924,NM_001243466,STARD13,1.495177505,6.907854897,9.236416146,1.3112E-12,2.8629E-11,18.32501988
7901951,NM_001172818,PGM1,1.494918449,8.877348055,7.636707221,4.39322E-10,5.45011E-09,12.53262702
7917240,ENST00000370625,CTBS,1.493674967,7.46910727,11.53445334,4.85314E-16,2.42635E-14,26.20981057
8125556,NM_001242524,HLA-DPA1,1.492811499,6.593203195,5.318136169,2.16921E-06,1.23467E-05,4.119192365
8178891,NM_001242524,HLA-DPA1,1.492811499,6.593203195,5.318136169,2.16921E-06,1.23467E-05,4.119192365
7956114,NM_001029,RPS26,1.49272328,8.730249669,8.764859569,7.12852E-12,1.31355E-10,16.63664913
8062251,NM_001258329,EPB41L1,1.492536176,7.578256693,7.685305019,3.67305E-10,4.65379E-09,12.71070359
7936134,NM_024928,OBFC1,1.49176254,7.235505794,11.44431704,6.53673E-16,3.18271E-14,25.91266013
8046922,NM_000090,COL3A1,1.491624592,10.99876664,5.155273967,3.87312E-06,2.09594E-05,3.550869687
7944011,NM_015523,REXO2,1.491250185,8.470323461,9.219806646,1.39128E-12,3.01206E-11,18.26589471
8073068,NM_014508,APOBEC3C,1.489799526,7.813649188,10.67660215,8.60988E-15,3.13315E-13,23.3399393
8013567,NM_001076680,LYRM9,1.488740662,5.970824055,11.28084056,1.12481E-15,5.13757E-14,25.37107032
8180264,NA,NA,1.488740662,5.970824055,11.28084056,1.12481E-15,5.13757E-14,25.37107032
7969613,NM_005708,GPC6,1.488698023,8.886679672,9.333995431,9.26122E-13,2.08782E-11,18.67183715
8133860,NM_001256414,GNAI1,1.487448604,8.260571587,12.99871147,4.45032E-18,3.97272E-16,30.88872154
8163084,ENST00000364357,RNA5-8SP3,1.483428981,6.441823964,12.21539957,5.29088E-17,3.49544E-15,28.42061897
8126371,NM_001287427,CCND3,1.482985261,7.961573703,10.70330778,7.86167E-15,2.88611E-13,23.43066866
7989493,ENST00000439025,RPS27L,1.480715458,6.668857197,12.55177443,1.80982E-17,1.35115E-15,29.49035096
7987869,NM_001286487,TMEM87A,1.480709003,8.774543568,20.45316124,9.63867E-27,9.4373E-24,50.6506618
7915612,NM_001166292,PTCH2,1.475937164,5.787240557,5.726210562,4.98567E-07,3.21596E-06,5.564790597
7892679,NA,NA,1.474242837,4.979576391,7.466825421,8.22034E-10,9.65817E-09,11.90965204
8156848,NM_006981,NR4A3,1.470583926,5.830601859,6.327919202,5.51814E-08,4.3447E-07,7.737525657
7919856,NM_022075,CERS2,1.47044574,9.311016034,14.29463368,8.79499E-20,1.30154E-17,34.79626349
8129974,NM_032020,FUCA2,1.470018019,7.813544367,13.23615186,2.13426E-18,2.084E-16,31.62097686
8001531,NM_005950,MT1G,1.468190035,9.262369016,3.953995075,0.000230281,0.000828401,-0.416343245
8075778,NM_012473,TXN2,1.467402988,7.363375214,14.37573682,6.92816E-20,1.04623E-17,35.0336294
8169473,NM_001136025,PLS3,1.466462779,8.635474412,7.741063535,2.99134E-10,3.86207E-09,12.91492819
8066939,NM_004776,B4GALT5,1.462857978,9.236945616,11.67725629,3.03413E-16,1.64808E-14,26.67844016
7906904,NR_003086,HSD17B7P2,1.4622305,7.628906427,7.025561362,4.19838E-09,4.23488E-08,10.28993542
8156770,NM_024642,GALNT12,1.461546946,6.466821847,9.82146987,1.65493E-13,4.45467E-12,20.38994362
7943051,NM_005467,NAALAD2,1.458050623,7.565461349,11.05852196,2.36591E-15,9.97188E-14,24.62907729
8147573,NM_001142462,OSR2,1.454225736,7.351728635,7.222527109,2.02678E-09,2.18259E-08,11.01297481
8062041,NM_001076552,ACSS2,1.453046544,8.247882196,4.772601173,1.48191E-05,7.0662E-05,2.239571437
7916843,NM_018841,GNG12,1.452446625,9.469088242,11.37680527,8.17576E-16,3.85364E-14,25.68941162
7996947,NM_030579,CYB5B,1.452027261,9.963842129,13.48555507,9.93994E-19,1.07458E-16,32.38220088
7930714,NM_001276282,ATRNL1,1.451804042,9.030035347,7.475124103,7.97238E-10,9.38339E-09,11.94009858
7956271,NM_003725,HSD17B6,1.450062411,4.940131792,3.972158324,0.000217184,0.000787065,-0.360114342
8111271,NM_016279,CDH9,1.449865152,5.53162008,2.986573417,0.004272303,0.010786691,-3.180311419
8140955,NM_001145306,CDK6,1.442230034,9.005446451,12.84070923,7.28617E-18,6.17322E-16,30.39736018
8019061,NM_000199,SGSH,1.440699564,7.469225822,11.05908216,2.36147E-15,9.96575E-14,24.63095482
7944554,NM_001198670,TMEM136,1.440018976,7.40780762,15.38125052,3.84422E-21,8.36607E-19,37.90799931
7951004,NM_020179,SMCO4,1.43952955,6.306284388,12.51028876,2.0642E-17,1.51391E-15,29.35922175
7916564,ENST00000488067,RPS26P15,1.439495889,9.096734855,7.369535936,1.17732E-09,1.33839E-08,11.55263139
8054771,NM_025181,SLC35F5,1.436554291,9.349755993,23.55894929,1.14779E-29,2.54785E-26,57.23171846
7960863,NA,NA,1.434434153,5.836258536,9.584715971,3.80743E-13,9.41174E-12,19.55859906
8078350,NM_001024847,TGFBR2,1.434246762,7.836199674,7.116505579,2.99939E-09,3.1122E-08,10.6237514
8169580,NM_001560,IL13RA1,1.433546135,8.067732518,9.350728434,8.72602E-13,1.97653E-11,18.73121634
7963911,NM_001257389,CD63,1.433352757,10.1609765,11.91776579,1.3837E-16,8.18347E-15,27.46173067
8160559,NM_014314,DDX58,1.43195881,6.954897027,10.67440124,8.67466E-15,3.14641E-13,23.33245808
8045247,NM_001100623,PLEKHB2,1.431913783,9.565094025,13.13336484,2.93102E-18,2.76345E-16,31.30489128
8171837,NM_030624,KLHL15,1.429871718,8.201038702,13.05129903,3.77953E-18,3.42908E-16,31.05153492
8126798,NM_001098518,GPR116,1.428872499,7.322336852,9.041845218,2.63016E-12,5.33677E-11,17.6307781
8151730,NM_004929,CALB1,1.428709354,6.732216673,2.834956802,0.00648315,0.015452047,-3.565957902
8116992,NA,NA,1.428633385,5.565845027,8.424379975,2.45009E-11,4.01389E-10,15.40621029
7913357,NM_001113347,ECE1,1.428051467,8.628830253,7.726368547,3.15761E-10,4.06099E-09,12.86111537
7929065,NM_001270927,IFIT1,1.427650571,6.811725189,4.969120178,7.46816E-06,3.79993E-05,2.908441418
8080762,NM_020676,ABHD6,1.424516122,7.417900673,8.829314394,5.64896E-12,1.06629E-10,16.8685654
8138602,ENST00000409775,DFNA5,1.423808064,7.483653091,6.856665343,7.83989E-09,7.45842E-08,9.670334324
8169385,NR_002718,TDGF1P3,1.422174151,5.237941327,9.010648837,2.94171E-12,5.90773E-11,17.51914427
8092541,NM_139248,LIPH,1.420914235,5.30813347,5.596272166,7.98221E-07,4.94849E-06,5.101494255
8138745,NM_006896,HOXA7,1.413381463,7.18840218,6.653342143,1.662E-08,1.46985E-07,8.925496677
8040278,NM_001282710,PQLC3,1.412812143,8.159092501,9.138300751,1.86173E-12,3.90611E-11,17.97537785
8167305,NM_006579,EBP,1.411602203,8.2884232,6.299355215,6.12967E-08,4.78545E-07,7.633583516
8151952,NM_024759,NIPAL2,1.411595532,7.092230379,8.003127575,1.14203E-10,1.61745E-09,13.87319083
7968389,NM_001166058,RXFP2,1.4094649,4.990121566,4.274871323,8.04881E-05,0.00032485,0.596506448
8134091,NM_001185072,CLDN12,1.408578178,8.666950672,17.93010057,4.23727E-24,1.9066E-21,44.65568403
8147375,NM_181787,DPY19L4,1.406147526,8.535903211,11.5744168,4.25424E-16,2.17929E-14,26.34122226
8171561,NM_006089,SCML2,1.4045836,7.631216478,17.59211916,1.00397E-23,4.07671E-21,43.80302786
8171516,NM_001198719,RBBP7,1.40381593,10.49667319,14.21860362,1.10076E-19,1.57982E-17,34.57298564
7907370,NM_001136127,DNM3,1.402622015,7.244383596,7.611760352,4.8163E-10,5.90893E-09,12.44118805
8088384,NM_000925,PDHB,1.401900382,8.515020102,12.50824667,2.07762E-17,1.52041E-15,29.35276121
8145532,NM_001256482,EPHX2,1.401079839,7.129432574,10.26612526,3.52022E-14,1.10683E-12,21.93455049
8145365,NM_024940,DOCK5,1.400409274,7.243898928,5.13254866,4.19786E-06,2.2501E-05,3.472016389
8170015,NM_152695,ZNF449,1.399005235,6.760261853,13.02373911,4.11722E-18,3.7152E-16,30.96625337
7922637,NM_001199260,TOR1AIP2,1.398942623,8.344366427,12.45098399,2.49212E-17,1.77688E-15,29.17137707
8099051,NM_001291978,NOP14,1.398764322,8.136490973,13.13168498,2.94629E-18,2.76345E-16,31.29971399
8102410,NM_001029,RPS26,1.395808207,8.981115128,8.45196419,2.21613E-11,3.65842E-10,15.50620966
7893177,NA,NA,1.394848242,5.365940033,3.819378271,0.000354068,0.001212027,-0.828661652
7946292,NM_016229,CYB5R2,1.39461865,7.045809807,10.27941546,3.36226E-14,1.06419E-12,21.98036752
7892836,NA,NA,1.394613851,9.67285264,10.34013594,2.7268E-14,8.78087E-13,22.18943323
7926061,NM_002216,ITIH2,1.391638753,4.972496266,2.392067412,0.020350119,0.041367394,-4.604790418
8099850,NM_024943,TMEM156,1.389053027,4.166984438,13.73498369,4.66563E-19,5.41294E-17,33.13541866
8017766,NM_000042,APOH,1.388761268,3.975569266,2.325545147,0.023920853,0.047614338,-4.748787669
8086451,NM_001099668,HIGD1A,1.388702519,8.411479549,11.25373893,1.23112E-15,5.57722E-14,25.28095387
7983111,NM_003825,SNAP23,1.388560938,8.245684763,13.22974672,2.17678E-18,2.11313E-16,31.60132042
8129193,NM_001042475,CEP85L,1.388264654,6.912885908,13.10607868,3.18927E-18,2.94164E-16,31.22075026
7958019,NM_018370,DRAM1,1.388211172,5.71411261,13.96397146,2.34611E-19,2.97029E-17,33.81983107
7985134,NM_005530,IDH3A,1.388144186,9.087123169,8.674438833,9.88535E-12,1.76395E-10,16.3107392
7951554,NM_001260492,RDX,1.387351741,9.816482358,12.77176288,9.04407E-18,7.49106E-16,30.18192248
7999553,NM_018340,CPPED1,1.384699671,7.187471857,10.65360672,9.3116E-15,3.36643E-13,23.26174501
7920244,NM_002964,S100A8,1.384297449,5.948751726,4.779373175,1.44754E-05,6.91915E-05,2.262448617
8080416,NM_001124767,SMIM4,1.38299255,6.985509639,13.29597288,1.77555E-18,1.78612E-16,31.80430048
7986755,NM_019066,MAGEL2,1.382964014,6.309813633,8.680529906,9.6698E-12,1.73012E-10,16.33271397
8129071,NM_002031,FRK,1.381210293,5.608347896,7.401655665,1.04563E-09,1.20098E-08,11.67051513
8123800,NA,NA,1.379263939,6.050193883,9.979157054,9.53388E-14,2.7192E-12,20.9402639
8151942,NM_005836,HRSP12,1.376707731,7.363388464,6.769609869,1.08161E-08,1.00095E-07,9.35124444
7893721,NA,NA,1.373681285,8.414322176,10.90969284,3.90551E-15,1.56488E-13,24.12887446
7920123,NM_002966,S100A10,1.373436365,10.53092551,6.572322904,2.24154E-08,1.92114E-07,8.629168534
8086028,NM_000404,GLB1,1.373244556,7.943932107,13.94385016,2.49155E-19,3.14247E-17,33.75996181
8044813,NM_183240,TMEM37,1.371216221,7.472503562,14.97354204,1.22359E-20,2.3018E-18,36.75766548
7930454,NM_001199492,PDCD4,1.370169166,9.387421883,17.74005402,6.87243E-24,2.8869E-21,44.177754
8044818,NM_001271049,PCDP1,1.369899387,6.061510674,8.393403913,2.74257E-11,4.42225E-10,15.29385308
8030007,NM_001425,EMP3,1.368410707,7.567000115,8.5736416,1.42439E-11,2.46255E-10,15.94668041
8112139,NM_001190981,IL6ST,1.368184493,9.327834566,10.62513942,1.02609E-14,3.65801E-13,23.16485463
7920291,ENST00000368703,S100A16,1.368042462,7.8608936,6.26176404,7.03843E-08,5.44335E-07,7.496889776
8175052,NM_001130846,AIFM1,1.367303097,8.536136091,14.96561709,1.25168E-20,2.34142E-18,36.73510245
8071289,NM_000754,COMT,1.366728279,8.861593452,15.09857367,8.56091E-21,1.6867E-18,37.11261233
8109194,NM_000112,SLC26A2,1.363890678,7.224254179,12.01955185,9.9472E-17,6.08845E-15,27.79095824
7944656,NM_001024956,SC5D,1.36340692,8.418667521,5.827040465,3.45562E-07,2.3077E-06,5.925974213
8046003,NM_012198,GCA,1.360791135,6.851671643,10.8368693,4.99605E-15,1.92316E-13,23.88311252
8135488,NM_001099658,LRRN3,1.360681577,8.800865777,6.057239374,1.49082E-07,1.07608E-06,6.755348178
8162216,NM_016848,SHC3,1.360655066,6.853077245,11.40378589,7.47594E-16,3.56628E-14,25.77870151
8140443,NR_003262,FDPSP2,1.359859243,7.493675419,6.410598049,4.06976E-08,3.30594E-07,8.038725756
7959002,NM_138432,SDSL,1.35935888,7.081682944,13.13806093,2.88876E-18,2.73406E-16,31.31936255
8047217,NM_025147,COQ10B,1.358423443,7.259145331,10.74791913,6.75532E-15,2.5076E-13,23.58203555
8018006,NM_080282,ABCA10,1.357762057,5.288888118,4.056573186,0.000165184,0.000616332,-0.096990182
7893918,NA,NA,1.357608239,5.564353234,5.491885048,1.16317E-06,6.97214E-06,4.731232918
8129214,NM_017696,MCM9,1.357314875,6.563169309,10.79593421,5.73944E-15,2.17413E-13,23.74467757
7929816,NM_005063,SCD,1.35662491,9.158966772,5.043114,5.75738E-06,2.99864E-05,3.162826366
8178598,NM_001287593,CLIC1,1.3564494,8.836387688,12.07965342,8.19096E-17,5.16542E-15,27.98472164
7958960,NM_001143819,TPCN1,1.356310535,7.418454533,10.70193931,7.89837E-15,2.89002E-13,23.42602156
8041225,NM_014600,EHD3,1.35628295,7.234198288,6.942099499,5.71636E-09,5.59981E-08,9.983680839
7896702,NA,NA,1.356045325,4.944618979,7.810554697,2.31649E-10,3.06567E-09,13.16930025
8168691,NM_006729,DIAPH2,1.355198363,7.034161341,9.760102618,2.05266E-13,5.40723E-12,20.17503509
8114415,NM_001496,GFRA3,1.354913488,5.966438426,8.85930883,5.07E-12,9.66871E-11,16.97637163
7990309,NM_001142617,STRA6,1.354446738,8.005294032,9.60287335,3.57098E-13,8.89991E-12,19.62256844
8082066,NM_014367,FAM162A,1.3532235,7.331357835,7.253174294,1.80972E-09,1.97309E-08,11.12548737
8175835,NM_001139457,BCAP31,1.35319444,8.586081238,18.87878889,4.00243E-25,2.61311E-22,46.98453352
7929882,NM_017893,SEMA4G,1.353181212,7.506981171,11.62454421,3.60744E-16,1.90059E-14,26.50576446
8099246,NM_025196,GRPEL1,1.352207891,7.947839697,13.15773058,2.71836E-18,2.58609E-16,31.37994444
7920575,ENST00000368460,PBXIP1,1.351058016,7.487433483,11.41190943,7.27734E-16,3.48116E-14,25.80556734
7981011,NA,NA,1.348225091,5.443961808,7.432536813,9.32953E-10,1.08051E-08,11.78384007
8034837,NM_006145,DNAJB1,1.345492355,9.305902468,11.87809663,1.57421E-16,9.19585E-15,27.33305458
8138776,NM_152740,HIBADH,1.345249366,8.657380603,14.23454013,1.05012E-19,1.51367E-17,34.61984744
8039607,NM_001146184,PEG3,1.344794347,10.21589106,7.734043696,3.06964E-10,3.95702E-09,12.88922257
7987642,NM_016013,NDUFAF1,1.344437512,7.243583777,15.34565104,4.24983E-21,9.12946E-19,37.80836906
8103881,NM_152682,RWDD4,1.34442368,7.500385134,11.94813351,1.25376E-16,7.48637E-15,27.56009678
8047069,NM_001128928,INPP1,1.344152244,7.097993499,10.56455783,1.26199E-14,4.37714E-13,22.95833302
7945110,NM_001254757,ST3GAL4,1.343573128,7.505501503,7.670088554,3.8848E-10,4.88859E-09,12.65495359
7902396,NR_003042,SNORD45C,1.34329372,6.038627903,12.76320786,9.2903E-18,7.6569E-16,30.15514698
8147469,NM_016134,CPQ,1.341447234,7.448330169,9.117561605,2.00516E-12,4.17027E-11,17.90135671
8140420,NR_003262,FDPSP2,1.341315065,7.009020415,6.629878712,1.81244E-08,1.58687E-07,8.839646966
8102249,NM_001146590,ETNPPL,1.339422339,4.299462003,6.384367903,4.48263E-08,3.60527E-07,7.943116651
8150103,NM_002095,GTF2E2,1.339206473,7.962764778,19.48737236,9.22498E-26,6.981E-23,48.43020359
8154692,NM_000459,TEK,1.337911599,7.909398964,8.271400033,4.2791E-11,6.61165E-10,14.85070752
8097910,NM_001184741,FGB,1.33680303,6.370700077,1.949107512,0.056608913,0.098836294,-5.499611019
8082886,NM_000532,PCCB,1.336425591,8.654226719,11.55977992,4.46439E-16,2.26948E-14,26.29311578
8166243,NM_001080975,REPS2,1.33465897,7.910967718,9.12557965,1.94844E-12,4.07263E-11,17.92997905
8141076,NM_000305,PON2,1.33352457,9.663208845,14.71552438,2.57226E-20,4.50783E-18,36.01905273
7972577,NM_001029,RPS26,1.333178468,9.296177138,7.698897952,3.4937E-10,4.45708E-09,12.76049922
7980908,NM_006329,FBLN5,1.333155723,8.951514098,5.458950018,1.30949E-06,7.76803E-06,4.61479558
8044417,NM_032824,TMEM87B,1.333089596,7.37437334,13.26436752,1.95672E-18,1.93333E-16,31.70750293
8019762,NM_000918,P4HB,1.332518556,9.659301953,8.765466836,7.1129E-12,1.3114E-10,16.63883574
8121578,NM_152729,NT5DC1,1.332153035,7.64702707,10.36972549,2.46256E-14,7.9996E-13,22.29115487
8131871,NM_138771,CCDC126,1.331796054,7.566540877,11.86266088,1.65533E-16,9.63591E-15,27.28292974
8041644,NM_172069,PLEKHH2,1.331705376,8.070679409,7.976382811,1.25975E-10,1.76466E-09,13.77553273
8081375,NM_001134456,NXPE3,1.331510149,7.666456987,10.81112029,5.45143E-15,2.084E-13,23.79605829
8101881,NM_000668,ADH1B,1.331232963,6.188029801,6.042494135,1.57352E-07,1.12966E-06,6.702043485
8020357,NM_001145029,ANKRD30B,1.329955211,3.915452992,5.922176298,2.44285E-07,1.68196E-06,6.267978887
7892561,NA,NA,1.329405661,8.232499579,8.732569774,8.01071E-12,1.46235E-10,16.52033939
8081277,NM_020202,NIT2,1.329287396,8.075691177,12.01578882,1.00691E-16,6.11853E-15,27.77881077
8041031,NM_001261840,BRE,1.328790628,8.808446254,22.41843479,1.24535E-28,2.18244E-25,54.90850647
8139198,NM_152682,RWDD4,1.324968881,7.720475324,12.13993865,6.74394E-17,4.36873E-15,28.17860256
8088958,NM_000158,GBE1,1.324447962,8.19046603,9.708320718,2.46254E-13,6.36116E-12,19.99337724
7931281,NM_145235,FANK1,1.324324008,6.54721725,13.59326209,7.1635E-19,8.08553E-17,32.70844088
8136849,NM_001143679,GSTK1,1.324094272,8.431881894,9.573531569,3.96088E-13,9.74763E-12,19.51917868
7908766,NM_006335,TIMM17A,1.323882971,7.558099902,13.83129979,3.49126E-19,4.22722E-17,33.42411728
8037205,NM_001024912,CEACAM1,1.322917682,5.566066263,12.2338642,4.98642E-17,3.32731E-15,28.4797247
8001477,NM_001144,AMFR,1.322720972,8.508827637,12.68594764,1.18458E-17,9.4815E-16,29.9129031
8108205,ENST00000472159,FBXL21,1.321308724,5.539368951,8.814750657,5.95365E-12,1.11936E-10,16.81619323
7936949,ENST00000368721,DHX32,1.320970926,7.664834897,11.00968301,2.78804E-15,1.16333E-13,24.46523958
7902400,ENST00000364617,SNORD45B,1.320797188,7.192996788,7.51726713,6.82419E-10,8.14719E-09,12.09469452
7920971,NM_001256605,C1orf85,1.320463987,7.409074983,11.68985959,2.91129E-16,1.59174E-14,26.71967307
7979473,NM_016029,DHRS7,1.319793056,7.584484122,9.950893888,1.05223E-13,2.96663E-12,20.84183043
7936871,NM_000274,OAT,1.31853783,9.037837005,8.345393318,3.26684E-11,5.18804E-10,15.11958183
7894562,NA,NA,1.318489906,4.92518735,4.330351664,6.68839E-05,0.000275044,0.775592389
8162373,NM_014057,OGN,1.318456021,8.533995459,3.21226776,0.002246011,0.006170923,-2.580254119
7958000,NM_020244,CHPT1,1.318199166,8.206311306,14.1173704,1.48571E-19,2.00283E-17,34.2745498
8022914,NM_018170,RPRD1A,1.316306373,9.338016479,16.26897827,3.30482E-22,9.09426E-20,40.34313316
7966213,NM_052845,MMAB,1.315836257,7.351678076,10.56003543,1.28166E-14,4.42692E-13,22.9428984
7929047,NM_001547,IFIT2,1.313605282,5.517651535,7.026172794,4.1889E-09,4.22788E-08,10.29217941
8059783,NM_001114090,NGEF,1.311865772,6.544174954,8.351477087,3.1952E-11,5.09045E-10,15.14167334
8124166,NM_001080480,MBOAT1,1.310988362,7.920127831,7.023098108,4.2368E-09,4.26846E-08,10.2808952
7894136,NA,NA,1.310951906,8.632180901,9.913468643,1.19921E-13,3.34984E-12,20.71135025
8165672,ENST00000387429,MT-TG,1.309791789,6.435865848,3.294623815,0.00176516,0.005001238,-2.353946839
7896727,NA,NA,1.309482505,7.93761743,7.544251608,6.1776E-10,7.43657E-09,12.1936642
8166219,NM_032796,SYAP1,1.309466186,7.93906072,15.75519151,1.3524E-21,3.31109E-19,38.94524275
8179827,NM_001287593,CLIC1,1.308567572,8.846048185,11.629171,3.55301E-16,1.87487E-14,26.52093543
7953200,NM_001759,CCND2,1.307566961,11.23783455,7.621020569,4.65469E-10,5.73601E-09,12.47513196
8047784,NM_001285549,ZDBF2,1.307047528,7.793022178,12.64855977,1.33277E-17,1.04417E-15,29.79539484
8084648,NM_001622,AHSG,1.306817806,5.193679517,1.891883923,0.0640013,0.109695336,-5.6038294
8103563,NM_017631,DDX60,1.303948644,6.360509514,6.819241818,9.00317E-09,8.46593E-08,9.533135255
8153959,NM_001190458,DOCK8,1.302247871,6.203410524,8.784418012,6.64241E-12,1.2356E-10,16.70705879
8092134,NM_001130081,PLD1,1.300870864,7.527089261,6.036310779,1.60954E-07,1.15254E-06,6.679697186
8178712,NM_019105,TNXB,1.299539959,7.263223928,7.404358309,1.03525E-09,1.19111E-08,11.6804336
8179935,NM_019105,TNXB,1.299539959,7.263223928,7.404358309,1.03525E-09,1.19111E-08,11.6804336
8157524,NM_003266,TLR4,1.298132959,6.803318268,8.988770962,3.18214E-12,6.35225E-11,17.44080416
8113491,XR_427703,STARD4,1.297136159,8.485736272,5.785486264,4.0197E-07,2.65142E-06,5.776954943
8036602,NM_001398,ECH1,1.296914596,10.46490724,9.506298341,5.02418E-13,1.19152E-11,19.2819358
7980309,NM_007176,C14orf1,1.296014365,9.504204274,8.268910015,4.31817E-11,6.66275E-10,14.84165344
7913858,NM_178422,PAQR7,1.293351177,6.919812952,12.39231168,3.00406E-17,2.10139E-15,28.98508146
7996041,NM_020312,COQ9,1.293058415,9.114921315,12.58144644,1.64756E-17,1.24963E-15,29.58400062
8125919,NM_001145775,FKBP5,1.291032369,8.294950127,7.797280209,2.43239E-10,3.20631E-09,13.12072275
7992732,NM_145252,ZG16B,1.290783268,6.669341568,13.54453872,8.30615E-19,9.15794E-17,32.56104637
8127145,NM_001242828,ELOVL5,1.29015267,10.13506895,12.08758346,7.98396E-17,5.05403E-15,28.01025227
8042211,NM_006577,B3GNT2,1.289605381,7.493951448,10.57818948,1.20453E-14,4.21403E-13,23.0048419
8168604,NM_001139514,DACH2,1.289118156,5.97936846,7.181187888,2.36142E-09,2.50568E-08,10.86120813
7970681,NM_183043,RNF6,1.289060916,6.963943885,11.71267666,2.70155E-16,1.49912E-14,26.79426898
8057599,NM_001032281,TFPI,1.288918004,7.124620367,4.779190168,1.44846E-05,6.92056E-05,2.261830214
8100870,NM_014243,ADAMTS3,1.288648145,7.527435348,9.479502474,5.52437E-13,1.29545E-11,19.18725269
8152606,NM_021021,SNTB1,1.288136794,7.52624303,8.600591094,1.29175E-11,2.25427E-10,16.04409163
7940153,NM_001142519,FAM111A,1.288013757,8.222506848,10.73113187,7.15187E-15,2.64213E-13,23.52510483
7958565,NM_000431,MVK,1.286501303,7.057006242,6.037080952,1.60501E-07,1.14979E-06,6.682480328
8060988,NM_001282550,BTBD3,1.28587232,9.490463324,12.08849723,7.96045E-17,5.04874E-15,28.01319363
8050619,NM_000384,APOB,1.284557256,6.78372172,1.940690607,0.057648175,0.100434872,-5.515109271
8114455,NM_004134,HSPA9,1.284247436,10.46259585,20.44063239,9.91998E-27,9.4373E-24,50.62241812
7936966,ENST00000410697,RNU2-42P,1.283963916,5.191982362,9.367222605,8.22897E-13,1.87286E-11,18.78972093
7956031,NM_014182,ORMDL2,1.282088213,7.68868715,14.60203846,3.57562E-20,6.05006E-18,35.69154766
8018975,NM_005567,LGALS3BP,1.281412462,8.847537618,9.135538829,1.88022E-12,3.93994E-11,17.96552243
8041781,NM_001430,EPAS1,1.281119042,8.0206943,7.641891081,4.3101E-10,5.35697E-09,12.5516255
8178193,NM_019111,HLA-DRA,1.280564372,6.67180862,5.882702598,2.82126E-07,1.92027E-06,6.125937812
7900413,NM_005857,ZMPSTE24,1.279224828,8.972953335,17.53954574,1.14936E-23,4.45003E-21,43.66928372
7964360,NM_001178078,STAT6,1.279203994,7.793721782,13.32981152,1.60036E-18,1.63022E-16,31.90779346
8154531,NM_017925,DENND4C,1.278402741,8.748695705,12.63913991,1.37298E-17,1.07315E-15,29.76575975
7968789,NM_014059,RGCC,1.278075947,7.118300501,5.192977823,3.3881E-06,1.85366E-05,3.681945524
7939465,NM_016142,HSD17B12,1.276788742,8.93447118,11.72398899,2.6033E-16,1.44953E-14,26.83122737
8036808,NM_001005354,PRR13,1.272716972,8.216861115,12.25214098,4.70253E-17,3.17607E-15,28.53818511
8142622,NM_198085,RNF148,1.271438138,5.474513973,11.31462206,1.00519E-15,4.64215E-14,25.48326705
8050427,NM_030797,FAM49A,1.271341463,6.921734365,7.036528248,4.03152E-09,4.08514E-08,10.33018523
7981984,NR_003333,SNORD116-18,1.269200244,3.642878722,3.987886242,0.000206427,0.000752919,-0.311312869
7946228,NM_000391,TPP1,1.267940064,7.910842583,12.02395769,9.80639E-17,6.01332E-15,27.8051784
8137526,NM_005542,INSIG1,1.267764847,8.037570189,4.538202552,3.31565E-05,0.000146401,1.455945782
8117458,NM_001145008,BTN3A1,1.267739044,6.799825565,9.423346801,6.74167E-13,1.56104E-11,18.98858971
8059905,NM_004369,COL6A3,1.266005433,9.498789126,4.053535396,0.000166827,0.000621762,-0.106509606
7918487,NM_024901,DENND2D,1.264887209,7.00634426,9.725423543,2.31876E-13,6.03184E-12,20.05340817
8151296,NM_016027,LACTB2,1.264686005,5.483285263,10.48366539,1.66479E-14,5.62765E-13,22.6818799
8148059,NM_022783,DEPTOR,1.263779522,7.805033434,6.333087764,5.41416E-08,4.27133E-07,7.756340291
8038505,NM_001135163,SIGLEC11,1.262618659,6.837909669,11.35715164,8.72695E-16,4.08694E-14,25.62431103
8038967,NM_001105549,ZNF83,1.262176635,9.17908418,11.0889591,2.13614E-15,9.07232E-14,24.73103144
7954185,NM_015954,DERA,1.260828996,7.696949028,14.00197669,2.09446E-19,2.70307E-17,33.93277062
8129666,NM_145176,SLC2A12,1.259035012,5.7532984,6.891924942,6.88166E-09,6.63208E-08,9.79963485
8180377,NA,NA,1.258890498,8.905497581,7.459954233,8.43149E-10,9.86726E-09,11.88444181
8033362,NM_000208,INSR,1.258366097,8.548434433,10.2557487,3.64874E-14,1.13544E-12,21.89876362
8092169,NM_001190942,TNFSF10,1.258223335,5.550977443,6.120202075,1.18364E-07,8.69631E-07,6.983211017
8137257,NM_001199577,GIMAP1-GIMAP5,1.257843951,6.519881746,8.615682649,1.22298E-11,2.14776E-10,16.09861759
7978331,NM_001039771,CBLN3,1.257835404,6.772445913,9.539392646,4.46894E-13,1.08063E-11,19.39877263
8142912,NM_032842,TMEM209,1.257711386,8.557643492,18.61968756,7.55717E-25,4.33847E-22,46.35774552
8009241,NR_004380,SNORD104,1.256487721,8.756629943,6.576114677,2.21038E-08,1.89688E-07,8.643029752
7896239,NA,NA,1.255773145,6.065557033,5.087985161,4.91444E-06,2.59791E-05,3.317723736
7995714,NM_001043,SLC6A2,1.255671778,5.925487801,9.96767582,9.92356E-14,2.81212E-12,20.90028847
8113039,NM_001131005,MEF2C,1.255126693,9.151775508,7.012259873,4.41005E-09,4.42172E-08,10.24111953
7896633,NA,NA,1.254200966,5.606065182,4.968365606,7.48796E-06,3.80884E-05,2.905854135
8125059,NM_001287593,CLIC1,1.253694809,8.762043719,11.47540945,5.89786E-16,2.918E-14,26.01527996
7955810,NM_001005354,PRR13,1.253654358,8.237903004,12.13465008,6.8598E-17,4.43516E-15,28.16161324
8151967,NM_001256312,STK3,1.253093987,7.706645968,9.499511931,5.14637E-13,1.21704E-11,19.25796299
8103834,NM_000027,AGA,1.25247241,6.89586286,10.0191293,8.29374E-14,2.39512E-12,21.07932373
8019250,NM_000918,P4HB,1.249441801,10.5755,8.726631697,8.18453E-12,1.49081E-10,16.49894099
8136095,NM_001130720,AHCYL2,1.249023251,8.239193349,11.45884856,6.22986E-16,3.05502E-14,25.96063658
7976830,NR_029841,MIR299,1.248801409,4.623409449,6.754332679,1.14443E-08,1.0527E-07,9.295273228
8133070,NA,NA,1.248568883,8.058631163,6.737826002,1.21641E-08,1.11302E-07,9.23480688
7979743,NM_001252650,RDH11,1.248268022,8.63987618,10.26183869,3.57275E-14,1.11701E-12,21.9197684
7906652,NM_001185092,NIT1,1.247752481,7.909794935,17.0343231,4.2794E-23,1.45399E-20,42.36850004
8057719,NM_014362,HIBCH,1.247233652,8.761790234,12.89716043,6.10721E-18,5.22755E-16,30.57328995
7927082,NR_003086,HSD17B7P2,1.246032084,7.46680348,6.841058606,8.30555E-09,7.86547E-08,9.613113336
7930894,NM_005308,GRK5,1.245176982,8.134237142,6.367709642,4.76625E-08,3.81332E-07,7.882421939
8139640,NM_000790,DDC,1.244944785,6.692231472,5.275272766,2.52786E-06,1.41844E-05,3.969086844
7969488,NM_006493,CLN5,1.244724795,6.600965557,14.62232552,3.37079E-20,5.78543E-18,35.75021208
7924092,NM_021194,SLC30A1,1.244001743,7.57965741,13.61854801,6.63468E-19,7.64126E-17,32.78481272
8054769,AY427952,PS1TP4,1.243792665,7.647740554,11.53735008,4.80699E-16,2.40689E-14,26.21934284
7995803,NR_036677,MT1JP,1.243418066,5.53553912,8.679936592,9.69058E-12,1.73291E-10,16.3305736
8143772,NM_002889,RARRES2,1.241289603,8.096391476,8.940174896,3.78943E-12,7.42189E-11,17.26664074
7892682,NA,NA,1.241201042,7.414425327,4.354550113,6.16768E-05,0.000255907,0.854045489
8076515,NM_001142293,ARFGAP3,1.240672012,8.008908534,15.41421012,3.50375E-21,7.77761E-19,38.00010378
8146115,NM_020130,C8orf4,1.237836913,5.696598658,10.8421005,4.90834E-15,1.90038E-13,23.90078855
8029278,ENST00000517239,RNU4-60P,1.236456313,5.366888463,6.977089846,5.02257E-09,4.98173E-08,10.1120599
7895283,NA,NA,1.23558476,7.937755389,10.77315333,6.2006E-15,2.31979E-13,23.66754708
8089040,NM_001042533,MINA,1.234790758,6.502593982,11.1468311,1.75957E-15,7.64861E-14,24.9245606
8053406,NM_017750,RETSAT,1.234496578,7.318002259,7.885766241,1.75699E-10,2.38883E-09,13.44440299
8142194,NM_002291,LAMB1,1.232521304,10.1201345,5.789685306,3.95878E-07,2.61539E-06,5.792002831
7996012,NM_012106,ARL2BP,1.231670616,9.131401609,14.65314448,3.08215E-20,5.37311E-18,35.8392328
8078300,NM_017897,OXSM,1.229943934,6.597174087,15.95360402,7.8204E-22,2.01857E-19,39.48878158
8156228,NM_001257971,CTSL,1.229535282,8.806013321,8.901113709,4.36128E-12,8.44288E-11,17.12650036
8061653,NM_080625,CCM2L,1.227851936,7.22323921,11.56614343,4.37177E-16,2.2292E-14,26.31403391
7984263,NM_016395,PTPLAD1,1.227771398,9.615844985,16.48563732,1.84068E-22,5.3295E-20,40.92331859
8020110,NM_006868,RAB31,1.225049249,8.257864863,9.543260779,4.40822E-13,1.06827E-11,19.41242139
7894661,NA,NA,1.223970186,9.721699399,9.145247727,1.81603E-12,3.81745E-11,18.00016372
8174076,NM_000169,GLA,1.223114858,7.084236406,14.48329958,5.0552E-20,8.05373E-18,35.34714909
8168622,NM_019117,KLHL4,1.22199039,7.602681209,6.745743311,1.18134E-08,1.08391E-07,9.263807893
7902861,NM_001134476,LRRC8B,1.221069252,7.300645164,10.64836136,9.47959E-15,3.41974E-13,23.24389953
7998722,NR_002736,SNORD60,1.220484043,7.12443371,5.849008007,3.18992E-07,2.14544E-06,6.004844458
8043502,NA,NA,1.220160842,4.249162968,4.331340033,6.66631E-05,0.000274272,0.778792716
8122013,NM_001007102,L3MBTL3,1.220038222,8.250985946,7.676031672,3.80068E-10,4.79906E-09,12.6767288
8038213,NM_016246,HSD17B14,1.219012094,6.825610493,8.969245047,3.41339E-12,6.74915E-11,17.37085016
8094599,NM_016531,KLF3,1.217562092,8.476252318,10.49544612,1.59888E-14,5.42139E-13,22.72219003
8172035,U02556,DYNLT3,1.216330651,7.564868004,14.13880739,1.39415E-19,1.9025E-17,34.33785534
8148070,NM_021110,COL14A1,1.215855448,8.951316349,4.469095507,4.19264E-05,0.000180973,1.22814209
8129497,NM_001135554,EPB41L2,1.214943817,9.271104775,6.956683493,5.41624E-09,5.33091E-08,10.03718651
8154363,NM_001029,RPS26,1.214716293,8.732194117,7.911936678,1.59596E-10,2.18686E-09,13.54007209
7895998,NA,NA,1.214622318,4.618266762,6.846700949,8.13409E-09,7.71187E-08,9.633799807
7971197,NM_001145353,ELF1,1.214590539,8.305707975,7.947709258,1.39953E-10,1.94248E-09,13.67079427
8150698,NM_003068,SNAI2,1.214425925,8.771459923,5.425954482,1.47429E-06,8.64858E-06,4.498336881
8091715,NM_020169,LXN,1.213649863,5.454554309,8.121445816,7.40305E-11,1.08677E-09,14.3047988
7896067,NA,NA,1.212377432,10.54215431,10.02902944,8.01261E-14,2.31996E-12,21.11373755
8056217,NA,NA,1.210278943,7.593545406,6.243196783,7.53558E-08,5.79206E-07,7.42941564
7958455,NM_003362,UNG,1.209732879,7.603910692,10.14810248,5.29695E-14,1.59181E-12,21.5267718
8150036,NM_015254,KIF13B,1.208443184,7.614213964,10.99580489,2.92135E-15,1.21438E-13,24.41862867
7921834,NM_001643,APOA2,1.208261397,6.463436244,2.035224616,0.046866426,0.084383895,-5.337727711
7920697,NM_000157,GBA,1.207951967,6.436802159,12.56737601,1.72258E-17,1.30061E-15,29.5396065
7946033,NM_000518,HBB,1.207848272,7.161776224,3.145694494,0.002722332,0.007301877,-2.760374467
8100971,NM_002704,PPBP,1.206356609,5.82121694,4.767309253,1.50933E-05,7.18562E-05,2.221703152
8156861,ENST00000525342,STX17,1.205867364,8.253253478,12.8653787,6.74494E-18,5.72924E-16,30.47429379
8121212,ENST00000602288,BDH2P1,1.204841525,7.518951918,8.963703031,3.48206E-12,6.87268E-11,17.35098908
8135587,NM_001206747,CAV2,1.20467662,7.467871449,4.805876463,1.32037E-05,6.36337E-05,2.35210386
8096919,NM_001102406,ALPK1,1.202371748,6.538012797,11.46800029,6.04413E-16,2.97766E-14,25.99083746
8085263,NM_018447,EMC3,1.201411225,8.633732401,12.05769666,8.79291E-17,5.5137E-15,27.91398925
7929750,NM_020354,ENTPD7,1.201407574,7.501867327,13.80347012,3.79591E-19,4.53019E-17,33.34082339
8091190,NM_001184,ATR,1.200563507,7.841356484,17.71986222,7.23635E-24,2.97468E-21,44.12674697
8180212,NA,NA,1.199210354,9.737736202,10.90535109,3.9632E-15,1.58419E-13,24.11424061
8137244,NM_018326,GIMAP4,1.19890869,5.920669034,8.21247053,5.30675E-11,8.05373E-10,14.63633044
7976146,NA,NA,1.19834958,3.875533911,8.121778895,7.39403E-11,1.08649E-09,14.30601279
8066258,NR_002911,SNORA71A,1.198170296,7.683272418,6.590001298,2.09993E-08,1.81332E-07,8.693800004
8019924,NM_006471,MYL12A,1.197187882,7.199599772,9.186254262,1.5684E-12,3.33577E-11,18.14637754
8007797,NM_001029,RPS26,1.197005261,10.89260645,7.21967242,2.04828E-09,2.2036E-08,11.00249453
7978123,NM_002818,PSME2,1.196960684,7.177672839,14.72850909,2.47738E-20,4.43492E-18,36.05642188
8058256,NA,NA,1.196160521,4.188323718,11.60416279,3.85748E-16,2.00379E-14,26.43890203
7982723,NM_001159508,IVD,1.195325405,8.189893856,11.18329873,1.5575E-15,6.85072E-14,25.04629394
8148580,ENST00000395172,C8orf31,1.19488767,6.359765575,9.703984963,2.5004E-13,6.44895E-12,19.97815375
8044333,NM_001205288,LIMS3L,1.194729649,9.185582754,12.20191151,5.52511E-17,3.62859E-15,28.37741515
8054519,NM_001205288,LIMS3L,1.194729649,9.185582754,12.20191151,5.52511E-17,3.62859E-15,28.37741515
7894529,NA,NA,1.194233554,7.979564432,7.348573522,1.27211E-09,1.43438E-08,11.47569008
7984298,NM_001143688,DIS3L,1.194084694,8.281355639,13.45719456,1.0838E-18,1.15295E-16,32.29604752
8036710,NM_004877,GMFG,1.193933609,7.079041366,9.380700189,7.84407E-13,1.79139E-11,18.83750568
8127107,NA,NA,1.193308281,6.687959748,5.948998713,2.21493E-07,1.54064E-06,6.364602344
7961960,ENST00000391247,RNA5SP354,1.192753928,6.276827791,8.703047315,8.9132E-12,1.60858E-10,16.41392484
7946048,NM_000184,HBG2,1.192396087,10.88667839,4.47273597,4.14126E-05,0.000178964,1.240103748
7946054,NM_000184,HBG2,1.192396087,10.88667839,4.47273597,4.14126E-05,0.000178964,1.240103748
7948229,NM_001278201,SLC43A3,1.191700762,7.367266114,9.50517451,5.04421E-13,1.19542E-11,19.27796622
8134257,NM_004126,GNG11,1.190386182,7.250624763,5.991840593,1.89391E-07,1.33718E-06,6.519105719
7923824,NM_173854,SLC41A1,1.188596359,8.541254409,6.024286532,1.68196E-07,1.19923E-06,6.636253895
8122827,NM_025059,CCDC170,1.188265541,6.526131315,11.28912728,1.0942E-15,5.01839E-14,25.39860604
7929511,NM_001098175,ENTPD1,1.187017779,7.489499619,7.518544864,6.7921E-10,8.11178E-09,12.09938116
7924107,NM_014873,LPGAT1,1.186578591,7.507084304,12.50061422,2.12856E-17,1.54748E-15,29.32860967
7956867,NM_003483,HMGA2,1.185089538,8.246052371,3.1901729,0.002394635,0.006521154,-2.640316602
8168359,NM_001013627,NHSL2,1.184848842,6.384586323,13.22839968,2.18583E-18,2.11575E-16,31.59718586
7902398,NR_002749,SNORD45A,1.18483165,9.12853818,7.864603377,1.89906E-10,2.56836E-09,13.3670184
8099541,NM_000320,QDPR,1.184713971,7.047942933,11.54268171,4.72322E-16,2.37566E-14,26.23688471
8097335,NM_014278,HSPA4L,1.18395997,7.316364535,5.456122476,1.32286E-06,7.83901E-06,4.604808068
8024584,NM_020170,NCLN,1.183040794,7.76581285,9.160075284,1.72224E-12,3.63867E-11,18.05305138
7964745,NM_001282606,TMBIM4,1.18299631,8.241287075,12.5921673,1.59263E-17,1.21628E-15,29.61780898
8041061,NM_001170585,PLB1,1.181516287,5.906025109,7.177539174,2.39349E-09,2.53647E-08,10.84781286
8034210,NM_001145416,TMEM205,1.180313428,8.017618264,12.58826181,1.61242E-17,1.22858E-15,29.60549472
7983890,NM_001018090,GCOM1,1.180192101,6.859507345,6.047709087,1.54376E-07,1.10949E-06,6.720893164
7997336,NM_020927,VAT1L,1.179393245,7.798527612,5.076633787,5.11543E-06,2.69209E-05,3.278494066
8166784,NM_004615,TSPAN7,1.179281294,9.782873907,8.067586924,9.01708E-11,1.29919E-09,14.10841876
7933933,NM_021800,DNAJC12,1.179148025,6.638291734,10.80488036,5.56796E-15,2.12367E-13,23.77494951
8175256,ENST00000441492,MIR503HG,1.178752155,8.37025187,8.375112735,2.93152E-11,4.70867E-10,15.22747671
8100557,NM_001010874,TECRL,1.178567436,4.174168682,3.399870179,0.001291372,0.003798345,-2.059298646
8170704,NM_000033,ABCD1,1.177976765,7.022571006,9.172758314,1.64589E-12,3.48622E-11,18.09827351
7898337,NM_001145277,NECAP2,1.177505956,9.104126514,18.37658414,1.38024E-24,7.22318E-22,45.76338707
7899774,NM_004964,HDAC1,1.176880037,9.654227996,14.18228859,1.2256E-19,1.72919E-17,34.46607928
8166098,NM_001195328,RAB9A,1.176768952,7.219460518,11.42902069,6.87629E-16,3.3279E-14,25.86212929
8137250,NM_015660,GIMAP2,1.176361273,4.837333475,9.0348107,2.69738E-12,5.45653E-11,17.60561325
8075857,NM_001270483,TST,1.174233237,7.850432394,8.049025937,9.65167E-11,1.38343E-09,14.04070663
7893965,NA,NA,1.173301383,4.837458062,3.929401277,0.000249235,0.000889474,-0.49225712
7955719,ENST00000550979,HIGD1AP1,1.172993758,8.120143636,10.07034341,6.93949E-14,2.03543E-12,21.2572287
8042086,NM_001130480,VRK2,1.172849831,7.372178156,10.14988222,5.26435E-14,1.58344E-12,21.53293294
8160557,ENST00000440331,RPS26P2,1.172743538,10.45903339,6.727418969,1.2641E-08,1.15272E-07,9.196689572
8127158,ENST00000514004,GCLC,1.172066008,7.796121386,9.262034637,1.1967E-12,2.63188E-11,18.41616269
7954899,NM_001256063,CNTN1,1.170385455,7.897778737,5.666294372,6.19564E-07,3.93245E-06,5.350843194
8168447,NM_016500,PBDC1,1.170372246,7.013792268,19.27496858,1.53349E-25,1.0864E-22,47.9298216
7991602,NM_138322,PCSK6,1.169802594,7.90363125,8.60582114,1.26749E-11,2.22007E-10,16.06298979
7896222,NA,NA,1.169621279,6.754554319,7.720382302,3.22797E-10,4.14188E-09,12.83919175
7899627,NM_001204414,TINAGL1,1.169472425,7.539601237,9.998084952,8.92488E-14,2.55742E-12,21.0061348
8105077,NM_032587,CARD6,1.169187203,4.802945534,8.775055419,6.8708E-12,1.27169E-10,16.67335769
7978833,NM_001001,RPL36AL,1.168481612,9.190063799,9.541713852,4.4324E-13,1.07335E-11,19.40696322
7913385,NM_001145657,RAP1GAP,1.167632681,6.457912782,9.808629873,1.73115E-13,4.64298E-12,20.34501182
7964872,NM_001109754,PTPRB,1.166533137,6.844162441,7.42246376,9.68303E-10,1.11872E-08,11.74687638
8166184,NM_007220,CA5B,1.166263063,7.366779944,10.85991874,4.6211E-15,1.81022E-13,23.96097016
8050548,NM_014713,LAPTM4A,1.166077163,11.32408532,11.27983767,1.12858E-15,5.1477E-14,25.36773725
7934178,NM_000281,PCBD1,1.165270062,8.805546769,7.828511474,2.16848E-10,2.887E-09,13.23500165
7947027,NM_001261383,UEVLD,1.164653721,7.844187172,14.43971144,5.74292E-20,8.97755E-18,35.22027652
7987369,NM_080650,DPH6,1.164453172,7.330388305,11.24524528,1.26649E-15,5.72187E-14,25.25269212
7893951,NA,NA,1.16395745,5.588132262,4.144770067,0.000123777,0.000477181,0.180990922
7940711,NM_199337,TMEM179B,1.163470618,8.202036021,14.15601644,1.3248E-19,1.84568E-17,34.38863285
8134372,ENST00000364737,RNU4-16P,1.163330808,5.517430347,7.092193298,3.28151E-09,3.37445E-08,10.53450409
7907893,NM_001531,MR1,1.163328851,4.819056362,7.206743922,2.14854E-09,2.30328E-08,10.95503071
8140463,NM_006682,FGL2,1.163222294,6.394532334,6.595729071,2.056E-08,1.77953E-07,8.714743889
7896439,NA,NA,1.161948304,7.131591208,6.9110773,6.41117E-09,6.23279E-08,9.869881277
7985809,NM_007011,ABHD2,1.161737545,8.076917243,10.90886852,3.9164E-15,1.56736E-13,24.12609628
7918593,NM_001042678,RHOC,1.161081771,9.406439862,9.232945299,1.32754E-12,2.89478E-11,18.31266682
7945371,NM_021034,IFITM3,1.160513196,8.62612783,6.920071688,6.20146E-09,6.04125E-08,9.902873503
8097056,NR_002963,SNORA24,1.160159967,7.628287945,5.738505132,4.76802E-07,3.08993E-06,5.608755961
8127396,NM_001142800,EYS,1.159696815,3.996375195,5.976273119,2.00483E-07,1.40685E-06,6.462939672
7947815,NM_001131064,ACP2,1.159003507,8.214819159,10.566462,1.2538E-14,4.35327E-13,22.9648311
7895833,NA,NA,1.15834271,5.43873979,3.58441872,0.000737573,0.002320166,-1.528569337
8020551,NM_000227,LAMA3,1.157492624,6.590672624,13.29134763,1.80097E-18,1.80623E-16,31.79014289
8157092,NM_018112,TMEM38B,1.157318924,7.57638615,9.810933436,1.71722E-13,4.61116E-12,20.35307415
7950654,NM_001007027,ALG8,1.156926528,7.974556038,17.56879544,1.06601E-23,4.24957E-21,43.7437307
7893924,NA,NA,1.155889456,5.431509562,4.125067962,0.000132049,0.000505095,0.118627759
8041638,ENST00000363680,RNU6-137P,1.155286473,5.994636108,8.884769876,4.62564E-12,8.88747E-11,17.06782445
8127563,NM_004370,COL12A1,1.155266844,8.199734964,3.412150649,0.001244713,0.00367585,-2.024530243
8062312,NM_006097,MYL9,1.155141089,8.653453258,5.439880847,1.40237E-06,8.27626E-06,4.547466573
7896373,NA,NA,1.153996214,4.03625406,4.543912227,3.2518E-05,0.000143868,1.474835626
7986757,NM_002487,NDN,1.153874893,6.641751147,12.1218215,7.14929E-17,4.5867E-15,28.12038671
7895700,NA,NA,1.153717647,3.534499523,3.561834452,0.000790531,0.002464635,-1.594447127
7960850,NM_001286233,SLC2A14,1.152782895,7.774153053,8.758358348,7.29791E-12,1.33957E-10,16.61323811
7930025,NM_152310,ELOVL3,1.15174853,5.399800752,9.899118452,1.26092E-13,3.50166E-12,20.66127807
8002303,NM_000903,NQO1,1.149515838,6.277392158,8.66857882,1.00973E-11,1.79887E-10,16.28959531
8065817,NM_000178,GSS,1.149293853,8.171769506,16.5676419,1.47697E-22,4.39094E-20,41.14149783
8113413,NM_031438,NUDT12,1.149281263,7.041747191,13.40622291,1.26641E-18,1.32187E-16,32.14094322
7970763,NM_001160030,FLT1,1.14920295,6.733339143,6.547113827,2.46008E-08,2.08803E-07,8.537033331
7918345,NM_001199772,PSMA5,1.148662003,8.173456894,13.05443272,3.74296E-18,3.4145E-16,31.06122555
8087224,NM_000387,SLC25A20,1.148641323,6.914767346,7.485575967,7.67071E-10,9.06358E-09,11.97844303
8066407,NM_001080472,FITM2,1.14843826,7.12914741,10.08283229,6.64457E-14,1.95791E-12,21.30056665
8131614,NM_001621,AHR,1.148272773,7.677892007,8.895202143,4.45509E-12,8.59949E-11,17.10527991
8023575,NM_133459,CCBE1,1.148097424,7.397798597,8.504238584,1.83257E-11,3.08334E-10,15.69557193
7892501,NA,NA,1.147331726,4.725339509,3.482478482,0.001006872,0.003048356,-1.823893522
7919584,NM_001024599,HIST2H2BF,1.146773597,8.72634848,8.973700519,3.35917E-12,6.65776E-11,17.38681539
8088106,NM_001064,TKT,1.145890548,8.354995071,8.936789294,3.83585E-12,7.49985E-11,17.25449939
8175039,NM_001127197,ELF4,1.145151793,6.729673098,9.289119535,1.08658E-12,2.41199E-11,18.51245366
7940473,NM_016464,TMEM138,1.145100888,7.868272525,14.1067013,1.53354E-19,2.05069E-17,34.24302102
8141107,NM_001160210,SLC25A13,1.144661699,8.49206017,11.28823653,1.09745E-15,5.02637E-14,25.39564662
7901219,NM_001256127,NSUN4,1.142639215,7.916787908,14.02479438,1.9567E-19,2.555E-17,34.00048857
8110569,NM_001142298,SQSTM1,1.142018251,7.980143175,8.033091817,1.02321E-10,1.4616E-09,13.98256357
7914127,NM_002038,IFI6,1.139332268,8.032814873,5.029256114,6.04536E-06,3.12906E-05,3.115083775
8091656,NM_001113528,METTL15,1.138891629,7.765100022,9.603963088,3.55727E-13,8.87238E-12,19.62640654
8135378,NM_002736,PRKAR2B,1.137809044,9.57635874,5.630699499,7.04783E-07,4.42944E-06,5.223995226
7938812,NM_153347,TMEM86A,1.136898266,6.737849461,10.31530301,2.97056E-14,9.5015E-13,22.10398383
8156935,NM_001278231,ZNF189,1.136804731,7.878537746,12.69078891,1.16665E-17,9.3605E-16,29.92810556
7990657,NM_015079,TBC1D2B,1.136230567,7.194698695,10.240311,3.84878E-14,1.19323E-12,21.84549852
8110022,NM_003945,ATP6V0E1,1.136192343,9.330373486,9.454124068,6.04435E-13,1.41135E-11,19.09751061
7937330,NM_006435,IFITM2,1.135344881,8.900188484,9.031337616,2.7312E-12,5.51825E-11,17.59318722
7966749,NM_001168325,TESC,1.135112443,6.860650634,6.907985136,6.4849E-09,6.29521E-08,9.858539359
7895334,NA,NA,1.134719,8.559584966,13.53923432,8.44121E-19,9.27614E-17,32.54498128
7945767,NM_000076,CDKN1C,1.134346822,8.583790514,11.84244756,1.76799E-16,1.02203E-14,27.21724366
8046546,NM_001199746,HOXD8,1.134292286,7.116077002,10.9828079,3.05203E-15,1.2624E-13,24.37495518
7910146,NM_000447,PSEN2,1.133968214,7.432389894,7.168898822,2.47118E-09,2.6105E-08,10.81609226
7962689,NM_000376,VDR,1.133631535,5.63255309,8.590986384,1.33753E-11,2.32442E-10,16.00938081
8112822,NM_013391,DMGDH,1.133602635,5.790322432,7.922968179,1.5326E-10,2.10959E-09,13.5803901
8091327,ENST00000462666,PLSCR1,1.133146598,7.131097118,8.420536497,2.4846E-11,4.05737E-10,15.39227264
8091260,NM_173653,SLC9A9,1.132992234,7.275251357,7.118792042,2.97414E-09,3.08696E-08,10.63214494
8014349,NM_032962,CCL14,1.132722569,5.828117499,6.550011666,2.43392E-08,2.0674E-07,8.547622755
7960794,NM_004244,CD163,1.132197536,6.793345423,5.771221042,4.23368E-07,2.77552E-06,5.725851294
8007420,NM_001277731,AOC3,1.131462462,6.123142316,3.96176644,0.000224587,0.000810367,-0.392302028
7936641,NM_213649,SFXN4,1.130897786,7.256630637,10.21651593,4.17902E-14,1.28842E-12,21.76334331
7924450,NR_111939,DUSP10,1.130799772,5.731244866,5.885586938,2.79174E-07,1.90134E-06,6.136310298
7933437,NM_001042357,PTPN20B,1.130757125,6.503333452,4.796132213,1.3658E-05,6.5614E-05,2.319118588
7917779,NM_002061,GCLM,1.13058055,5.621291873,5.369983389,1.80197E-06,1.04077E-05,4.301239683
7936516,NM_025015,HSPA12A,1.130521516,8.476662291,8.186036284,5.8451E-11,8.80653E-10,14.54009972
8126153,NM_003740,KCNK5,1.129514363,6.5537139,5.193214575,3.38525E-06,1.8524E-05,3.682769551
8066262,NR_003018,SNORA71D,1.128383166,8.136672872,6.231752031,7.85928E-08,6.01726E-07,7.387839348
8164215,NR_002449,SNORA65,1.12768572,8.168192514,6.075147445,1.39617E-07,1.01259E-06,6.820116997
8110055,NM_030627,CPEB4,1.126141732,8.21353298,5.182487932,3.51668E-06,1.91896E-05,3.645446981
8065730,NM_003908,EIF2S2,1.125843637,8.588540462,14.5932355,3.66839E-20,6.10731E-18,35.66607588
7933442,NM_001042358,PTPN20B,1.124733392,6.020360453,4.313903464,7.06648E-05,0.000289306,0.722384141
8114618,NM_001185012,NDUFA2,1.12373607,7.285580767,9.110016825,2.06006E-12,4.2711E-11,17.87441838
7950534,NM_004626,WNT11,1.122857133,6.865213923,7.325519568,1.3852E-09,1.54879E-08,11.3910669
7933488,NM_144984,VSTM4,1.12068138,6.79928734,8.333036452,3.41738E-11,5.41334E-10,15.07470399
8023259,NR_002571,SNORD58A,1.12041103,6.532913678,6.906202431,6.52779E-09,6.32952E-08,9.852000578
8027429,NA,NA,1.119765805,6.196486748,9.356367,8.55279E-13,1.94125E-11,18.75121928
8038202,NM_001190,BCAT2,1.118571994,7.908466385,9.213630524,1.4223E-12,3.06327E-11,18.24390273
8059650,NM_001185015,SP110,1.116296451,6.340493453,7.763882667,2.75039E-10,3.58153E-09,12.99847673
8134552,NM_005720,ARPC1B,1.116097894,7.659379037,10.02971377,7.99353E-14,2.31645E-12,21.11611592
7995237,NM_016633,AHSP,1.115852829,5.911015798,3.779766771,0.000401321,0.001352096,-0.948461734
8155268,NM_001282766,POLR1E,1.114932174,7.802172642,9.726571788,2.30941E-13,6.01223E-12,20.05743738
7943349,NM_152432,ARHGAP42,1.114633499,7.823312415,6.326696488,5.54302E-08,4.36326E-07,7.733075019
7929282,NM_002729,HHEX,1.11311806,6.89092244,6.7573886,1.13158E-08,1.04198E-07,9.306468585
7933821,NM_001242359,RHOBTB1,1.112231708,8.151380984,8.791388616,6.47734E-12,1.20692E-10,16.73214515
8170024,NR_024359,LINC00086,1.110771923,6.871766161,9.795503548,1.81274E-13,4.83257E-12,20.29905944
8147516,NM_002380,MATN2,1.109748192,8.709941502,4.304172156,7.29988E-05,0.000297763,0.690949695
7922646,NM_022347,TOR1AIP2,1.109016164,9.11111272,11.94793099,1.25459E-16,7.48637E-15,27.55944117
8081786,NM_001256835,QTRTD1,1.108393631,7.235724079,13.46643636,1.05366E-18,1.1281E-16,32.32413368
7900461,ENST00000493756,ZNF684,1.107188292,5.194469498,12.41374755,2.8057E-17,1.97927E-15,29.05319676
7990345,NM_001146029,SEMA7A,1.106967814,8.176815767,5.759262229,4.42174E-07,2.88574E-06,5.683031596
7919591,NM_001100910,FAM72B,1.106807299,7.280019724,7.975736323,1.26274E-10,1.76811E-09,13.77317167
7968972,NM_005694,COX17,1.106320905,7.855718787,7.932667177,1.47898E-10,2.04254E-09,13.61583362
8058927,NM_022152,TMBIM1,1.106136291,8.36995269,5.531948638,1.00684E-06,6.11656E-06,4.873124288
7911155,NM_016002,SCCPDH,1.105987749,9.529748697,13.60663579,6.87869E-19,7.87078E-17,32.74884419
8058104,NA,NA,1.105646703,3.448385424,5.034243491,5.94012E-06,3.08033E-05,3.13226082
8082816,NM_021203,SRPRB,1.105431054,7.947419396,10.44185264,1.92166E-14,6.3794E-13,22.53867477
8116859,NM_001165258,TMEM14C,1.104800721,9.125027588,9.713733305,2.41609E-13,6.25086E-12,20.01237882
7997332,NM_001105663,NUDT7,1.104607222,6.662344504,10.12442574,5.75056E-14,1.70961E-12,21.44477251
7970602,NM_006437,PARP4,1.103781539,8.503293076,9.917582053,1.18209E-13,3.31035E-12,20.72569898
8095331,NA,NA,1.103773349,5.152935253,7.229171317,1.97761E-09,2.13586E-08,11.03736732
8080911,NM_032505,KBTBD8,1.103413462,5.600694608,7.999455691,1.15752E-10,1.63542E-09,13.85978504
8057004,NM_001077196,PDE11A,1.103340823,5.83439963,8.184697537,5.87378E-11,8.83988E-10,14.53522509
8119974,NM_001078175,SLC29A1,1.103186939,8.425420339,9.105334204,2.0949E-12,4.33522E-11,17.85769664
7937990,NA,NA,1.103023125,6.66426003,4.334508126,6.596E-05,0.000271648,0.789053286
7937993,NA,NA,1.103023125,6.66426003,4.334508126,6.596E-05,0.000271648,0.789053286
8025051,NA,NA,1.102639777,8.240427748,4.680861881,2.03434E-05,9.39494E-05,1.930936477
8066260,NR_003017,SNORA71C,1.102543462,8.542289363,6.881145102,7.16148E-09,6.8898E-08,9.760100739
8155250,NM_012203,GRHPR,1.102186084,8.402986041,13.30967433,1.70239E-18,1.72293E-16,31.84622332
7975453,NR_001276,SNORD56B,1.101889789,4.898336246,6.090497829,1.31981E-07,9.61191E-07,6.875661373
8068168,NM_000454,SOD1,1.101185776,10.12044422,10.17630667,4.80346E-14,1.45533E-12,21.62436665
7943890,ENST00000595053,LOC100132686,1.101052091,6.340573569,8.987116212,3.20111E-12,6.37865E-11,17.43487712
8165709,ENST00000387461,MT-TP,1.100366315,10.6403883,5.155455975,3.87062E-06,2.09493E-05,3.551501686
8106252,NM_000521,HEXB,1.099873086,7.809481161,9.231461831,1.33459E-12,2.90824E-11,18.30738667
7896334,NA,NA,1.098452305,4.423637421,3.778401756,0.000403052,0.001357382,-0.952577367
8101992,NM_001135148,SLC39A8,1.097837545,7.563239209,8.328183117,3.47839E-11,5.49765E-10,15.05707489
7937335,NM_003641,IFITM1,1.097818808,7.453179705,7.308449481,1.47537E-09,1.64025E-08,11.32840556
8123148,NM_014161,MRPL18,1.097793802,8.489170226,12.95803005,5.05109E-18,4.43763E-16,30.76252163
8121949,NM_000426,LAMA2,1.09707319,8.340484523,3.232299439,0.002118817,0.005874293,-2.52555988
8122860,NM_025107,MYCT1,1.096996933,6.733515624,6.255759023,7.19554E-08,5.55635E-07,7.475064183
8167038,ENST00000383958,RNU6-1189P,1.096863172,3.363082406,4.287947392,7.70579E-05,0.000312217,0.638615319
7894074,NA,NA,1.095905593,10.5794602,15.08123148,8.9947E-21,1.74126E-18,37.06349576
8161418,NA,NA,1.095846859,5.684759143,6.395462898,4.30313E-08,3.4718E-07,7.983552253
7956046,NM_001345,DGKA,1.095328627,6.68699462,9.698972998,2.5449E-13,6.54344E-12,19.96055347
8078529,NM_001292049,STAC,1.095176535,4.966302553,6.22905454,7.93757E-08,6.07022E-07,7.378041568
8175319,NM_001185063,ZNF75D,1.093627855,6.820422612,14.20098532,1.15963E-19,1.64307E-17,34.52114085
8074969,NM_001084392,DDT,1.093608114,8.193654615,7.850852469,1.9975E-10,2.68948E-09,13.3167266
8140971,NM_152703,SAMD9L,1.093286657,5.081887755,4.390499064,5.46626E-05,0.000229782,0.970971266
7913883,NM_000437,PAFAH2,1.091627327,7.457646543,12.99064563,4.56339E-18,4.05192E-16,30.86371732
7970999,NM_001142294,SPG20,1.091399613,8.554622667,9.068482274,2.39057E-12,4.88337E-11,17.72602736
7931778,NM_001242307,PITRM1,1.091085365,8.784681276,13.8802805,3.01396E-19,3.68955E-17,33.57047358
7986010,NM_003870,IQGAP1,1.090780177,9.191584217,11.010968,2.77601E-15,1.16101E-13,24.46955413
7929026,ENST00000437930,ACTA2-AS1,1.0906084,6.106266967,8.622398043,1.19357E-11,2.10835E-10,16.12287486
8128650,NM_007214,SEC63,1.089956668,10.7705648,15.68519321,1.64246E-21,3.87866E-19,38.75236354
8169995,NM_001170779,FAM122C,1.0899108,8.373595669,8.728645063,8.12517E-12,1.48162E-10,16.50619665
8102065,NM_020139,BDH2,1.088670565,6.962204357,7.169929308,2.46178E-09,2.6014E-08,10.81987538
8139758,NM_016139,CHCHD2,1.088658077,9.255546514,11.14132543,1.7923E-15,7.74036E-14,24.90616737
8073192,NM_006003,UQCRFS1,1.088588994,9.664677649,11.21551036,1.39859E-15,6.21749E-14,25.15367993
8163086,NM_032012,TMEM245,1.088310308,9.470424329,12.52603096,1.96366E-17,1.45535E-15,29.40900678
7984524,NM_001104554,PAQR5,1.088305195,6.512456519,10.88820877,4.19952E-15,1.65874E-13,24.05643947
7904314,NM_003594,TTF2,1.088238522,7.410464189,10.56850684,1.24507E-14,4.33198E-13,22.97180871
8113073,NM_020801,ARRDC3,1.088051366,10.0568736,7.642803853,4.29562E-10,5.34098E-09,12.55497067
7971388,NM_001010875,SLC25A30,1.087593042,6.678646881,7.182095319,2.35351E-09,2.49888E-08,10.86453952
8112007,NM_198449,EMB,1.086872577,5.322185051,6.326407326,5.54892E-08,4.36584E-07,7.732022499
8175490,NA,NA,1.086491621,3.878146621,6.214467018,8.37458E-08,6.37805E-07,7.325067853
8146550,NM_001007067,SDCBP,1.08648555,9.746134076,10.9269207,3.68484E-15,1.48189E-13,24.1869178
7902382,NM_004582,RABGGTB,1.086431306,8.782972494,11.42730091,6.91556E-16,3.33906E-14,25.85644617
7934842,NM_024756,MMRN2,1.085697613,6.878018808,9.128116254,1.93083E-12,4.03836E-11,17.93903283
8073081,NM_145298,APOBEC3F,1.08522723,6.839427055,10.62288218,1.03403E-14,3.68235E-13,23.15716774
8118548,NM_019111,HLA-DRA,1.08512658,6.485070687,5.575288455,8.61083E-07,5.30462E-06,5.026921117
8167560,NM_001098405,GAGE12F,1.085073724,5.673219725,3.233849572,0.002109263,0.005850241,-2.521317941
8040695,NM_002246,KCNK3,1.08490858,6.655655697,9.649525169,3.02911E-13,7.65252E-12,19.78676632
8135464,NM_000108,DLD,1.084296988,9.458393002,12.04014371,9.30621E-17,5.75964E-15,27.85739816
8041027,NM_004891,MRPL33,1.083942227,7.512040392,12.0928512,7.84939E-17,4.98781E-15,28.02720714
8124492,NM_080593,HIST1H2BK,1.082919413,7.588216259,6.900482499,6.66732E-09,6.44976E-08,9.831020936
8171846,NA,NA,1.080459046,8.465964457,7.571627766,5.58434E-10,6.78372E-09,12.2940536
8180392,NA,NA,1.079870614,8.602360318,11.37655716,8.1825E-16,3.85364E-14,25.68859011
7965789,NM_001177,ARL1,1.079661578,8.324034585,10.93231682,3.61835E-15,1.46214E-13,24.20509053
7951565,NM_001258415,ARHGAP20,1.078766979,7.034190841,7.353340059,1.24991E-09,1.4127E-08,11.49318578
8129125,NM_001286355,GPRC6A,1.0781429,3.46790785,6.779654655,1.04219E-08,9.67457E-08,9.388050015
8163348,NM_001080551,C9orf84,1.078044288,4.406389702,8.295515747,3.91858E-11,6.10275E-10,14.93837615
8107234,XM_006714616,MAN2A1,1.077993387,8.028850833,9.047254023,2.57963E-12,5.24063E-11,17.6501242
8091255,NM_198504,PAQR9,1.077768706,6.085470969,8.185020529,5.86685E-11,8.8353E-10,14.53640117
7902512,NM_007034,DNAJB4,1.077129357,8.601067913,7.677772988,3.77638E-10,4.77562E-09,12.68310867
8081945,NM_001168331,NDUFB4,1.076841077,8.532811762,9.559709454,4.15916E-13,1.01754E-11,19.47044344
8093314,NM_001168331,NDUFB4,1.076841077,8.532811762,9.559709454,4.15916E-13,1.01754E-11,19.47044344
7943293,NM_015036,ENDOD1,1.076193315,8.267780798,6.171502927,9.80574E-08,7.33547E-07,7.1691551
7993478,NM_004996,ABCC1,1.075892412,8.306048579,8.15749407,6.4882E-11,9.64024E-10,14.43615017
8114476,NM_001037633,SIL1,1.075302228,7.234970061,11.68794517,2.92962E-16,1.59914E-14,26.7134112
7986428,AK127420,LOC400464,1.073367743,7.195125633,10.5081188,1.53093E-14,5.20689E-13,22.76553353
8155696,NM_138333,FAM122A,1.073204005,8.587857884,14.0147428,2.01622E-19,2.61222E-17,33.97066592
8114193,NM_001033503,SAR1B,1.072301734,7.891115008,9.32248738,9.64839E-13,2.16776E-11,18.63098337
8088436,NM_198463,C3orf67,1.071622221,6.640666803,8.77630333,6.8399E-12,1.26668E-10,16.67785002
8074399,NM_001835,CLTCL1,1.07064673,7.056288898,8.368354519,3.0046E-11,4.80288E-10,15.20294641
8017460,NM_001098426,SMARCD2,1.07058276,7.636865072,13.60108747,6.99543E-19,7.94828E-17,32.73208497
8010405,NM_001166347,SLC26A11,1.069873747,6.992508086,10.83482941,5.03068E-15,1.93426E-13,23.8762189
8047952,ENST00000478701,UNC80,1.068924709,7.123699469,8.345564201,3.26481E-11,5.18804E-10,15.12020238
8109999,ENST00000326654,ERGIC1,1.068193922,8.613798657,12.26689661,4.4853E-17,3.0479E-15,28.58535079
8151447,NM_000880,IL7,1.067707045,4.485236406,8.349132877,3.22261E-11,5.12922E-10,15.13316128
8149116,NM_001042500,DEFA1B,1.067237484,6.732632294,2.875871262,0.005800151,0.014024228,-3.463323581
8149126,NM_001042500,DEFA1B,1.067237484,6.732632294,2.875871262,0.005800151,0.014024228,-3.463323581
8149137,NM_001042500,DEFA1B,1.067237484,6.732632294,2.875871262,0.005800151,0.014024228,-3.463323581
7950641,NM_001203260,NDUFC2-KCTD14,1.066689458,7.120832253,8.260140797,4.45866E-11,6.85727E-10,14.80976421
7894479,NA,NA,1.06653812,8.936850304,9.179475696,1.60685E-12,3.40785E-11,18.12221863
7958784,NM_000690,ALDH2,1.066444327,8.462236692,6.503258306,2.89212E-08,2.42567E-07,8.37683117
8176719,NM_001278612,EIF1AY,1.066078411,7.660878106,6.813054704,9.21146E-09,8.63983E-08,9.510456506
7936322,NM_001244949,GPAM,1.064330785,7.700758585,10.32723474,2.8508E-14,9.13601E-13,22.14504965
7904414,NA,NA,1.064228029,6.315139065,4.437488233,4.66561E-05,0.000199347,1.124472641
8047161,NM_001031716,NABP1,1.064165857,6.99384376,9.886354443,1.3185E-13,3.63729E-12,20.61672135
7954407,NM_018686,CMAS,1.063982403,8.610907018,8.718705223,8.42248E-12,1.53176E-10,16.47037284
8116722,AY358807,LOC100129033,1.063865942,6.146259931,10.05003005,7.44767E-14,2.1677E-12,21.18670083
8105040,NM_001168355,OSMR,1.063293194,6.357850114,5.228160248,2.98977E-06,1.65399E-05,3.804530352
8152133,NM_001172477,RRM2B,1.062848005,7.238676543,14.15237397,1.33918E-19,1.85331E-17,34.37788842
7897370,NM_004781,VAMP3,1.062748175,8.313063234,13.92514637,2.63493E-19,3.31077E-17,33.70426356
7896313,NA,NA,1.062623726,4.873618256,3.265201683,0.001924532,0.0054045,-2.43523252
7895383,NA,NA,1.061879628,5.533164919,4.286609655,7.74022E-05,0.000313433,0.634304562
7948565,NM_001161452,CYB561A3,1.061640876,7.285682037,8.624965539,1.18252E-11,2.09104E-10,16.13214823
8039166,NM_001146082,MBOAT7,1.061570039,8.82544494,7.85421459,1.97297E-10,2.65863E-09,13.32902375
8151547,ENST00000510718,IMPA1P,1.060814771,4.940018251,7.627836376,4.53922E-10,5.60825E-09,12.50011424
8147796,XM_006716695,RIMS2,1.059456986,6.705182269,4.412463586,5.07661E-05,0.000215113,1.042630533
8106494,NM_001178005,BHMT2,1.059175706,7.079456949,5.538447323,9.83524E-07,5.98472E-06,4.89616592
7978066,NM_001282474,AP1G2,1.059136538,8.029864659,10.67534837,8.64672E-15,3.14312E-13,23.3356776
7929858,NM_001136123,FAM178A,1.058943018,8.259555666,10.56183617,1.27379E-14,4.40431E-13,22.94904448
8012450,NM_201520,SLC25A35,1.058831676,6.245271369,8.117136094,7.52076E-11,1.10171E-09,14.28909042
7974190,NM_001190233,DNAJC19,1.058609093,8.377814667,13.41736166,1.224E-18,1.28974E-16,32.17486677
8083146,NM_001145319,PLS1,1.057942208,5.858812931,10.44547282,1.89791E-14,6.31317E-13,22.55108187
7934101,NM_001198696,AIFM2,1.057849192,6.030652325,7.639332094,4.35093E-10,5.40369E-09,12.54224709
7943867,NM_001037290,BCO2,1.057674007,6.847852295,9.138654145,1.85938E-12,3.90364E-11,17.97663882
8112687,NM_001130105,COL4A3BP,1.057630605,8.758954964,12.51387846,2.04083E-17,1.50339E-15,29.37057712
7975956,NM_001513,GSTZ1,1.057353463,7.246129084,10.63799138,9.82079E-15,3.52374E-13,23.2086094
8073513,NM_024821,CCDC134,1.056730673,7.747141148,13.76899399,4.211E-19,4.93711E-17,33.23749816
8007446,NM_005533,IFI35,1.0566464,6.635466215,7.205402772,2.15922E-09,2.3125E-08,10.950107
8179481,NM_019111,HLA-DRA,1.054505469,6.506655406,5.405513868,1.5865E-06,9.2579E-06,4.426289935
7910550,NM_005999,TSNAX,1.054351213,8.068244804,15.51275407,2.65733E-21,6.01913E-19,38.27469383
8155883,NM_012383,OSTF1,1.054308686,7.669427082,8.069006281,8.97032E-11,1.29301E-09,14.11359598
8162352,NM_001256394,NOL8,1.053758673,8.026013018,12.04050785,9.29526E-17,5.75964E-15,27.85857259
7955985,NM_001005490,OR6C74,1.053545995,3.384994347,7.013453778,4.39062E-09,4.40876E-08,10.24550101
8175308,NR_024493,LINC00087,1.053137826,6.60154267,8.124815351,7.31231E-11,1.07591E-09,14.31707962
8065165,NM_001282454,SNX5,1.053137022,8.158359239,15.88940011,9.33228E-22,2.3377E-19,39.31341238
7983811,NM_004855,PIGB,1.052842686,6.377498652,10.67484098,8.66168E-15,3.14512E-13,23.33395286
7938012,NM_001003818,TRIM6,1.052581029,6.106957569,15.71213134,1.52401E-21,3.67718E-19,38.82666072
7960320,NM_152640,DCP1B,1.052482636,7.383962268,12.37864808,3.13784E-17,2.17668E-15,28.94163215
8044919,NM_002881,RALB,1.052160302,8.217474959,11.98471532,1.11351E-16,6.72896E-15,27.67843153
8084092,NM_001199957,NDUFB5,1.051704101,9.447290492,9.384498906,7.73891E-13,1.77101E-11,18.85097076
8050608,NM_001282719,C2orf43,1.051128533,7.823325678,11.17036483,1.62633E-15,7.11589E-14,25.0031383
7950644,NM_001204054,NDUFC2,1.050047406,9.266558193,14.2572995,9.81865E-20,1.44023E-17,34.68671597
8141066,NM_000940,PON3,1.050033619,6.195413186,5.59827856,7.92454E-07,4.91915E-06,5.108628379
7985224,NM_015079,TBC1D2B,1.04907074,7.285545022,8.368730006,3.00049E-11,4.79862E-10,15.2043094
7974316,NM_001042481,FRMD6,1.049034219,7.217932997,6.206395362,8.6266E-08,6.54603E-07,7.295764053
7909815,NM_018060,IARS2,1.048831214,8.657912437,15.14954417,7.40489E-21,1.4853E-18,37.25675644
7917896,NM_144988,ALG14,1.048621358,7.008304067,11.06296478,2.33088E-15,9.86165E-14,24.64396649
7995776,NM_005954,MT3,1.048443614,7.778187661,8.13223871,7.11632E-11,1.04939E-09,14.34413308
8059801,NM_018218,USP40,1.048066349,7.964701616,14.73717576,2.41604E-20,4.37211E-18,36.08135226
7961365,NM_018050,MANSC1,1.047880955,6.801734567,7.953131406,1.37195E-10,1.90898E-09,13.69060315
8007154,NM_021939,FKBP10,1.0478731,8.610399149,6.898273612,6.722E-09,6.49513E-08,9.822919356
8069505,NR_047508,LINC00417,1.047527003,5.921170821,5.309538757,2.23687E-06,1.26863E-05,4.089055388
8070665,NM_173354,SIK1,1.047463025,7.628446891,5.771531528,4.2289E-07,2.77294E-06,5.726963281
8083011,NM_020191,MRPS22,1.047196207,7.224974473,10.41567506,2.1025E-14,6.9177E-13,22.44891238
8161229,NM_001001790,TOMM5,1.046787328,8.750286291,10.65567938,9.24604E-15,3.34636E-13,23.26879559
7958414,NM_014301,ISCU,1.044623831,8.526709759,15.96012935,7.68138E-22,1.99818E-19,39.50657773
7914807,NA,NA,1.043670417,2.992445763,7.199952823,2.20316E-09,2.35426E-08,10.93009884
8078014,NM_001134367,SLC6A6,1.042165771,7.83923834,8.157727167,6.48267E-11,9.63632E-10,14.43699929
8113542,NM_005669,REEP5,1.042000219,8.403759892,9.292261409,1.07448E-12,2.39152E-11,18.5236189
7976840,NR_030162,MIR487A,1.041865618,5.779365612,3.123823124,0.00289851,0.007703678,-2.818988686
7963986,NM_001272038,RAB13,1.041597607,7.967393034,8.572320947,1.43123E-11,2.47176E-10,15.94190541
7929132,NM_001256549,PCGF5,1.041086697,7.01515351,5.058606109,5.45139E-06,2.85401E-05,3.216252796
7955045,NM_138371,PCED1B,1.041077902,6.817449454,11.47705833,5.8658E-16,2.90645E-14,26.02071857
8026875,NR_000012,SNORA68,1.040594388,8.622977539,7.40551569,1.03083E-09,1.18685E-08,11.68468105
7969114,NM_001160308,SETDB2,1.040593892,8.001225699,9.444724383,6.24924E-13,1.45511E-11,19.06425524
8174379,NM_170750,PSMD10,1.04031691,7.944579167,13.1126888,3.12466E-18,2.8981E-16,31.24114251
7893614,NA,NA,1.039530897,3.520657013,4.679668669,2.04272E-05,9.42707E-05,1.92693819
8057736,NM_001142645,TMEM194B,1.038378653,5.905310402,7.598544203,5.05675E-10,6.1948E-09,12.39273945
7896273,NA,NA,1.038361789,5.463196566,6.443909905,3.59959E-08,2.96013E-07,8.160214108
8145669,NM_001008710,RBPMS,1.038298689,7.790354778,5.037068457,5.88131E-06,3.05507E-05,3.141992922
7980358,NM_013382,POMT2,1.038108049,7.843541744,11.06633932,2.30462E-15,9.76295E-14,24.65527395
8153474,NM_003313,TSTA3,1.03796848,8.258149977,9.53718722,4.50394E-13,1.08596E-11,19.39099006
8083282,NM_032383,HPS3,1.037909034,7.645187816,15.57781969,2.21527E-21,5.15817E-19,38.45535229
8091629,NM_173657,C3orf33,1.036652001,5.59781726,10.60104436,1.11406E-14,3.93787E-13,23.08276836
8078147,NM_000060,BTD,1.034571227,6.860613775,11.19010447,1.52247E-15,6.71438E-14,25.06899366
8020058,NM_021074,NDUFV2,1.03456757,8.778977019,11.86018611,1.66872E-16,9.69693E-15,27.27489046
8017964,NM_080284,ABCA6,1.034167207,5.1632688,3.672966089,0.000560836,0.00181726,-1.267867591
8050278,NM_001282704,PDIA6,1.033231597,11.22828248,14.24274621,1.02497E-19,1.49686E-17,34.64396503
8155062,NM_006285,TESK1,1.032742089,8.759085332,7.65995064,4.03263E-10,5.05361E-09,12.61780646
8138381,NM_006408,AGR2,1.03269075,5.20667637,4.936254297,8.37997E-06,4.22449E-05,2.795881971
8178676,NM_000434,NEU1,1.031554488,8.088818652,8.678843728,9.72899E-12,1.73884E-10,16.32663103
7894563,NA,NA,1.031408928,5.662030289,5.946622164,2.23424E-07,1.55213E-06,6.356037803
8089795,NM_005694,COX17,1.029243417,7.971730661,7.30703517,1.4831E-09,1.64829E-08,11.32321378
8115907,NM_001256539,NOP16,1.028051186,7.534263555,10.62883245,1.01325E-14,3.61608E-13,23.1774297
8174474,NM_004458,ACSL4,1.025971564,8.511088322,4.976659839,7.27316E-06,3.70751E-05,2.934301229
8122600,NM_001127715,STXBP5,1.025108345,8.143910612,10.34816226,2.65241E-14,8.5496E-13,22.21703598
8162884,NM_000035,ALDOB,1.025039708,6.136552316,2.470861989,0.016744443,0.035058777,-4.430022908
8100853,NM_000583,GC,1.024205716,4.008159891,2.009067123,0.049659637,0.088636662,-5.387533865
7918902,NM_001779,CD58,1.024180529,6.606897511,6.568022307,2.2774E-08,1.94937E-07,8.613448161
7950669,NM_001029859,KCTD21,1.023561609,7.045017219,8.94714543,3.69562E-12,7.26406E-11,17.29163513
7928752,NM_014394,GHITM,1.023350069,8.94437191,10.12919267,5.65618E-14,1.68456E-12,21.46128691
7899392,NR_002997,SCARNA1,1.02288203,6.167820746,7.135610664,2.79482E-09,2.91539E-08,10.69388655
7987172,NM_020154,EMC7,1.022262966,8.186792731,10.9386974,3.54129E-15,1.43448E-13,24.22657401
7896459,NA,NA,1.022054067,3.694444351,3.476931076,0.001023938,0.003094395,-1.839812991
8151747,NM_001008495,TMEM64,1.021658724,8.435041471,12.29972122,4.03779E-17,2.76071E-15,28.69017068
8161829,ENST00000376830,C9orf41,1.02142909,7.532342372,18.05703007,3.07404E-24,1.42161E-21,44.9727341
8173713,NM_032121,MAGT1,1.021105086,8.61666548,8.900850116,4.36542E-12,8.44598E-11,17.12555421
8149574,NR_024040,CSGALNACT1,1.02003177,6.18471717,5.715088172,5.19104E-07,3.33744E-06,5.525035511
7981290,NM_004184,WARS,1.018814447,7.614213926,11.9372202,1.29897E-16,7.73736E-15,27.5247606
7919314,NM_001461,FMO5,1.018496786,5.385404212,6.262223669,7.02654E-08,5.43594E-07,7.49856045
7895405,NA,NA,1.018150992,9.498135668,6.766030957,1.09601E-08,1.01259E-07,9.33813161
8121734,NM_014034,ASF1A,1.016454761,8.034294631,7.660966257,4.01757E-10,5.03664E-09,12.621528
8083240,NM_000685,AGTR1,1.016135484,6.892039887,6.017684961,1.72308E-07,1.22645E-06,6.612409189
8120967,NM_002526,NT5E,1.015485459,5.963633891,4.253050603,8.65454E-05,0.000346692,0.526375706
8041982,NM_138448,ACYP2,1.015233739,6.710521069,11.19241965,1.51073E-15,6.67147E-14,25.07671429
8083407,NA,NA,1.014932006,6.153477861,7.886492947,1.7523E-10,2.38343E-09,13.44705995
8155665,NM_021965,PGM5,1.014549022,7.11336709,4.785155621,1.41881E-05,6.79059E-05,2.281992949
7910446,NM_001145036,COG2,1.013803331,7.475248189,11.89942591,1.46869E-16,8.60967E-15,27.40226654
7969204,NM_052950,WDFY2,1.012888548,7.997833849,11.54303186,4.71777E-16,2.37566E-14,26.23803666
8057797,NM_004657,SDPR,1.012628338,6.387956679,6.45561445,3.44759E-08,2.8492E-07,8.202917605
8101622,NM_138501,TECR,1.012468415,9.778488367,10.61925476,1.04691E-14,3.72026E-13,23.1448135
7927964,NR_036430,SRGN,1.012467961,7.183367597,4.491371744,3.88774E-05,0.000169371,1.301404292
7925492,NM_014322,OPN3,1.012257876,7.84759837,10.88261779,4.27964E-15,1.68439E-13,24.03757971
8017843,NM_001174166,SLC16A6,1.011216913,5.289268383,4.858324895,1.10018E-05,5.40065E-05,2.530088764
8120431,NM_003463,PTP4A1,1.009751701,8.792355386,5.309167982,2.23983E-06,1.26988E-05,4.087756016
8122242,NM_000288,PEX7,1.009604451,6.553242922,11.73933956,2.47574E-16,1.39248E-14,26.88135248
7904726,NM_006472,TXNIP,1.00910546,11.38705918,12.20261935,5.51256E-17,3.62859E-15,28.37968304
7936833,NA,NA,1.00858495,7.028322647,6.786989328,1.01431E-08,9.43923E-08,9.414927476
7892735,NA,NA,1.007499762,4.708632324,3.173325011,0.002514134,0.006809267,-2.685927628
7975344,NM_001252148,SLC39A9,1.007468967,8.757771484,18.30263115,1.65973E-24,8.37333E-22,45.58136323
7985488,NM_031452,FAM103A1,1.007456096,7.919766996,13.99288813,2.15203E-19,2.76665E-17,33.90577915
7896744,NM_001005221,OR4F29,1.007406297,6.01160689,3.911810962,0.000263706,0.000934704,-0.546394931
7911345,NM_001005221,OR4F29,1.007406297,6.01160689,3.911810962,0.000263706,0.000934704,-0.546394931
8110672,NM_001005221,OR4F29,1.007406297,6.01160689,3.911810962,0.000263706,0.000934704,-0.546394931
7940996,NM_012094,PRDX5,1.007127219,10.52605405,8.88006271,4.70473E-12,9.01862E-11,17.05092105
8039068,NM_021074,NDUFV2,1.005650967,8.790024465,12.73831589,1.0046E-17,8.21875E-16,30.07718551
7965964,NM_032148,SLC41A2,1.005643568,6.620512714,5.949764846,2.20874E-07,1.53698E-06,6.367363453
8138566,NM_006547,IGF2BP3,1.005368449,8.392083714,8.60065275,1.29146E-11,2.25427E-10,16.04431443
8074606,NM_017414,USP18,1.005289451,6.07029659,6.882841676,7.1167E-09,6.85067E-08,9.766322584
8048432,NM_000784,CYP27A1,1.005007494,6.627991025,6.990779391,4.77464E-09,4.76277E-08,10.16229259
8061186,NM_001172745,SEC23B,1.004381411,8.665453135,12.47340441,2.32068E-17,1.66893E-15,29.24244683
7903742,ENST00000336075,GSTM4,1.003947399,7.590763888,6.003912663,1.81212E-07,1.28488E-06,6.562679243
8168875,NM_016607,ARMCX3,1.00385898,8.136676103,9.192655035,1.53294E-12,3.27613E-11,18.16918601
8174670,NM_020721,KIAA1210,1.003064191,6.36887221,4.823705989,1.24106E-05,6.02208E-05,2.412525628
8107044,NM_001130140,ERAP2,1.001961861,5.108599322,4.891845534,9.78774E-06,4.86131E-05,2.644224659
8168081,NA,NA,1.001894071,6.166257041,6.292251887,6.29194E-08,4.90409E-07,7.607744871
8053533,NM_001100169,IMMT,1.001738004,9.634949554,14.60424785,3.55271E-20,6.05006E-18,35.6979391
8122265,NM_001270507,TNFAIP3,1.001694393,6.412609882,7.55922718,5.84564E-10,7.07276E-09,12.24858236
8171876,ENST00000553125,METTL1,1.001210752,5.628225364,6.872777353,7.38651E-09,7.06952E-08,9.729414753
7893091,NA,NA,1.00089614,9.652321792,5.262006012,2.6503E-06,1.48214E-05,3.922702132
7965855,NM_024057,NUP37,1.000718839,8.057431183,9.758006513,2.06783E-13,5.44289E-12,20.16768729
7896430,NA,NA,1.000252089,8.655391828,9.27169929,1.15617E-12,2.55286E-11,18.45053016
7979357,NM_001270523,OTX2,-1.000740455,5.552055059,-5.045008011,5.71908E-06,2.98056E-05,3.169355065
8169235,NM_032428,FRMPD3,-1.001367194,4.391759127,-7.613302739,4.789E-10,5.8776E-09,12.44684192
8068422,NM_005128,DOPEY2,-1.001503718,6.109487177,-7.585030513,5.31508E-10,6.48739E-09,12.34319542
8175666,NM_004961,GABRE,-1.001637917,6.305562196,-5.176339245,3.59428E-06,1.95745E-05,3.624064246
8128459,NM_005068,SIM1,-1.001916983,4.722184407,-4.895792747,9.65374E-06,4.79977E-05,2.657683998
8162777,NM_005458,GABBR2,-1.002229014,6.121170795,-5.154435662,3.88465E-06,2.1015E-05,3.547958874
8068180,NM_014586,HUNK,-1.002633697,6.978008352,-6.668173793,1.5734E-08,1.40004E-07,8.979776499
7932420,NM_014241,PTPLA,-1.003116493,5.858798826,-5.510445842,1.08797E-06,6.56508E-06,4.796934894
8098307,NM_001034845,GALNTL6,-1.003309404,5.542531652,-6.442594659,3.61709E-08,2.97305E-07,8.155416035
8097058,NA,NA,-1.003440862,5.744522127,-5.298452826,2.3272E-06,1.31627E-05,4.050216826
7898988,NM_013943,CLIC4,-1.003617416,9.819983246,-10.68087436,8.48552E-15,3.09466E-13,23.35445953
8129880,NM_022121,PERP,-1.004674034,6.636414265,-5.994996777,1.87218E-07,1.32296E-06,6.530496248
8121319,NM_018013,SOBP,-1.004951033,6.788953275,-9.591876844,3.71235E-13,9.21385E-12,19.5838313
8124684,NM_001109809,ZFP57,-1.005094098,5.152969821,-5.655861786,6.43424E-07,4.07379E-06,5.313645065
8080810,ENST00000295874,PTPRG,-1.005260616,7.9209306,-8.787288145,6.57393E-12,1.22423E-10,16.71738853
8002020,ENST00000564104,TPPP3,-1.005658292,6.216730931,-10.10276325,6.19989E-14,1.83337E-12,21.36969267
8060675,NM_001287516,CDC25B,-1.005893233,7.122665597,-14.17149787,1.2654E-19,1.77754E-17,34.43428048
7982008,NR_001291,SNORD115-1,-1.006095992,5.110923293,-2.797066653,0.007181294,0.016890271,-3.660040976
7982032,NR_001291,SNORD115-1,-1.006095992,5.110923293,-2.797066653,0.007181294,0.016890271,-3.660040976
7982038,NR_001291,SNORD115-1,-1.006095992,5.110923293,-2.797066653,0.007181294,0.016890271,-3.660040976
8169598,NM_173798,ZCCHC12,-1.007444393,5.776539187,-5.595259241,8.01148E-07,4.96387E-06,5.097892845
8008627,NM_005450,NOG,-1.00752955,5.680315903,-9.317831804,9.80962E-13,2.19954E-11,18.61445231
8029693,NM_001114171,FOSB,-1.008224884,7.514911284,-2.016474417,0.048854434,0.08738215,-5.373485694
8131709,NM_003112,SP4,-1.008618145,7.840060014,-9.863985181,1.42588E-13,3.90762E-12,20.53859105
8172088,NM_001123383,BCOR,-1.009080258,7.707725022,-9.309787729,1.00946E-12,2.25736E-11,18.58588432
7990033,NM_001105192,TLE3,-1.009467512,7.307907128,-9.063160967,2.43661E-12,4.96827E-11,17.70700448
8016444,ENST00000470495,HOXB3,-1.009598188,6.183566157,-3.713478969,0.000494238,0.001624225,-1.147334276
7997904,AK126695,LOC642533,-1.009766557,8.939969922,-5.679839679,5.89888E-07,3.7577E-06,5.3991643
7991088,NR_026811,LOC80154,-1.010073428,8.056902153,-9.254572071,1.22898E-12,2.69751E-11,18.38961966
8150318,NM_001174063,FGFR1,-1.01026769,7.982109591,-8.034086692,1.01949E-10,1.4569E-09,13.9861942
8138613,NM_015550,OSBPL3,-1.010465751,6.463206354,-7.345430368,1.28696E-09,1.44917E-08,11.46415293
8029969,NM_003009,SEPW1,-1.01084242,8.61854252,-9.563214977,4.10795E-13,1.00649E-11,19.48280541
8056877,ENST00000409219,CHRNA1,-1.01088945,5.257170017,-5.474125437,1.23994E-06,7.39101E-06,4.668422652
7966488,ENST00000550968,HECTD4,-1.01112302,7.474513019,-8.239067539,4.81534E-11,7.36839E-10,14.73311232
8104607,ENST00000517099,RNU6-1003P,-1.012471209,5.342538332,-3.459277599,0.001080096,0.003247602,-1.890367625
7943917,NA,NA,-1.013014791,7.314322655,-4.754427157,1.57817E-05,7.47591E-05,2.178239209
8114006,NA,NA,-1.013033694,5.44667359,-5.874920838,2.90245E-07,1.96909E-06,6.097958676
7980344,NM_174976,ZDHHC22,-1.013232195,5.478740811,-7.269033133,1.7067E-09,1.87181E-08,11.18370758
8006779,NM_001199417,ARHGAP23,-1.013669396,7.825024527,-13.1076839,3.17346E-18,2.93518E-16,31.22570289
8112940,NM_001256732,SSBP2,-1.014189887,9.427523187,-9.746281397,2.15481E-13,5.64949E-12,20.12657667
8135969,NM_001201372,CCDC136,-1.014389186,6.035867573,-6.544901394,2.48025E-08,2.103E-07,8.528948859
8004043,NM_001193503,ENO3,-1.015394749,5.757225375,-4.885472032,1.0008E-05,4.96255E-05,2.622500614
7962274,NM_001173463,KIF21A,-1.015483698,7.621531783,-4.926474587,8.67181E-06,4.35448E-05,2.76244072
7949080,NM_015080,NRXN2,-1.016008707,6.65549337,-8.117373694,7.51422E-11,1.10124E-09,14.28995646
8174937,NM_001163278,TENM1,-1.016166563,6.256763092,-5.276674336,2.51526E-06,1.41208E-05,3.973989253
8149258,NM_004225,MFHAS1,-1.01624671,7.264882081,-13.1707328,2.61135E-18,2.4914E-16,31.4199631
8125048,NM_013974,DDAH2,-1.017536328,7.488623433,-8.39892385,2.68799E-11,4.3511E-10,15.31387986
8139680,NM_001287436,COBL,-1.019100394,5.356303216,-9.116673272,2.01155E-12,4.17833E-11,17.89818523
8002692,NM_001164766,ZFHX3,-1.020028711,7.330076459,-6.536117104,2.56196E-08,2.16621E-07,8.496852731
7982090,NR_003298,SNORD115-6,-1.02185616,5.18196119,-2.837132749,0.006445029,0.015375805,-3.560526636
8035398,NM_002866,RAB3A,-1.022874288,6.233443405,-7.80860552,2.33316E-10,3.0865E-09,13.16216772
8082368,NM_015720,PODXL2,-1.023263467,7.296811533,-7.796672439,2.43784E-10,3.21221E-09,13.11849848
8178508,NM_001204078,ATP6V1G2,-1.02333262,5.782641442,-7.6558612,4.09385E-10,5.12069E-09,12.60282115
8108716,NM_020957,PCDHB16,-1.023746232,6.413489485,-7.171807079,2.44475E-09,2.58422E-08,10.82676908
8015846,NM_001932,MPP3,-1.023923127,6.771017496,-10.59797059,1.12581E-14,3.9668E-13,23.07229169
7985571,NR_026811,LOC80154,-1.02450517,7.958603276,-8.545549571,1.57726E-11,2.69461E-10,15.84508224
8116418,NM_005110,GFPT2,-1.024670351,5.755536482,-10.35262826,2.61191E-14,8.45179E-13,22.23239141
8046186,NM_001008489,PHOSPHO2,-1.024717911,7.50186504,-8.891400037,4.5165E-12,8.71298E-11,17.0916301
7968154,NM_016529,ATP8A2,-1.024848926,6.524076684,-5.174289757,3.62051E-06,1.97045E-05,3.616938744
7982018,NR_003298,SNORD115-6,-1.025293524,5.125146564,-2.911039361,0.005267046,0.012913395,-3.374249935
8146908,NM_004770,KCNB2,-1.026289455,5.369105905,-5.995181685,1.87091E-07,1.32263E-06,6.531163607
7919028,NM_152380,TBX15,-1.026620913,4.004023629,-5.72443763,5.01786E-07,3.23422E-06,5.558452367
8143663,NM_001203247,EZH2,-1.026780141,8.155032675,-9.563882971,4.09826E-13,1.00486E-11,19.48516089
8052091,NM_001135659,NRXN1,-1.027024337,6.456959959,-3.59579298,0.000712201,0.002248853,-1.49529526
7997746,NM_001271605,JPH3,-1.027028676,5.529570636,-8.040208863,9.96865E-11,1.42825E-09,14.00853501
7902441,NM_030965,ST6GALNAC5,-1.0271412,6.046056236,-8.158251126,6.47026E-11,9.62217E-10,14.43890793
7955533,NM_001177984,SCN8A,-1.028105265,5.530813018,-6.659658813,1.62368E-08,1.44016E-07,8.9486128
8152119,NM_001040625,NCALD,-1.028157988,7.08460198,-7.653894559,4.12362E-10,5.15019E-09,12.59561444
8094901,NM_000812,GABRB1,-1.028368388,3.929506046,-7.375359243,1.15227E-09,1.3126E-08,11.57400464
8117170,ENST00000410583,RN7SKP240,-1.029099005,4.931023485,-5.281276158,2.47431E-06,1.3912E-05,3.990088296
8093858,NM_018401,STK32B,-1.029133907,5.34447284,-9.93249883,1.12205E-13,3.1475E-12,20.77771704
8064415,NM_018354,TMEM74B,-1.02952502,5.46894697,-9.265028511,1.184E-12,2.60738E-11,18.42680986
8161618,NM_001163,APBA1,-1.030014418,6.895207299,-7.680751049,3.73518E-10,4.72891E-09,12.69401952
8154491,NM_052866,ADAMTSL1,-1.030225352,6.818426033,-5.66962455,6.12133E-07,3.88899E-06,5.362720624
7907964,NA,NA,-1.030958498,3.919293012,-4.505133892,3.71031E-05,0.000162044,1.346746102
7943550,ENST00000410731,RNU4-55P,-1.031730971,2.592219186,-6.54854804,2.4471E-08,2.07807E-07,8.542274244
7979615,NM_000347,SPTB,-1.031792352,5.965721314,-7.690415567,3.60456E-10,4.58446E-09,12.72942598
7975779,NM_005252,FOS,-1.031802996,8.142965442,-1.549970731,0.127127859,0.195238979,-6.168869823
7983021,NM_001114632,JMJD7,-1.032897176,6.821825938,-11.42134818,7.05327E-16,3.39383E-14,25.83677214
8174767,NM_001104544,TMEM255A,-1.033750048,5.876590717,-7.30191427,1.51143E-09,1.67586E-08,11.30441536
8030448,NM_001136052,CPT1C,-1.033885957,6.599910765,-5.763621927,4.35224E-07,2.8454E-06,5.698639636
8059279,NM_004438,EPHA4,-1.033941209,8.481550434,-5.940649876,2.28351E-07,1.58371E-06,6.334517937
7953094,NM_000719,CACNA1C,-1.034390273,5.517986419,-11.14265044,1.78437E-15,7.72061E-14,24.91059429
8161211,NM_001280547,PAX5,-1.03495837,5.906438909,-8.662715895,1.03139E-11,1.83452E-10,16.26843824
8042993,NM_001164883,CTNNA2,-1.035500253,6.434561542,-3.459088668,0.001080712,0.003248443,-1.890907799
8080855,NM_001130003,SYNPR,-1.035568877,3.955707049,-6.68220443,1.49393E-08,1.33755E-07,9.031133566
8088803,NM_001134649,EIF4E3,-1.037465584,6.370674024,-11.41150735,7.28704E-16,3.48116E-14,25.8042378
7935228,NA,NA,-1.038308055,6.013548857,-6.811216934,9.27425E-09,8.69627E-08,9.503720419
8104930,NM_001166695,SLC1A3,-1.03882314,7.003880749,-6.712403207,1.33622E-08,1.21034E-07,9.141699374
8097773,NM_006439,MAB21L2,-1.040733228,5.535848594,-4.089760486,0.000148233,0.000560176,0.007249093
7927186,NM_032023,RASSF4,-1.041440517,6.369618894,-8.987576217,3.19582E-12,6.37193E-11,17.43652481
7930341,NM_014978,SORCS3,-1.041823344,6.706845826,-5.736290159,4.80652E-07,3.11186E-06,5.600833638
8102415,NM_001221,CAMK2D,-1.041938854,7.674970308,-7.988532599,1.20484E-10,1.69559E-09,13.81990174
8097920,NM_004744,LRAT,-1.04222563,4.854023969,-7.251313397,1.82221E-09,1.98476E-08,11.11865568
7999079,NM_001116,ADCY9,-1.04225354,6.720275623,-11.43677868,6.7019E-16,3.25771E-14,25.88776125
7991159,NR_026811,LOC80154,-1.04264009,8.055102151,-9.298942758,1.04921E-12,2.34153E-11,18.54735913
8096440,NM_001510,GRID2,-1.042891131,6.406135682,-4.19120843,0.000106218,0.000416233,0.328574259
8135601,NM_000245,MET,-1.04331415,6.366796761,-4.790460485,1.39294E-05,6.67639E-05,2.299931209
8064277,NM_004535,MYT1,-1.043400436,5.867690257,-5.856358802,3.10562E-07,2.09412E-06,6.031249908
8143154,NM_004717,DGKI,-1.043596741,5.655877006,-6.990367624,4.78192E-09,4.76575E-08,10.1607816
8097657,NM_001003688,SMAD1,-1.04471563,7.242791254,-8.184631684,5.8752E-11,8.83988E-10,14.53498531
8039340,NM_001126132,TNNT1,-1.044986727,6.650454847,-6.632536595,1.79474E-08,1.57386E-07,8.849370558
7920027,NM_001172648,CELF3,-1.045088848,6.850135601,-6.579029049,2.18673E-08,1.87804E-07,8.653684041
7940160,NM_015177,DTX4,-1.045831815,7.475715587,-7.664135564,3.97093E-10,4.98568E-09,12.63314114
7964484,NM_001276469,B4GALNT1,-1.046188161,5.666128589,-8.080566359,8.59839E-11,1.24533E-09,14.15575833
8033818,NM_058164,OLFM2,-1.046250732,7.000394329,-9.833977743,1.58393E-13,4.28087E-12,20.43369585
8039498,NM_001145176,SHISA7,-1.046712207,4.855195805,-6.910712997,6.41982E-09,6.23936E-08,9.868545018
8042168,NM_001129993,KIAA1841,-1.046989682,6.889004054,-8.115527496,7.56518E-11,1.10627E-09,14.28322703
8012663,NM_002472,MYH8,-1.047030638,3.542937999,-4.200756777,0.00010292,0.000404499,0.359021126
8121825,NM_001286398,RNF217,-1.047137264,6.841157404,-6.793332917,9.90806E-09,9.23855E-08,9.438174596
7977761,NM_001291446,SALL2,-1.047210856,6.913279441,-6.079616904,1.37349E-07,9.9767E-07,6.836286988
7930452,ENST00000362494,RNA5SP327,-1.048034912,2.41944136,-6.738491112,1.21343E-08,1.1109E-07,9.237243081
8072926,NM_005318,H1F0,-1.04885309,8.811000522,-13.18565779,2.49376E-18,2.38605E-16,31.46587247
8151684,ENST00000286614,MMP16,-1.049189339,7.636698687,-5.250953764,2.75674E-06,1.53574E-05,3.884087452
7925691,S54641,ZNF124,-1.050458142,7.152913675,-5.614474584,7.47385E-07,4.66461E-06,5.166239817
8082926,NM_004189,SOX14,-1.051467325,5.377147437,-7.544718901,6.16696E-10,7.42645E-09,12.19537793
8132917,NM_182633,ZNF713,-1.05146754,6.88176812,-6.4082796,4.10467E-08,3.32943E-07,8.030273103
8178590,NM_013974,DDAH2,-1.052099729,7.794501103,-8.507478747,1.81113E-11,3.05033E-10,15.70730297
8179819,NM_013974,DDAH2,-1.052099729,7.794501103,-8.507478747,1.81113E-11,3.05033E-10,15.70730297
7967039,NM_002442,MSI1,-1.052779665,7.190968495,-7.174078475,2.42431E-09,2.56668E-08,10.83510786
8168179,NM_001166278,DLG3,-1.05281366,6.829820317,-8.384892486,2.82892E-11,4.55046E-10,15.26296895
7931977,NM_001001851,ITIH5,-1.05378533,6.216893258,-7.909906147,1.6079E-10,2.20141E-09,13.5326503
8021442,NM_018181,ZNF532,-1.054112026,8.782091447,-7.046167454,3.89035E-09,3.9469E-08,10.36556355
8076998,NM_012401,PLXNB2,-1.054942214,8.593152644,-8.18223244,5.92696E-11,8.90167E-10,14.52624895
8103508,NM_001166373,MARCH1,-1.055168908,5.289378564,-7.891227446,1.72209E-10,2.34809E-09,13.46436949
7958051,NM_004316,ASCL1,-1.055333384,5.74078163,-4.105355475,0.000140861,0.000535111,0.056383471
8012466,NM_213597,KRBA2,-1.056063411,6.88712337,-10.79163656,5.8237E-15,2.20354E-13,23.73013169
8021695,NM_152721,DOK6,-1.057048723,6.45230113,-6.182509434,9.41744E-08,7.06722E-07,7.209080947
7990952,NR_026811,LOC80154,-1.057735497,7.937901277,-9.642122317,3.10921E-13,7.83703E-12,19.76072624
8020308,NM_001003674,LDLRAD4,-1.059447054,6.570524475,-17.46415975,1.39605E-23,5.22295E-21,43.47697837
7904693,NA,NA,-1.060244189,6.175128546,-6.142386223,1.09115E-07,8.09135E-07,7.063588771
7913907,NM_032588,TRIM63,-1.061238099,4.446662582,-6.861316198,7.70624E-09,7.34176E-08,9.687387636
8115122,NM_015981,CAMK2A,-1.06129672,6.30159859,-13.40445274,1.27328E-18,1.32489E-16,32.13555059
8097655,ENST00000536295,RTN3P1,-1.061420665,8.007119168,-7.324025032,1.39287E-09,1.55684E-08,11.38558082
8161701,NM_001135820,TMEM2,-1.06188221,8.330604752,-9.767797885,1.99792E-13,5.28684E-12,20.20200642
8092520,NM_001025266,C3orf70,-1.061924954,7.046542022,-9.729067832,2.28923E-13,5.97339E-12,20.06619556
8083594,NM_002852,PTX3,-1.062021562,4.776121478,-7.025953138,4.1923E-09,4.23003E-08,10.29137326
7972579,NM_001079669,TMTC4,-1.06243493,7.821290597,-7.982296207,1.23272E-10,1.72897E-09,13.79712834
7952813,NM_001277285,IGSF9B,-1.062973234,6.811366328,-8.825435437,5.72855E-12,1.08009E-10,16.85461813
8049435,NM_014521,SH3BP4,-1.062988422,7.103168772,-12.94020903,5.33956E-18,4.61803E-16,30.70716985
7904969,NM_001284282,VOPP1,-1.063216471,7.95099427,-11.70507537,2.76967E-16,1.52433E-14,26.76942557
8037103,NM_002088,GRIK5,-1.064410747,6.616781647,-7.205554535,2.15801E-09,2.31194E-08,10.95066416
8173933,NM_001105243,PCDH19,-1.066332645,5.129929009,-6.366436272,4.78865E-08,3.82919E-07,7.877783195
7898957,NM_001251977,RCAN3,-1.066405211,6.95397725,-7.482184759,7.76732E-10,9.16797E-09,11.96600202
7943892,NM_001076682,NCAM1,-1.066584393,9.087075569,-5.447143521,1.36625E-06,8.07741E-06,4.573101812
8105585,NM_001113561,RNF180,-1.067008028,6.167766351,-7.755594637,2.83557E-10,3.68093E-09,12.96813357
8100109,NM_000807,GABRA2,-1.067058405,5.142083747,-4.401593114,5.26594E-05,0.000222231,1.007145054
8121193,NM_001286250,KLHL32,-1.067336964,4.858489406,-7.830290724,2.15434E-10,2.87162E-09,13.241511
7982070,NR_003347,SNORD115-32,-1.06769603,3.818609355,-3.327134078,0.0016036,0.004598661,-2.263573338
8169687,NM_001142447,ATP1B4,-1.06774932,4.912999929,-7.219106057,2.05257E-09,2.20751E-08,11.00041527
7994647,NM_001256442,PRRT2,-1.067759701,6.589213834,-9.149012453,1.79174E-12,3.76877E-11,18.01359387
7985431,NR_026811,LOC80154,-1.0681813,7.938205526,-9.769949995,1.98287E-13,5.25667E-12,20.20954825
8173671,ENST00000411327,RNA5SP508,-1.068814604,4.623892928,-8.704418896,8.86909E-12,1.60323E-10,16.41887027
8163775,NM_001080497,MEGF9,-1.069150747,7.085377286,-6.653494026,1.66107E-08,1.46941E-07,8.92605248
8094520,NM_001173523,PCDH7,-1.06923862,6.914664208,-7.986000618,1.21608E-10,1.70928E-09,13.81065594
8080918,NM_001252216,FAM19A1,-1.069796048,3.88413745,-5.669758171,6.11837E-07,3.88785E-06,5.363197233
8116932,NM_001242648,PHACTR1,-1.069877579,6.174517594,-8.81973256,5.8476E-12,1.10067E-10,16.83411047
8131042,AK126112,FLJ44124,-1.069938547,7.228509154,-6.530481335,2.61579E-08,2.2078E-07,8.47626294
8060758,NM_000311,PRNP,-1.070364197,8.722863674,-5.520692716,1.04853E-06,6.35244E-06,4.833232212
8016412,ENST00000384227,RNU6-1201P,-1.070592113,5.484917335,-4.636483417,2.36954E-05,0.000107858,1.782513994
7972231,NM_001281503,SLITRK1,-1.071369327,5.797607156,-4.91767588,8.9429E-06,4.48047E-05,2.732374721
7982084,NR_001291,SNORD115-1,-1.071372239,5.837534254,-2.503373302,0.015432855,0.032703352,-4.356604524
8169061,NM_000533,PLP1,-1.0728243,7.418839405,-4.693905498,1.94498E-05,9.01098E-05,1.974670986
8106336,NM_014979,SV2C,-1.07310456,5.204784407,-5.431855563,1.44338E-06,8.49419E-06,4.519150551
8006409,NM_003885,CDK5R1,-1.074060185,6.83757833,-7.623021474,4.62048E-10,5.7002E-09,12.4824661
8147019,NM_016010,ZC2HC1A,-1.075448387,7.899052195,-7.342891271,1.29909E-09,1.46085E-08,11.45483294
7907053,NM_001080426,DUSP27,-1.075831005,5.466851153,-9.776596732,1.93713E-13,5.14358E-12,20.23283784
8129562,NM_001901,CTGF,-1.075927891,7.933229149,-4.874095091,1.04132E-05,5.14436E-05,2.583748705
8022952,NM_001025087,CELF4,-1.076174059,6.6164532,-7.913868286,1.58468E-10,2.17408E-09,13.54713213
8111203,AK125192,LOC285696,-1.078071532,6.486487787,-7.889103512,1.73558E-10,2.36455E-09,13.45660441
8076757,NM_014246,CELSR1,-1.079824544,6.652517161,-10.04936414,7.46495E-14,2.17083E-12,21.184388
7902495,NM_001172309,NEXN,-1.081020996,6.045438126,-3.889547152,0.000283185,0.000993593,-0.61472521
8087530,NM_024046,CAMKV,-1.082420676,5.520294392,-6.897460698,6.74223E-09,6.50902E-08,9.819937843
8001918,NM_001128850,RRAD,-1.082783499,5.185414972,-6.606869316,1.97315E-08,1.71586E-07,8.755483398
7991019,NM_001007122,FSD2,-1.083126044,4.544315694,-7.350358843,1.26375E-09,1.42689E-08,11.48224318
8067233,NM_001255976,PMEPA1,-1.083470317,6.711978346,-9.916181414,1.18789E-13,3.32101E-12,20.72081337
8001082,XR_426499,SLC6A10PB,-1.083580529,6.706982407,-12.16588572,6.20356E-17,4.0502E-15,28.26190351
7954527,NM_001248002,ARNTL2,-1.083690839,5.395370226,-7.791172431,2.48766E-10,3.26752E-09,13.09836933
7974372,NM_001099652,GPR137C,-1.083732415,7.070230853,-7.667415068,3.92325E-10,4.93139E-09,12.64515776
7954645,NM_001080509,TSPAN11,-1.085149298,6.603204925,-10.92690594,3.68503E-15,1.48189E-13,24.18686808
7963054,NM_001270399,TUBA1A,-1.085667021,10.46049057,-7.61759702,4.71379E-10,5.79598E-09,12.46258299
7979108,NM_052978,TRIM9,-1.086450457,5.826863864,-10.16170213,5.05291E-14,1.52397E-12,21.57384207
7999909,NM_016235,GPRC5B,-1.086537505,9.08711883,-6.376608414,4.61258E-08,3.69551E-07,7.914842358
8165046,NM_015447,CAMSAP1,-1.086811243,8.087538842,-8.687807507,9.41845E-12,1.68969E-10,16.35896558
7959807,ENST00000534945,TMEM132B,-1.086995099,5.007153044,-6.902626548,6.61467E-09,6.40258E-08,9.838884819
8095986,NM_005139,ANXA3,-1.087779018,5.652310755,-5.771947115,4.22252E-07,2.7693E-06,5.728451701
7937341,NM_178537,B4GALNT4,-1.087842445,7.371951413,-8.905371757,4.29494E-12,8.32413E-11,17.1417834
7953469,NM_002075,GNB3,-1.088029712,6.109565255,-9.589312974,3.74612E-13,9.28083E-12,19.5747978
8161446,NR_103714,FAM27E2,-1.088764757,6.590203834,-5.7301482,4.91491E-07,3.17647E-06,5.578869246
7906552,NM_001231,CASQ1,-1.089150155,5.31840151,-9.971851672,9.78E-14,2.78324E-12,20.91482969
8094301,NM_001289135,SLIT2,-1.089671094,8.642537393,-4.136024721,0.000127385,0.000489333,0.153290617
8123644,NM_001069,TUBB2A,-1.090441708,7.524871805,-6.870617049,7.44574E-09,7.11598E-08,9.721492835
8121095,NM_001242809,ANKRD6,-1.091997721,7.380592653,-5.948308184,2.22052E-07,1.54389E-06,6.362113768
8126839,NM_014452,TNFRSF21,-1.092505499,7.147208172,-10.77904966,6.07777E-15,2.28153E-13,23.68751676
7994804,NM_013292,MYLPF,-1.092590579,6.424745476,-5.131260248,4.21705E-06,2.25857E-05,3.467549233
8129953,NM_006734,HIVEP2,-1.092708412,7.083611749,-7.289935086,1.57984E-09,1.74474E-08,11.26044008
7902235,NM_020794,LRRC7,-1.092887556,6.240751967,-3.734114439,0.0004633,0.001535738,-1.085643247
7944955,NM_022062,PKNOX2,-1.0931195,7.104682193,-12.11930286,7.20756E-17,4.60634E-15,28.11229016
8041570,NM_001167959,TMEM178A,-1.093191114,7.528417239,-7.924290216,1.52518E-10,2.10198E-09,13.58522153
7991714,AK026448,LOC80154,-1.0932846,7.815408825,-9.342089735,8.99832E-13,2.03406E-11,18.70056427
7926368,ENST00000224237,VIM,-1.096077556,10.353218,-8.6312337,1.15596E-11,2.04735E-10,16.15478571
7900365,NM_001136493,MFSD2A,-1.096382959,5.796285302,-7.86685756,1.8834E-10,2.55236E-09,13.37526199
8083075,NM_001037172,PXYLP1,-1.096613407,7.009228501,-10.35563928,2.58496E-14,8.37272E-13,22.24274284
8146475,NM_052898,XKR4,-1.096643062,6.49599845,-8.78050183,6.73699E-12,1.2504E-10,16.69296317
8075673,NM_001031695,RBFOX2,-1.098075835,9.510662257,-9.431297585,6.55411E-13,1.51972E-11,19.01673673
7918558,NM_004980,KCND3,-1.098331306,5.195453695,-8.147425579,6.73165E-11,9.96194E-10,14.39947019
8081138,NM_001080448,EPHA6,-1.098742345,5.228883648,-5.812949195,3.6375E-07,2.42139E-06,5.875415256
7984588,NM_001286429,THSD4,-1.099101929,7.133197157,-7.919959903,1.54962E-10,2.13214E-09,13.56939597
7955142,NM_000725,CACNB3,-1.099981754,7.688335486,-8.186532522,5.83451E-11,8.79455E-10,14.54190658
8000963,NM_052874,STX1B,-1.10045467,5.966715457,-9.054751544,2.51119E-12,5.10783E-11,17.6769368
8151457,NM_001040708,HEY1,-1.100982753,5.92115802,-11.70572271,2.7638E-16,1.52361E-14,26.77154157
7981514,NM_138420,AHNAK2,-1.10141594,4.728120998,-9.846433601,1.51629E-13,4.11809E-12,20.47724906
7931439,NM_006426,DPYSL4,-1.101642292,6.840503992,-7.462859272,8.34156E-10,9.78678E-09,11.89510043
7982050,NR_003297,SNORD115-5,-1.101972281,4.940140018,-2.642398675,0.010811289,0.024077552,-4.034230792
7952927,NM_173593,B4GALNT3,-1.102531386,6.231280164,-7.620654659,4.66097E-10,5.74163E-09,12.47379074
8019851,NM_001099733,ADCYAP1,-1.102763406,5.40967495,-10.13442524,5.55439E-14,1.65721E-12,21.47941148
7985507,NM_003027,SH3GL3,-1.102833681,6.013975683,-12.05147956,8.97135E-17,5.60449E-15,27.89394979
8022986,NM_020783,SYT4,-1.105053342,6.259826513,-3.848946863,0.000322332,0.001114621,-0.738775869
7919898,NM_001178061,SEMA6C,-1.105123201,6.840863948,-12.57666236,1.67269E-17,1.26581E-15,29.56890912
8124942,NM_001204078,ATP6V1G2,-1.105669705,5.894664278,-8.45365082,2.20257E-11,3.63965E-10,15.51232241
8179762,NM_001204078,ATP6V1G2,-1.105669705,5.894664278,-8.45365082,2.20257E-11,3.63965E-10,15.51232241
7982028,NR_003297,SNORD115-5,-1.106478758,5.385216223,-2.705378768,0.009167321,0.020850019,-3.88379913
7982064,NR_003297,SNORD115-5,-1.106478758,5.385216223,-2.705378768,0.009167321,0.020850019,-3.88379913
7982078,NR_003297,SNORD115-5,-1.106478758,5.385216223,-2.705378768,0.009167321,0.020850019,-3.88379913
7982092,NR_003297,SNORD115-5,-1.106478758,5.385216223,-2.705378768,0.009167321,0.020850019,-3.88379913
7918716,NM_205848,SYT6,-1.106662227,5.886226233,-7.488722757,7.58215E-10,8.97486E-09,11.98998716
8180257,NA,NA,-1.107186626,8.843369053,-8.074620686,8.7877E-11,1.26888E-09,14.13407391
8081171,NM_153605,CRYBG3,-1.10733156,7.574229622,-7.096501776,3.22965E-09,3.3314E-08,10.55031964
8145736,NM_001159995,NRG1,-1.109802873,6.3402626,-8.766994506,7.07376E-12,1.3049E-10,16.64433634
8136448,NM_000739,CHRM2,-1.110784788,5.567781006,-7.109094141,3.08272E-09,3.19507E-08,10.59654449
8076056,NM_001894,CSNK1E,-1.111378619,8.334046396,-9.336755127,9.17073E-13,2.06882E-11,18.68163219
7982058,NR_003297,SNORD115-5,-1.111848958,5.37241596,-2.732391235,0.00853524,0.019602558,-3.818457641
8020844,NM_030632,ASXL3,-1.112116405,6.423293141,-5.511308255,1.08459E-06,6.54828E-06,4.799989118
7962212,NM_001005242,PKP2,-1.112522071,7.745022027,-5.386959491,1.69564E-06,9.83274E-06,4.36095802
7980605,NM_138317,KCNK10,-1.113868549,5.100063402,-6.755068236,1.14132E-08,1.05038E-07,9.297967908
8060940,NM_001199897,LAMP5,-1.115297932,5.553256732,-4.18972751,0.000106738,0.000417979,0.32385513
7982016,NR_003297,SNORD115-5,-1.116199259,5.178404442,-2.763382921,0.007859548,0.018231809,-3.742891169
7982024,NR_003297,SNORD115-5,-1.116199259,5.178404442,-2.763382921,0.007859548,0.018231809,-3.742891169
7982030,NR_003297,SNORD115-5,-1.116199259,5.178404442,-2.763382921,0.007859548,0.018231809,-3.742891169
8173310,NM_002547,OPHN1,-1.116544401,7.113339138,-9.018785748,2.85703E-12,5.75155E-11,17.54826998
8062796,NM_001256737,GDAP1L1,-1.118390272,5.970358949,-5.646558566,6.65468E-07,4.20457E-06,5.280487669
8139131,NM_001635,AMPH,-1.118471341,5.826593961,-7.547725437,6.09895E-10,7.35253E-09,12.20640383
8088212,NR_024615,ERC2-IT1,-1.118553642,5.736971505,-9.29490015,1.06443E-12,2.37231E-11,18.53299542
8149485,NM_004686,MTMR7,-1.119071133,6.061096032,-6.267107815,6.90149E-08,5.34789E-07,7.516314537
8096301,NM_000582,SPP1,-1.119408582,8.082619121,-3.971649967,0.000217541,0.000788103,-0.361689976
8016033,NM_198475,FAM171A2,-1.119891583,6.986783714,-9.120291628,1.98566E-12,4.13488E-11,17.91110285
8035318,NM_001080421,UNC13A,-1.119947618,5.1599132,-6.436765025,3.69565E-08,3.03089E-07,8.134150634
7951977,NM_001164831,FXYD6,-1.120339486,9.410422654,-8.037677451,1.00616E-10,1.44033E-09,13.9992977
8150962,NM_014729,TOX,-1.120540233,6.825472914,-3.898825717,0.000274904,0.000968416,-0.586274268
8123407,NM_001040000,MLLT4,-1.121880339,8.447426153,-7.486860153,7.63445E-10,9.02766E-09,11.98315414
8164967,NM_001134398,VAV2,-1.121894899,6.54470195,-8.147772245,6.72311E-11,9.95373E-10,14.40073321
7917276,NM_012152,LPAR3,-1.122395831,6.011812548,-6.240256257,7.61746E-08,5.8496E-07,7.418732292
8155514,NR_103714,FAM27E2,-1.122904373,6.58711598,-5.850149616,3.17668E-07,2.13771E-06,6.008944884
8071086,NM_001290046,CECR2,-1.124602861,6.949529608,-8.304554188,3.79146E-11,5.93254E-10,14.97122457
8168517,NM_001278000,LPAR4,-1.124977199,7.007161219,-6.257843915,7.1406E-08,5.51905E-07,7.482641513
8106573,NM_003248,THBS4,-1.125370447,6.03824002,-8.174178574,6.10411E-11,9.14299E-10,14.49692005
8124040,NM_000332,ATXN1,-1.127856883,7.039001803,-12.03832056,9.36123E-17,5.78295E-15,27.85151798
7956826,NM_015279,TBC1D30,-1.127888022,5.436508922,-7.143069187,2.7188E-09,2.84411E-08,10.72126748
8161499,NR_103714,FAM27E2,-1.129437941,6.597884853,-5.897990341,2.66825E-07,1.82358E-06,6.180926311
7990902,NR_026811,LOC80154,-1.129586471,7.947086904,-10.06154827,7.15507E-14,2.09168E-12,21.22669778
7995292,XR_426499,SLC6A10PB,-1.130183285,6.62477691,-12.26600406,4.49815E-17,3.0504E-15,28.58249858
8143341,NM_030647,KDM7A,-1.130755473,6.819144745,-8.909222107,4.23583E-12,8.21913E-11,17.15560179
7982392,NM_001036,RYR3,-1.131040114,5.998578975,-9.264048775,1.18814E-12,2.61477E-11,18.4233257
8149877,NM_007257,PNMA2,-1.131808504,5.616417163,-6.196255288,8.95391E-08,6.75898E-07,7.258959066
8180266,NA,NA,-1.131927439,6.187132903,-8.476350302,2.02806E-11,3.38149E-10,15.5945714
8022176,NM_005559,LAMA1,-1.131941625,7.214949652,-7.670618647,3.87722E-10,4.8809E-09,12.65689586
7914667,NM_001281956,CSMD2,-1.132734548,5.760721751,-7.631113489,4.48472E-10,5.5471E-09,12.51212554
8161444,NA,NA,-1.132787154,4.331043426,-4.019860263,0.000186121,0.000685996,-0.21178545
7994131,NM_002738,PRKCB,-1.133675469,6.664381728,-7.65344831,4.13041E-10,5.15674E-09,12.59397915
7898537,NM_001135254,PAX7,-1.135032021,5.771596147,-10.1839152,4.67847E-14,1.42655E-12,21.65067863
8123044,NM_020245,TULP4,-1.135573977,7.60813538,-7.217905999,2.0617E-09,2.21661E-08,10.99600955
7983779,NM_001080534,UNC13C,-1.135613205,5.077787089,-5.790110399,3.95266E-07,2.61342E-06,5.793526347
8169083,NM_001143978,ZCCHC18,-1.136414529,5.726775049,-7.391863177,1.08414E-09,1.24135E-08,11.63457675
8055952,NM_006186,NR4A2,-1.137004045,5.280098233,-4.612014249,2.57687E-05,0.000116237,1.700929949
7977344,NM_001100913,PACS2,-1.137679632,8.069557647,-10.53730451,1.38532E-14,4.75045E-13,22.86528187
8016832,NM_012329,MMD,-1.138960285,7.128757489,-8.114945292,7.58132E-11,1.10814E-09,14.28110484
8031157,NM_001005367,TTYH1,-1.141332224,6.963640546,-7.353003205,1.25146E-09,1.41398E-08,11.49194936
8040419,NM_001293228,MYCN,-1.141790312,7.403747864,-8.782697157,6.6838E-12,1.24191E-10,16.70086502
8090803,NM_016577,RAB6B,-1.141969145,6.752995825,-8.601096136,1.28939E-11,2.25369E-10,16.04591663
8101284,NM_001282480,PRKG2,-1.144619327,4.379502086,-8.715204382,8.52979E-12,1.54862E-10,16.45775371
8147244,NM_022351,NECAB1,-1.14610305,5.331610894,-8.534684319,1.64072E-11,2.78588E-10,15.80577129
8136918,NM_001010972,ZYX,-1.148252288,7.949903607,-11.33666832,9.34147E-16,4.34418E-14,25.55640955
8108749,NR_001281,PCDHB18,-1.14881318,6.058298686,-7.620525659,4.66318E-10,5.74223E-09,12.4733179
8081001,NM_001128929,ROBO2,-1.14999256,8.647578174,-5.207315418,3.21982E-06,1.76886E-05,3.731869845
8140650,NM_001178129,SEMA3E,-1.150854422,4.876564179,-7.112212329,3.04738E-09,3.16102E-08,10.60799111
7971838,NM_001011705,LECT1,-1.150941495,4.774520392,-6.528038964,2.63947E-08,2.22666E-07,8.467340496
8093518,NM_000142,FGFR3,-1.151104058,7.008355749,-10.94947404,3.41489E-15,1.39174E-13,24.26284748
8114470,NM_015564,LRRTM2,-1.151689322,4.622503658,-5.736302151,4.80632E-07,3.11186E-06,5.600876529
7986822,NM_000814,GABRB3,-1.151775236,7.249195767,-8.889644435,4.54515E-12,8.76316E-11,17.08532696
8018114,NM_001144952,SDK2,-1.153057348,6.935874859,-8.950162372,3.65575E-12,7.19418E-11,17.30245174
8127177,NM_001003760,KLHL31,-1.153517032,5.96563968,-6.582824404,2.15631E-08,1.85574E-07,8.667559662
7914433,NM_001294335,BAI2,-1.153730333,7.284649995,-11.67367665,3.06997E-16,1.65943E-14,26.66672525
8096385,NM_001271602,HERC3,-1.154796461,6.980736869,-11.73143135,2.54065E-16,1.42657E-14,26.85553314
8061746,NM_001207055,DNMT3B,-1.155927289,5.973947269,-8.541858282,1.59854E-11,2.72537E-10,15.83172796
8178897,NM_001163771,COL11A2,-1.156525977,5.732262175,-7.024916592,4.2084E-09,4.24113E-08,10.28756909
8180105,NM_001163771,COL11A2,-1.156525977,5.732262175,-7.024916592,4.2084E-09,4.24113E-08,10.28756909
7955943,NM_000924,PDE1B,-1.156992519,6.131513216,-9.541097947,4.44207E-13,1.07491E-11,19.40479
7940781,NM_001265589,RTN3,-1.157141754,7.863269472,-8.578307652,1.40048E-11,2.42621E-10,15.96355012
8179184,NM_001202521,DDR1,-1.157455288,7.932376317,-8.07495586,8.77692E-11,1.26787E-09,14.13529637
8117900,NM_001202521,DDR1,-1.159275978,7.736870231,-8.109381042,7.73733E-11,1.12748E-09,14.26082171
8142997,NM_001105543,PLXNA4,-1.161906574,7.061550437,-7.983959001,1.22522E-10,1.72063E-09,13.80320054
8040898,NM_032546,TRIM54,-1.161923074,5.781960998,-9.804442721,1.75677E-13,4.6984E-12,20.33035556
8090690,NM_001289112,CPNE4,-1.162808727,4.52675962,-12.01781292,1.00033E-16,6.10779E-15,27.78534502
8121850,NM_012259,HEY2,-1.162947622,7.061024537,-6.014744052,1.74172E-07,1.23866E-06,6.601788221
8145799,NM_080872,UNC5D,-1.163253235,6.884384215,-7.192246221,2.26683E-09,2.41377E-08,10.90180595
8039378,NM_003180,SYT5,-1.163353753,5.773229295,-7.761347493,2.77617E-10,3.61086E-09,12.98919551
7914974,NM_000831,GRIK3,-1.16340733,5.844279233,-6.60511666,1.98596E-08,1.72609E-07,8.749073588
7932765,NM_173496,MPP7,-1.163455197,5.929714501,-8.460185887,2.15084E-11,3.56833E-10,15.53600515
8049544,NM_001137550,LRRFIP1,-1.165948856,6.176139192,-7.216070508,2.07573E-09,2.23026E-08,10.989271
7997289,NM_033401,CNTNAP4,-1.167913445,7.122187056,-3.634917587,0.000631147,0.002018566,-1.380356396
8102678,NM_001130698,TRPC3,-1.169582826,5.296927609,-10.391223,2.28694E-14,7.47285E-13,22.36499297
7927827,NM_001256267,MYPN,-1.171046072,4.902131344,-6.424423753,3.86762E-08,3.16102E-07,8.089139268
7983527,NM_001198999,SEMA6D,-1.173224158,8.228591694,-7.362039479,1.21038E-09,1.37315E-08,11.52511662
8180411,NA,NA,-1.173620602,8.034466163,-7.985992929,1.21611E-10,1.70928E-09,13.81062786
7918275,NM_001142550,WDR47,-1.173694135,7.105816324,-6.402712482,4.18973E-08,3.39264E-07,8.00997786
8115205,NR_026867,ZNF300P1,-1.173899427,5.941309717,-4.711417318,1.83102E-05,8.54005E-05,2.033464973
8162254,NM_017594,DIRAS2,-1.174452603,5.706033164,-8.419900227,2.49036E-11,4.06479E-10,15.38996523
7919645,ENST00000369145,SV2A,-1.174806103,6.828366987,-6.574700703,2.22195E-08,1.90583E-07,8.637860739
8043043,NM_001370,DNAH6,-1.175069385,5.018858192,-7.138960307,2.76042E-09,2.88234E-08,10.70618337
8158183,NM_001005336,DNM1,-1.175622447,7.586354518,-7.046166491,3.89036E-09,3.9469E-08,10.36556001
7897227,NM_001042478,AJAP1,-1.176026147,5.306773363,-9.892276255,1.29146E-13,3.57455E-12,20.63739551
8151223,NM_001146008,SLCO5A1,-1.177535774,5.524918057,-6.491960546,3.01518E-08,2.51746E-07,8.335578807
8021129,ENST00000588679,RNF165,-1.179486194,5.476305186,-9.518452371,4.81261E-13,1.14789E-11,19.32485775
8115196,NM_001172831,ZNF300,-1.179812456,7.35895706,-6.766061068,1.09588E-08,1.01259E-07,9.338241931
8162908,NM_133445,GRIN3A,-1.18078699,5.361760181,-5.560148814,9.09458E-07,5.57581E-06,4.973161124
7922807,NM_015101,COLGALT2,-1.181342243,6.051929619,-9.507079279,5.01031E-13,1.18908E-11,19.28469414
8177867,NM_001202523,DDR1,-1.181702829,8.147874672,-8.005422736,1.13246E-10,1.60458E-09,13.88156998
8143307,NM_001113239,HIPK2,-1.181946713,8.160668311,-6.030126893,1.64639E-07,1.17633E-06,6.657353036
8016808,NM_001082533,CA10,-1.182216912,5.84832633,-6.533522212,2.5866E-08,2.1853E-07,8.487372301
8067602,NM_152864,NKAIN4,-1.183562292,7.17436462,-8.833809977,5.55812E-12,1.0513E-10,16.88472825
8129872,NM_175747,OLIG3,-1.183886439,4.808790866,-7.887812492,1.74383E-10,2.37385E-09,13.45188436
8141466,NM_152742,GPC2,-1.184166926,6.414349281,-10.54720955,1.33915E-14,4.61112E-13,22.89911109
8076668,NM_001099294,KIAA1644,-1.184251805,5.34675853,-9.150166246,1.78436E-12,3.758E-11,18.01770961
7950701,NM_001098816,TENM4,-1.186425872,6.905547819,-8.318018784,3.60975E-11,5.6883E-10,15.02014944
7908161,NM_030806,C1orf21,-1.18776375,7.589837668,-14.45717245,5.4567E-20,8.61098E-18,35.27112934
8023598,NM_173557,RNF152,-1.187854477,6.218365616,-6.556815793,2.37356E-08,2.02285E-07,8.572488499
7974109,NM_152447,LRFN5,-1.188236821,6.838812316,-8.224124102,5.08552E-11,7.75332E-10,14.67874091
8054135,NM_012214,MGAT4A,-1.188969336,5.864373874,-8.293203551,3.95178E-11,6.14871E-10,14.92997211
8121209,NM_005604,POU3F2,-1.189250818,6.075713192,-7.654457612,4.11507E-10,5.14338E-09,12.59767775
7925525,NM_001042404,CEP170,-1.190276669,7.719027554,-8.226729429,5.03734E-11,7.68338E-10,14.6882213
8068024,NM_001270408,JAM2,-1.190575957,7.232833559,-7.125411118,2.90223E-09,3.01703E-08,10.65644355
8084206,ENST00000460419,B3GNT5,-1.190647349,6.433549459,-7.039830319,3.98259E-09,4.03801E-08,10.34230454
7965686,NM_001204065,ANKS1B,-1.190656714,5.557522059,-6.344100585,5.19908E-08,4.12274E-07,7.796435886
8008885,NR_029493,MIR21,-1.191322768,5.730740917,-5.89219374,2.72527E-07,1.86102E-06,6.160073134
7951662,NM_001289807,CRYAB,-1.191324528,6.466650276,-4.004026244,0.000195923,0.000719078,-0.261125727
8014794,NM_000723,CACNB1,-1.192937212,7.200672624,-11.29175794,1.08466E-15,4.98149E-14,25.40734556
8020384,NM_001142966,GREB1L,-1.194885496,5.547998642,-6.480540247,3.14487E-08,2.61591E-07,8.293886703
8056376,NM_001081676,SCN3A,-1.195245895,4.89752567,-3.735040214,0.000461956,0.001531895,-1.082870933
8096959,NM_001127493,ANK2,-1.195371411,7.602060626,-7.507994763,7.06169E-10,8.41263E-09,12.06068313
8126760,NM_005822,RCAN2,-1.195694875,6.77610819,-6.381932445,4.52302E-08,3.63074E-07,7.934241792
8108697,NM_015669,PCDHB5,-1.196056452,5.895350746,-6.903549726,6.59213E-09,6.38261E-08,9.842270857
7969192,NM_001242312,FAM124A,-1.196436558,5.52148609,-12.04849398,9.05834E-17,5.64823E-15,27.88432465
7965979,NM_001034173,ALDH1L2,-1.198397992,4.61571221,-10.46814975,1.75579E-14,5.91127E-13,22.6287646
8127180,NM_001287753,HMGCLL1,-1.199459604,4.979932724,-10.86741164,4.50544E-15,1.76908E-13,23.98626585
8112841,NM_001277077,HOMER1,-1.199675267,6.951880652,-10.27186095,3.45115E-14,1.09026E-12,21.95432641
7908861,AF314543,OCR1,-1.202184281,6.228132661,-5.603711146,7.77044E-07,4.83522E-06,5.127948207
8049448,NM_001037131,AGAP1,-1.202826441,7.995579121,-10.76250344,6.42887E-15,2.39744E-13,23.6314672
8123315,NM_206853,QKI,-1.202946381,8.384687359,-13.42988891,1.17803E-18,1.24524E-16,32.21299977
7990873,NM_032246,MEX3B,-1.204872458,7.233304177,-9.796590652,1.80584E-13,4.81803E-12,20.30286586
8168737,NM_022144,TNMD,-1.205049262,4.032253585,-6.222613118,8.12767E-08,6.20562E-07,7.354647667
7905131,NM_012113,CA14,-1.205541002,4.898698585,-10.01787908,8.32995E-14,2.40141E-12,21.07497704
7925062,NM_020808,SIPA1L2,-1.205593791,8.212997904,-7.007670774,4.48553E-09,4.48917E-08,10.22427832
8006906,NM_001005862,ERBB2,-1.206573781,7.532575063,-7.979053116,1.24747E-10,1.74893E-09,13.78528484
8005048,NM_001146312,MYOCD,-1.206962645,4.861397282,-3.443430967,0.00113299,0.003384031,-1.93561013
7944970,ENST00000410912,RNU6-321P,-1.207284201,7.284874437,-6.770143053,1.07948E-08,9.99258E-08,9.353198018
8087691,NM_001005505,CACNA2D2,-1.208051857,6.755605822,-8.338901638,3.34508E-11,5.30386E-10,15.09600648
8150186,NM_024787,RNF122,-1.20821915,7.352510742,-10.63980279,9.76031E-15,3.5096E-13,23.21477476
8126729,NM_001114086,CLIC5,-1.20837953,5.729486089,-3.330531173,0.00158755,0.004559311,-2.254096519
7970691,NM_005288,GPR12,-1.209383973,5.05668379,-9.848724829,1.50417E-13,4.08851E-12,20.48525873
8115543,NM_001290360,EBF1,-1.209403474,7.512762126,-6.307006252,5.95954E-08,4.66466E-07,7.661418889
7976726,ENST00000553771,EVL,-1.210757876,7.342224314,-10.01649435,8.37023E-14,2.41093E-12,21.07016254
7971731,NM_000053,ATP7B,-1.21084041,7.564243932,-10.57811424,1.20484E-14,4.21403E-13,23.00458527
7931683,NM_014974,DIP2C,-1.21095772,7.741046461,-14.59819523,3.61583E-20,6.05006E-18,35.68042828
8036460,NM_001135155,DPF1,-1.212073061,6.169033902,-8.029311467,1.03749E-10,1.48009E-09,13.96876732
7993458,NM_001142469,C16orf45,-1.215455368,6.929619583,-10.21523926,4.19753E-14,1.29173E-12,21.7589336
8020164,NM_001142339,GNAL,-1.216192616,5.834249119,-10.89490802,4.10552E-15,1.63128E-13,24.07903261
7902104,NM_001037339,PDE4B,-1.217008052,5.807347985,-10.98385781,3.04126E-15,1.25951E-13,24.37848397
7998898,NM_021195,CLDN6,-1.220136731,5.319792247,-7.283151816,1.61994E-09,1.78385E-08,11.23553848
7917255,NM_001166293,SSX2IP,-1.220300763,6.684968158,-8.711311676,8.65072E-12,1.56715E-10,16.44372093
8104079,NM_005245,FAT1,-1.220932631,8.65695659,-7.771843569,2.67099E-10,3.4918E-09,13.02761995
8037079,NM_001256213,ATP1A3,-1.221439297,6.528328303,-5.036652316,5.88994E-06,3.05831E-05,3.140559185
8057959,NM_024989,PGAP1,-1.221489898,8.077818683,-6.099176916,1.27849E-07,9.32525E-07,6.907076572
7941587,NM_182553,CNIH2,-1.22164856,6.764918601,-7.843313894,2.05363E-10,2.75613E-09,13.28915219
8108453,NM_032289,PSD2,-1.221654197,5.660878664,-9.459364758,5.93308E-13,1.38634E-11,19.11604789
7936463,NM_001003407,ABLIM1,-1.222488572,7.737351933,-9.525674608,4.69117E-13,1.12537E-11,19.35035588
8166355,NM_001168648,CNKSR2,-1.222751666,5.943497106,-8.996355182,3.09663E-12,6.20014E-11,17.46796649
7911038,NM_001278196,ZBTB18,-1.223061656,6.221892513,-14.42978107,5.91244E-20,9.18148E-18,35.19133845
7908204,NM_031935,HMCN1,-1.223880342,6.918005195,-6.810223084,9.30838E-09,8.72337E-08,9.500077647
8001387,NM_001127892,SALL1,-1.224413143,7.205825554,-6.487565918,3.06444E-08,2.55603E-07,8.319534408
8072039,NM_032608,MYO18B,-1.224555356,5.813768925,-7.635276621,4.41644E-10,5.47484E-09,12.52738384
8067185,NM_001719,BMP7,-1.224979004,6.199145232,-5.562862267,9.00594E-07,5.52655E-06,4.982793694
7974425,ENST00000554335,SAMD4A,-1.225061768,6.317490378,-8.292921817,3.95584E-11,6.15216E-10,14.92894808
8151423,NM_020647,JPH1,-1.225508366,5.922570782,-8.398304035,2.69407E-11,4.35669E-10,15.31163122
7964846,NM_201550,LRRC10,-1.226527837,4.880692904,-7.576559682,5.4837E-10,6.67853E-09,12.31213722
8130674,NM_001130690,PDE10A,-1.227305768,6.746138685,-6.964441821,5.26306E-09,5.19704E-08,10.06565187
8049530,NM_001137550,LRRFIP1,-1.228095812,7.527545407,-8.535951399,1.63319E-11,2.77592E-10,15.81035608
8157905,NM_001011703,MVB12B,-1.228411916,7.456539974,-9.491484801,5.29477E-13,1.24858E-11,19.22960128
7924910,NM_001100,ACTA1,-1.230090011,7.031852868,-6.746407604,1.17844E-08,1.08168E-07,9.266241296
8104601,NM_001271606,BASP1,-1.230765538,8.574256197,-8.153669388,6.57962E-11,9.75865E-10,14.42221734
8103494,NM_000909,NPY1R,-1.231869119,5.410211723,-4.922205321,8.80233E-06,4.41501E-05,2.74784978
7982046,NR_003297,SNORD115-5,-1.233359809,3.992479578,-3.476364335,0.001025696,0.003099148,-1.841438485
8149835,NM_006158,NEFL,-1.235653908,7.207349759,-4.448467522,4.4957E-05,0.000192723,1.16044626
7959087,NM_194286,SRRM4,-1.235853017,5.200116626,-6.584881613,2.14E-08,1.84218E-07,8.675081014
7968015,NM_001204458,TNFRSF19,-1.23718326,7.241523983,-7.254516235,1.80077E-09,1.96462E-08,11.13041388
8075820,NM_006078,CACNG2,-1.237559998,4.260718701,-6.731674388,1.24438E-08,1.13581E-07,9.212275188
8138459,NM_152774,TMEM196,-1.238324781,4.746549997,-7.167631949,2.48278E-09,2.62026E-08,10.81144131
7896704,NA,NA,-1.238970671,7.586956357,-5.584655134,8.32439E-07,5.14053E-06,5.060200243
8111443,NM_030945,C1QTNF3,-1.241497926,6.57884088,-5.701470105,5.45393E-07,3.49163E-06,5.476384334
8083034,NM_022131,CLSTN2,-1.241936424,6.602711045,-7.360864424,1.21564E-09,1.37865E-08,11.52080368
7910503,NM_001004342,TRIM67,-1.2426816,5.996951313,-7.466678593,8.22479E-10,9.66E-09,11.90911334
8056545,NM_013233,STK39,-1.242727025,8.798875431,-12.69427444,1.15392E-17,9.30315E-16,29.93904883
8057486,NM_001003683,PDE1A,-1.242815531,5.769966705,-7.18460535,2.33177E-09,2.47738E-08,10.87375444
8054254,NM_001025108,AFF3,-1.242984982,7.121811263,-6.900112829,6.67644E-09,6.45486E-08,9.829665081
7946245,NM_003737,DCHS1,-1.244714004,7.57787531,-9.587959257,3.76407E-13,9.31324E-12,19.57002785
8103399,NM_016205,PDGFC,-1.245622378,7.605360098,-8.025473246,1.05219E-10,1.50042E-09,13.95475916
8090852,NM_001278683,AMOTL2,-1.248152178,6.933047081,-13.74652448,4.50603E-19,5.24606E-17,33.17007426
8024306,NM_005883,APC2,-1.249518872,6.380334869,-9.591574976,3.71631E-13,9.21385E-12,19.58276774
7896759,NR_015368,LINC01128,-1.25017321,6.757918393,-9.968758321,9.88614E-14,2.8063E-12,20.90405816
8022498,NR_029675,MIR133A1,-1.252261149,3.221777692,-7.222806306,2.02469E-09,2.18104E-08,11.01399981
8095834,NM_020859,SHROOM3,-1.253853691,6.077470895,-8.582163911,1.38102E-11,2.39375E-10,15.97749087
7909027,NM_001005388,NFASC,-1.253918085,6.469796035,-7.282114188,1.62616E-09,1.78937E-08,11.23172929
7929373,NM_005097,LGI1,-1.2542751,4.133825818,-4.480232727,4.0374E-05,0.000175043,1.264749941
8078196,NM_144633,KCNH8,-1.254903228,5.836754298,-5.656509279,6.41917E-07,4.06503E-06,5.315953269
8050031,NM_015025,MYT1L,-1.256303274,5.509642445,-7.030030091,4.12957E-09,4.17179E-08,10.30633601
8026063,NM_014975,MAST1,-1.257308149,5.535864941,-7.010313518,4.44191E-09,4.44952E-08,10.2339767
8144712,NM_001099677,KIAA1456,-1.258385956,5.131384297,-9.079856764,2.29508E-12,4.70852E-11,17.76668084
8173755,NM_001171581,ITM2A,-1.258711075,6.539043147,-5.285352021,2.43859E-06,1.37414E-05,4.004350882
8045587,NM_001278579,ACVR2A,-1.259073517,8.211927898,-10.83335239,5.05591E-15,1.94171E-13,23.87122715
7923528,NM_002479,MYOG,-1.259098404,6.08078499,-7.566166774,5.69794E-10,6.91163E-09,12.27402935
8115355,NM_000171,GLRA1,-1.259613625,4.676796277,-7.348903719,1.27056E-09,1.43312E-08,11.47690209
8040113,NM_001135191,ASAP2,-1.259871052,7.444412324,-7.883512998,1.77159E-10,2.4077E-09,13.43616463
7982088,NR_003356,SNORD115-41,-1.261109315,2.572334697,-6.11067062,1.22574E-07,8.97392E-07,6.948691181
8120613,NM_001168407,RIMS1,-1.261875466,5.438597498,-7.422604009,9.67802E-10,1.11853E-08,11.74739105
8161964,NM_001244959,FRMD3,-1.263196451,5.989112798,-11.14884914,1.74772E-15,7.60705E-14,24.93130146
8042811,ENST00000475405,TET3,-1.263793674,6.835517502,-11.11190838,1.97792E-15,8.47603E-14,24.80782653
8045795,NM_001260508,KCNJ3,-1.264810376,5.423293405,-9.385313622,7.71654E-13,1.76711E-11,18.85385845
8152750,NM_194291,TMEM65,-1.266797674,7.412225274,-9.415344684,6.9359E-13,1.60378E-11,18.96025452
8088745,NM_015123,FRMD4B,-1.269056078,8.241219846,-7.522036437,6.70517E-10,8.01658E-09,12.11218783
8055711,NM_001164507,NEB,-1.27004563,5.234686343,-4.49118979,3.89014E-05,0.000169453,1.300805223
8048112,NM_001080500,VWC2L,-1.271756344,4.325811024,-6.72699135,1.2661E-08,1.15405E-07,9.195123442
8103516,ENST00000517192,RN7SKP105,-1.271978203,4.703356737,-8.566113496,1.46383E-11,2.52153E-10,15.91945982
8018652,NM_052916,RNF157,-1.27291162,6.732459984,-7.575526062,5.50464E-10,6.69913E-09,12.30834735
8013860,NM_004740,TIAF1,-1.272953554,7.524059155,-14.39963324,6.45885E-20,9.91061E-18,35.1034083
7973875,ENST00000356141,NPAS3,-1.273706432,5.771246119,-8.703308119,8.9048E-12,1.60793E-10,16.41486522
7997427,ENST00000398040,CMIP,-1.274664164,7.916996259,-6.586117079,2.13026E-08,1.83475E-07,8.6795981
7897737,NM_198545,DRAXIN,-1.275264523,6.87614661,-10.63605929,9.88572E-15,3.53941E-13,23.20203285
8083673,NM_001042706,IQCJ,-1.275265053,4.728042091,-5.031996174,5.98732E-06,3.10288E-05,3.124520095
7983525,ENST00000410411,RN7SKP139,-1.276442725,5.231132824,-6.952777606,5.49504E-09,5.39889E-08,10.02285621
8034783,NM_001008701,LPHN1,-1.277191962,7.858280329,-8.395973225,2.71703E-11,4.38957E-10,15.30317501
7979455,NM_206852,RTN1,-1.277450697,6.654841776,-4.998968716,6.72502E-06,3.44815E-05,3.010898798
8088979,NM_016206,VGLL3,-1.278687809,5.701964197,-8.34759767,3.2407E-11,5.15308E-10,15.1275866
8064790,NM_014737,RASSF2,-1.278805297,7.030233552,-6.700445456,1.39658E-08,1.26021E-07,9.097914433
8004571,NM_001406,EFNB3,-1.279815227,6.244529415,-9.831998706,1.59496E-13,4.30717E-12,20.42677436
7928736,NM_001010848,NRG3,-1.280354224,6.193220234,-7.12053833,2.95499E-09,3.06901E-08,10.63855553
8130817,NR_027906,MLLT4-AS1,-1.282279622,6.700409497,-7.819440168,2.24202E-10,2.97777E-09,13.20181254
7965541,NM_018351,FGD6,-1.28588365,7.155967881,-10.61464793,1.0635E-14,3.77117E-13,23.12912125
8160332,NM_001286691,MLLT3,-1.286151215,6.711516123,-7.248695471,1.83993E-09,2.00144E-08,11.10904477
8130939,NM_005618,DLL1,-1.287124693,6.41849034,-11.5690345,4.33033E-16,2.21146E-14,26.3235357
8167673,NM_001098800,MAGED4,-1.287750141,7.950614527,-9.544043378,4.39604E-13,1.06609E-11,19.41518261
8172722,NM_001098800,MAGED4,-1.287750141,7.950614527,-9.544043378,4.39604E-13,1.06609E-11,19.41518261
7903632,NM_001408,CELSR2,-1.287837789,6.818498048,-9.671133222,2.80702E-13,7.16209E-12,19.86274104
7991186,NM_001007156,NTRK3,-1.288462924,6.00101837,-6.342244854,5.23472E-08,4.14902E-07,7.78967889
8152764,NM_001282971,MTSS1,-1.289631109,7.848917291,-14.06107345,1.75632E-19,2.30237E-17,34.10801958
8051573,NM_001270436,CDC42EP3,-1.291690598,7.329512584,-9.190777497,1.54325E-12,3.29184E-11,18.162496
7988921,NM_000259,MYO5A,-1.29205617,6.902993082,-7.543724014,6.18963E-10,7.44567E-09,12.19172932
7949021,NM_173587,RCOR2,-1.292909942,6.589006251,-10.62203805,1.03701E-14,3.68903E-13,23.15429295
7943530,NM_000829,GRIA4,-1.293728037,6.210954433,-5.140624993,4.07949E-06,2.19371E-05,3.500026918
8050160,NM_138799,MBOAT2,-1.293966835,7.708892472,-8.921485322,4.05296E-12,7.89651E-11,17.19960432
8007454,NM_005440,RND2,-1.293987698,6.820245337,-7.983269582,1.22832E-10,1.72353E-09,13.80068293
7919168,NM_001002810,PDE4DIP,-1.29442296,7.594964586,-14.50804336,4.7026E-20,7.63817E-18,35.41906432
7956301,NM_002332,LRP1,-1.298508691,8.605978643,-8.533953743,1.64508E-11,2.79186E-10,15.80312773
8028084,NM_001024807,APLP1,-1.298609317,6.977167038,-6.485016756,3.09339E-08,2.5763E-07,8.310228174
8052654,ENST00000466177,PELI1,-1.299477814,7.943698979,-10.28537493,3.29378E-14,1.0445E-12,22.00090568
8004948,NM_001173461,SHISA6,-1.301237171,5.980816564,-12.21757001,5.25414E-17,3.47807E-15,28.42756893
8023727,NM_032160,DSEL,-1.302627957,7.530227156,-10.12291294,5.78085E-14,1.71708E-12,21.43953106
8017210,NM_001272071,AP1S2,-1.302726715,7.310231589,-10.38592539,2.32901E-14,7.5954E-13,22.34680222
8087806,NM_001174100,PCBP4,-1.303792893,6.734578074,-9.622711459,3.32952E-13,8.34184E-12,19.69241959
8034263,NM_001420,ELAVL3,-1.304727584,5.703896362,-5.30142986,2.30259E-06,1.30346E-05,4.060644201
7962884,NM_014470,RND1,-1.306300048,5.275798955,-11.35427012,8.81086E-16,4.12044E-14,25.61476214
7896688,NA,NA,-1.307020232,7.699459904,-7.589173879,5.2345E-10,6.39373E-09,12.35838637
7902127,NM_032291,SGIP1,-1.307311483,5.934396545,-6.923042444,6.13371E-09,5.97875E-08,9.913770897
8097288,NM_001291285,FAT4,-1.30804712,8.829834369,-6.504482424,2.87909E-08,2.41535E-07,8.381301334
7908841,NM_002481,PPP1R12B,-1.309744227,7.404542621,-9.299190618,1.04829E-12,2.34103E-11,18.54823975
8075659,NM_005368,MB,-1.310395901,5.019777307,-8.414907825,2.53603E-11,4.13527E-10,15.37185952
8132493,ENST00000322220,HECW1-IT1,-1.310951655,4.748416982,-8.687178201,9.43992E-12,1.69263E-10,16.35669572
8081620,NM_001008272,TAGLN3,-1.310957496,6.527947447,-4.8308692,1.21053E-05,5.88766E-05,2.436824988
8160024,NM_000170,GLDC,-1.311160485,7.751503705,-5.780720391,4.08996E-07,2.69297E-06,5.759878625
7956488,NM_004984,KIF5A,-1.313698516,5.962688413,-5.086958892,4.93229E-06,2.60518E-05,3.314175792
7926223,NM_020397,CAMK1D,-1.315167713,7.105444812,-12.10826507,7.46866E-17,4.75495E-15,28.07679771
8162610,NM_001077181,CDC14B,-1.318647993,6.360141765,-10.85664358,4.6726E-15,1.82396E-13,23.94991114
7916541,NM_021080,DAB1,-1.319868122,5.866271193,-11.97607256,1.14514E-16,6.89508E-15,27.65048971
7979870,NM_001271507,CCDC177,-1.320182867,5.340319536,-7.853000238,1.9818E-10,2.66941E-09,13.32458224
8031076,NM_031896,CACNG7,-1.321910098,5.865513047,-8.779970996,6.74992E-12,1.25148E-10,16.69105244
7938834,NM_001111018,NAV2,-1.321928811,7.886026639,-12.40225587,2.91033E-17,2.04011E-15,29.01668793
8022856,NM_001198546,NOL4,-1.322361109,5.042204388,-5.611342528,7.55898E-07,4.71509E-06,5.155095448
8142497,NM_033427,CTTNBP2,-1.322818485,6.995485514,-6.355077119,4.99318E-08,3.97651E-07,7.83640826
8046078,NM_020981,B3GALT1,-1.323209027,4.955305436,-6.306202077,5.9772E-08,4.67739E-07,7.658492991
8108720,NM_019119,PCDHB9,-1.323308995,6.119923147,-8.476000043,2.03065E-11,3.38411E-10,15.59330255
7932132,NM_018027,FRMD4A,-1.323722475,7.257983766,-9.943743238,1.07883E-13,3.03907E-12,20.81691233
8049528,NM_001137550,LRRFIP1,-1.324115335,8.945841444,-7.794075975,2.46123E-10,3.23791E-09,13.10899598
7974920,NM_015180,SYNE2,-1.324738642,8.377943492,-9.555619124,4.21974E-13,1.03085E-11,19.45601759
8054517,NR_046110,LINC01123,-1.324905807,6.645918911,-7.387779418,1.10061E-09,1.25892E-08,11.619589
8128371,NM_032511,FAXC,-1.327336092,6.864434556,-6.990114594,4.7864E-09,4.76878E-08,10.15985309
8092095,NM_001161560,TNIK,-1.327707662,7.383242229,-9.766795664,2.00496E-13,5.29577E-12,20.19849407
7957966,NM_001254718,MYBPC1,-1.329389646,4.654186174,-4.152652204,0.00012061,0.000466593,0.205982436
8156415,NM_001282394,WNK2,-1.333732728,6.102931847,-12.83041119,7.52493E-18,6.35933E-16,30.36522136
7911114,NM_018012,KIF26B,-1.334717776,7.133379538,-9.275161417,1.14199E-12,2.52322E-11,18.46283928
8145611,NM_017412,FZD3,-1.334801166,7.934899087,-6.720796138,1.29542E-08,1.17691E-07,9.172434602
8114920,NM_001197294,DPYSL3,-1.335363791,8.185655964,-6.34631535,5.15686E-08,4.09218E-07,7.804500507
8086908,NM_001130082,PLXNB1,-1.336381817,7.101334694,-11.58065135,4.1678E-16,2.14159E-14,26.36170472
8144322,NM_003970,MYOM2,-1.336665043,5.670391062,-7.431484853,9.36584E-10,1.08358E-08,11.77997991
7982094,NR_003359,SNORD115-44,-1.337477292,4.338210547,-4.175161375,0.000111993,0.000436554,0.277482736
8072587,NM_000343,SLC5A1,-1.337516912,4.260775473,-7.31529945,1.4385E-09,1.60193E-08,11.35355089
7949679,NM_006946,SPTBN2,-1.337521867,6.561693302,-9.258777714,1.21068E-12,2.65911E-11,18.40457905
8138882,NM_022728,NEUROD6,-1.337522353,4.815828656,-8.838007502,5.47463E-12,1.03987E-10,16.89981798
8045974,NM_001178015,SLC4A10,-1.337663268,4.631788993,-6.777131289,1.05195E-08,9.75678E-08,9.37880371
8108729,NM_018931,PCDHB11,-1.338139337,5.645317315,-8.814179679,5.96592E-12,1.12103E-10,16.8141396
8082767,NM_001136469,TMEM108,-1.338311346,6.038142955,-10.93772749,3.5529E-15,1.43743E-13,24.22330864
8009334,NM_014405,CACNG4,-1.342542808,6.4477011,-7.175522608,2.4114E-09,2.55383E-08,10.8404096
7922108,NM_001267609,GPR161,-1.342918798,6.733358676,-12.79133428,8.50535E-18,7.08007E-16,30.24314092
8058604,NM_079420,MYL1,-1.345535295,3.900344825,-3.772022968,0.000411241,0.001380626,-0.971798668
7982068,NR_003346,SNORD115-31,-1.348344538,2.786206634,-5.848280872,3.19838E-07,2.15057E-06,6.002232827
8154962,NM_001135004,DNAJB5,-1.349274095,7.62828887,-12.35402471,3.39437E-17,2.32556E-15,28.86326963
7931832,NM_001354,AKR1C2,-1.349617436,6.804645451,-4.241443059,8.99458E-05,0.000358674,0.48914075
8168892,NM_080390,TCEAL2,-1.349998588,6.862729711,-7.250496853,1.82772E-09,1.98946E-08,11.11565799
8124654,NM_001470,GABBR1,-1.350078777,7.808164315,-7.608262654,4.8788E-10,5.9812E-09,12.42836641
7969438,NM_005358,LMO7,-1.350606157,6.353778812,-6.425840646,3.84747E-08,3.14688E-07,8.094306485
8059854,NM_001282431,ARL4C,-1.353074687,6.921168445,-6.600575494,2.01954E-08,1.75297E-07,8.732466348
8174513,NM_001143981,CHRDL1,-1.354573678,6.173296491,-11.26859523,1.17164E-15,5.32954E-14,25.3303646
8174527,NM_014289,CAPN6,-1.356992708,6.97123175,-4.465874801,4.23861E-05,0.000182767,1.217563282
8121803,NM_001010852,CLVS2,-1.359326558,4.276338545,-6.567131372,2.2849E-08,1.95529E-07,8.610191564
8110074,NM_015980,HMP19,-1.360548797,5.656845526,-4.726880388,1.73585E-05,8.14293E-05,2.085454053
8086341,NM_001198621,XIRP1,-1.361788362,5.432540084,-8.177071116,6.03988E-11,9.05493E-10,14.50745394
8111887,NM_001005473,PLCXD3,-1.362797466,4.990840286,-6.521607088,2.70285E-08,2.27609E-07,8.44384524
8063458,NM_018431,DOK5,-1.363551608,6.554750874,-5.362593759,1.85029E-06,1.06572E-05,4.275261512
8002249,NM_018667,SMPD3,-1.363689031,6.042683936,-8.373247601,2.95151E-11,4.73621E-10,15.22070713
8165217,NM_017617,NOTCH1,-1.363793522,7.101291584,-8.251421706,4.60289E-11,7.0643E-10,14.77805263
7953409,NM_002824,PTMS,-1.365299431,8.63775362,-11.25223124,1.23732E-15,5.59771E-14,25.27593785
8057771,NM_003151,STAT4,-1.365563834,5.219056991,-7.565545373,5.71101E-10,6.92497E-09,12.27175077
8099685,NM_018176,LGI2,-1.367022112,6.954160065,-7.95261218,1.37457E-10,1.91183E-09,13.6887063
8164008,NR_026677,MIR600HG,-1.36738132,6.275039448,-8.659791249,1.04237E-11,1.85306E-10,16.25788332
8155734,NM_004816,FAM189A2,-1.36775074,5.94395496,-7.173082791,2.43325E-09,2.57288E-08,10.83145249
8160040,NM_001040712,PTPRD,-1.37014927,8.596251823,-8.842134592,5.39377E-12,1.02509E-10,16.91465307
7896822,NM_198576,AGRN,-1.371173967,7.537154426,-9.80458817,1.75587E-13,4.6984E-12,20.33086471
8099259,NM_001134647,AFAP1,-1.373216712,7.423875604,-13.48725,9.88872E-19,1.07252E-16,32.38734644
8118890,NM_152753,SCUBE3,-1.375285259,7.23505214,-7.833530097,2.12883E-10,2.84103E-09,13.25336186
7996772,NM_001076785,SLC7A6,-1.377692636,6.84655988,-13.40677983,1.26425E-18,1.32187E-16,32.14263972
8109383,NM_000827,GRIA1,-1.378566403,6.178354703,-5.347846725,1.95058E-06,1.11922E-05,4.223449545
8024712,NM_033064,ATCAY,-1.382501612,6.18247201,-6.588962987,2.108E-08,1.81839E-07,8.690003544
8152946,NM_001204824,KCNQ3,-1.382652947,5.833346525,-11.6051216,3.84534E-16,2.00373E-14,26.44204868
8057480,NM_002500,NEUROD1,-1.38363169,4.674726206,-8.412771487,2.55583E-11,4.15941E-10,15.36411124
8141580,NM_016188,ACTL6B,-1.383723739,5.520598866,-6.863354851,7.64837E-09,7.29707E-08,9.69486296
8122734,NM_030949,PPP1R14C,-1.384469737,7.233692585,-9.520064169,4.78523E-13,1.143E-11,19.33054868
7952490,NM_022549,FEZ1,-1.386985097,6.411814185,-7.318837821,1.41982E-09,1.58324E-08,11.36653964
8148992,NM_033225,CSMD1,-1.389873909,5.702962251,-11.30715698,1.03047E-15,4.73916E-14,25.45848619
8098576,NM_001151,SLC25A4,-1.390015606,7.782270141,-8.325833221,3.50833E-11,5.53896E-10,15.04853867
7991374,NM_001289910,IDH2,-1.392838644,8.444998292,-9.78879639,1.85592E-13,4.93977E-12,20.2755719
8022045,NM_003803,MYOM1,-1.393936462,6.19121755,-5.609250803,7.61637E-07,4.7477E-06,5.14765361
8088602,NM_001033057,MAGI1,-1.394547412,7.460933246,-11.38479224,7.96196E-16,3.77111E-14,25.71585348
7938629,NM_000922,PDE3B,-1.399166853,5.85880051,-7.219742903,2.04775E-09,2.2036E-08,11.00275329
8004955,NM_001173461,SHISA6,-1.399429068,5.196655928,-10.26621883,3.51908E-14,1.10683E-12,21.93487311
7950391,NM_173582,PGM2L1,-1.400359238,6.73367364,-6.435475757,3.71325E-08,3.04382E-07,8.129447921
8154135,NM_004170,SLC1A1,-1.400625162,5.611543591,-6.618211059,1.89223E-08,1.65109E-07,8.796965976
7979963,NM_001280542,DPF3,-1.401603375,6.761330812,-9.909620777,1.21545E-13,3.38952E-12,20.69792613
8001394,NM_001080430,TOX3,-1.401884164,6.755352287,-5.399867588,1.61895E-06,9.42252E-06,4.406402034
7995739,NM_020988,GNAO1,-1.402425832,6.485724325,-5.594715632,8.02723E-07,4.97085E-06,5.095960136
8108733,NM_018932,PCDHB12,-1.403733499,5.745162592,-8.051377924,9.56884E-11,1.37274E-09,14.04928786
8157751,NM_004789,LHX2,-1.404172833,6.114690062,-7.190282749,2.28334E-09,2.42825E-08,10.89459756
8129330,NM_006073,TRDN,-1.40452394,3.297270476,-8.874064984,4.80748E-12,9.19441E-11,17.02938053
7944882,NM_022370,ROBO3,-1.40459398,5.922012674,-9.092027654,2.19715E-12,4.52994E-11,17.81016764
8116980,NM_001165032,RNF182,-1.406031147,5.764671492,-6.905442107,6.54616E-09,6.34415E-08,9.849211807
7933772,NM_001149,ANK3,-1.407625249,7.484211215,-7.865947482,1.88971E-10,2.55883E-09,13.37193384
8034643,NM_000068,CACNA1A,-1.407740137,5.273338334,-12.53159331,1.92934E-17,1.43395E-15,29.42659005
8178298,NM_021903,GABBR1,-1.407780183,7.838692366,-7.198980313,2.2111E-09,2.36198E-08,10.92652851
7931031,NM_001291876,TACC2,-1.410030187,6.307688048,-14.07972979,1.66151E-19,2.19537E-17,34.16325124
7972177,NM_006237,POU4F1,-1.412458436,5.898520168,-9.515698955,4.85974E-13,1.1583E-11,19.3151354
7943562,NM_001130037,ELMOD1,-1.413551776,5.471288275,-4.484502247,3.97938E-05,0.00017282,1.278794554
8007828,NM_001123066,MAPT,-1.413709729,5.940937571,-7.870895985,1.85565E-10,2.51677E-09,13.39003004
8023822,NM_182511,CBLN2,-1.417000537,5.851559739,-9.044894322,2.60155E-12,5.28194E-11,17.6416844
7909642,ENST00000271776,VASH2,-1.420836404,7.971403771,-10.97072014,3.17888E-15,1.30514E-13,24.33431796
8040587,ENST00000264719,EFR3B,-1.421102148,7.030966869,-9.579809502,3.874E-13,9.56917E-12,19.5413074
7906417,NM_001127173,CADM3,-1.421660716,5.792546595,-7.502792731,7.19854E-10,8.56341E-09,12.04160112
8179595,NM_001470,GABBR1,-1.422987853,7.870251359,-7.257165087,1.78322E-09,1.94739E-08,11.14013827
8170119,NM_001159699,FHL1,-1.422995078,6.888651818,-12.24715919,4.77825E-17,3.21799E-15,28.5222546
8075637,NM_004737,LARGE,-1.424608872,7.304084259,-10.23827007,3.87604E-14,1.19945E-12,21.83845457
8132055,NM_152793,MTURN,-1.42496157,7.156255713,-11.44425575,6.53806E-16,3.18271E-14,25.91245772
7982040,NR_003309,SNORD115-17,-1.425183766,2.994253312,-5.336332436,2.0326E-06,1.16251E-05,4.183024474
7982042,NR_003309,SNORD115-17,-1.425183766,2.994253312,-5.336332436,2.0326E-06,1.16251E-05,4.183024474
7982044,NR_003309,SNORD115-17,-1.425183766,2.994253312,-5.336332436,2.0326E-06,1.16251E-05,4.183024474
7902687,NM_001554,CYR61,-1.425999723,6.7391594,-4.638573007,2.35261E-05,0.000107205,1.789489393
7909064,NM_005076,CNTN2,-1.428351061,5.437708761,-9.089266769,2.21899E-12,4.56649E-11,17.80030414
7926766,NM_000818,GAD2,-1.430969985,4.942348437,-8.80827407,6.0944E-12,1.14324E-10,16.79289735
7952805,NR_024344,MIR4697HG,-1.431060821,5.913345531,-8.084672366,8.47004E-11,1.22941E-09,14.17073224
8108683,NM_018936,PCDHB2,-1.431090004,6.367859214,-8.455592309,2.18707E-11,3.61793E-10,15.51935857
8064952,NM_020341,PAK7,-1.431576872,5.26581463,-7.237784001,1.91565E-09,2.0777E-08,11.06898648
8145766,AF176921,NRG1,-1.432251141,6.542394623,-9.710261943,2.44578E-13,6.32276E-12,20.00019252
7920877,NM_001162383,ARHGEF2,-1.432820661,7.193660479,-15.49549204,2.78898E-21,6.27464E-19,38.22667881
7982187,NM_001130414,APBA2,-1.433039557,6.800912668,-7.482566636,7.75638E-10,9.1583E-09,11.96740299
8021047,NM_001130110,SETBP1,-1.433138179,7.690472886,-8.183489963,5.89977E-11,8.8658E-10,14.53082801
8121729,NM_002667,PLN,-1.434203715,4.098139694,-4.566589862,3.00982E-05,0.000134232,1.549963643
7928558,NM_020338,ZMIZ1,-1.434880567,7.689308402,-8.874379546,4.80203E-12,9.19408E-11,17.03051034
7972902,NM_138430,ADPRHL1,-1.435616363,5.716655303,-8.783513752,6.66413E-12,1.23895E-10,16.70380417
8108724,NM_018930,PCDHB10,-1.435836713,6.240683273,-7.742721479,2.97314E-10,3.84304E-09,12.9209991
8085716,NM_001131010,SATB1,-1.436902162,8.324705547,-8.592384004,1.33077E-11,2.31508E-10,16.01443215
8140668,NM_006080,SEMA3A,-1.438904634,7.989416542,-8.443987608,2.28137E-11,3.75867E-10,15.47729801
8113512,NM_022140,EPB41L4A,-1.44060674,6.578914443,-10.1771942,4.78871E-14,1.45351E-12,21.62743626
7950764,NM_001142699,DLG2,-1.440998593,5.729380736,-10.44220755,1.91932E-14,6.37799E-13,22.53989121
7932453,NM_001173484,NEBL,-1.441443023,6.700220164,-6.203878801,8.7067E-08,6.59479E-07,7.286628955
8058662,NA,NA,-1.442679565,4.294932418,-8.463361989,2.12614E-11,3.53087E-10,15.54751411
7977397,NM_001270837,CRIP2,-1.443447258,8.069865358,-10.63757164,9.83486E-15,3.52499E-13,23.2071807
7950933,NM_001143836,NOX4,-1.444775364,6.36481162,-6.124009412,1.16723E-07,8.58901E-07,6.997002426
8020141,NM_153000,APCDD1,-1.446041102,7.718472828,-8.515737548,1.75759E-11,2.96317E-10,15.73720063
8079163,ENST00000517171,RNU6-367P,-1.447799675,5.052267675,-5.206552611,3.22856E-06,1.77337E-05,3.729212605
8013015,NM_181716,CENPV,-1.450313044,7.044171326,-9.128241263,1.92996E-12,4.03836E-11,17.939479
8097038,NM_004784,NDST3,-1.450690804,5.095334727,-5.541709662,9.7202E-07,5.92121E-06,4.907735472
8108753,NM_018935,PCDHB15,-1.450849272,6.270606834,-8.211669455,5.32231E-11,8.06998E-10,14.63341482
8081686,NM_033254,BOC,-1.451109513,7.234612151,-7.290110208,1.57882E-09,1.74419E-08,11.26108295
7954653,NM_001080509,TSPAN11,-1.451354669,6.052535078,-12.01576545,1.00698E-16,6.11853E-15,27.77873532
7966631,NM_022363,LHX5,-1.451453756,5.532277993,-8.576657538,1.40889E-11,2.43899E-10,15.95758446
8058668,NA,NA,-1.451498375,4.226714706,-7.528952983,6.53624E-10,7.82673E-09,12.13755611
8151768,NM_001198625,RUNX1T1,-1.454228431,8.11954709,-8.821268134,5.8153E-12,1.0952E-10,16.83963269
8132151,NM_001118,ADCYAP1R1,-1.455495596,5.987422869,-11.52835458,4.95176E-16,2.46824E-14,26.1897379
7918891,NM_005599,NHLH2,-1.459085687,3.402336307,-9.339805609,9.07173E-13,2.04926E-11,18.69245844
7966668,NM_000192,TBX5,-1.460232594,5.311333062,-7.744562016,2.95307E-10,3.82006E-09,12.92773849
8166593,NM_014271,IL1RAPL1,-1.462034684,6.782691873,-8.476655879,2.02581E-11,3.37943E-10,15.59567838
8052747,NM_014482,BMP10,-1.462771335,4.103010964,-6.462966748,3.3554E-08,2.77784E-07,8.229746537
7956522,ENST00000455537,KIF5A,-1.464295325,5.922949456,-4.826742242,1.22803E-05,5.96145E-05,2.422823649
8107594,NM_001242935,SNCAIP,-1.467229752,7.195184588,-9.595786198,3.66146E-13,9.11177E-12,19.59760414
8106556,NM_153610,CMYA5,-1.469106392,5.818694651,-6.725512489,1.27304E-08,1.15974E-07,9.189707247
7908529,NM_001014434,LHX9,-1.470782804,7.37110494,-7.077080781,3.47011E-09,3.5443E-08,10.47903039
8128247,NM_001170794,BACH2,-1.470924754,7.050480263,-9.617492061,3.39141E-13,8.4905E-12,19.67404579
8070421,NM_001271534,DSCAM,-1.470956859,5.090038505,-9.481163709,5.49195E-13,1.29051E-11,19.19312479
7947076,NM_001039970,PTPN5,-1.472069097,5.82455161,-9.400986012,7.29868E-13,1.6795E-11,18.90939491
7962183,NM_001005353,AK4,-1.47212639,7.356457749,-7.888012648,1.74255E-10,2.37307E-09,13.45261615
7950524,NM_207577,MAP6,-1.472507669,5.802112042,-7.004965194,4.53063E-09,4.53158E-08,10.21434945
7953532,NM_001975,ENO2,-1.4728449,6.918154974,-6.415918439,3.99075E-08,3.24731E-07,8.058124315
7984704,NM_001172623,NEO1,-1.473018413,8.444265888,-8.716586853,8.48725E-12,1.54258E-10,16.46273708
7965390,NM_004950,EPYC,-1.473230585,4.231231834,-6.144827914,1.08142E-07,8.0321E-07,7.072438389
7913237,NM_018584,CAMK2N1,-1.47429149,8.379926861,-7.821624829,2.22409E-10,2.9563E-09,13.20980583
8085774,NM_024697,ZNF385D,-1.474670279,6.535661291,-9.4918434,5.28805E-13,1.24788E-11,19.23086844
8116051,NM_080881,DBN1,-1.47499071,8.87736441,-10.82050502,5.28079E-15,2.02574E-13,23.82779641
8126853,NM_001013732,PTCHD4,-1.475355137,5.560969472,-7.164631358,2.51048E-09,2.64697E-08,10.80042555
7984569,NM_001199017,LRRC49,-1.475401179,6.964367935,-7.343560308,1.29589E-09,1.45774E-08,11.45728871
8108688,NM_018937,PCDHB3,-1.477361456,5.2714159,-7.412612172,1.00417E-09,1.15856E-08,11.71072393
8085164,NM_001033117,SRGAP3,-1.477397028,6.962586568,-7.310538031,1.46403E-09,1.62982E-08,11.33607239
7957570,NM_005761,PLXNC1,-1.481652505,7.568390581,-7.378419248,1.13932E-09,1.29963E-08,11.58523561
8091600,NM_001130960,PLCH1,-1.482317447,5.253383443,-9.999800819,8.87165E-14,2.54435E-12,21.01210419
7909841,NM_001286124,MARK1,-1.487576914,7.084760595,-12.98827406,4.59719E-18,4.07108E-16,30.85636379
7922018,NM_199351,ILDR2,-1.488925109,6.932412943,-7.704701461,3.41983E-10,4.37457E-09,12.78175769
8032926,NM_002850,PTPRS,-1.490453093,8.087034384,-8.885637318,4.61121E-12,8.86999E-11,17.07093922
7935188,NM_001034954,SORBS1,-1.490894243,7.12279034,-15.55309162,2.37374E-21,5.48877E-19,38.3867537
8174189,NM_021992,TMSB15A,-1.492280512,6.221410622,-6.113824673,1.21165E-07,8.88834E-07,6.960113156
8140534,NM_006379,SEMA3C,-1.496198434,7.593962313,-5.849859764,3.18004E-07,2.13954E-06,6.007903777
8024605,NM_001172673,CELF5,-1.496654209,6.083305727,-9.254079784,1.23113E-12,2.70047E-11,18.38786849
8101304,NM_152545,RASGEF1B,-1.498341192,6.948526935,-8.412897431,2.55466E-11,4.15941E-10,15.36456804
8053315,NM_001134745,LRRTM4,-1.499135949,7.097264389,-6.668834158,1.56957E-08,1.39701E-07,8.982193477
8018305,NM_001002032,HN1,-1.499592855,7.419009333,-11.80768732,1.9802E-16,1.13096E-14,27.10416095
8056518,NM_002976,SCN7A,-1.500620317,6.283778529,-4.779243095,1.44819E-05,6.92056E-05,2.262009062
8012787,NM_002470,MYH3,-1.502108023,5.422374977,-4.246765555,8.83708E-05,0.000353112,0.506208218
7956759,NM_020762,SRGAP1,-1.502755523,7.450384013,-8.47332355,2.0505E-11,3.41549E-10,15.58360638
8174543,NM_000555,DCX,-1.506034977,7.09375504,-4.41749305,4.99127E-05,0.000211847,1.059062237
8113602,NM_152549,CCDC112,-1.506658284,5.419735335,-9.553453447,4.25217E-13,1.03801E-11,19.44837893
8173621,NM_001008537,KIAA2022,-1.509436039,5.459698567,-7.757480915,2.81595E-10,3.65832E-09,12.9750396
7965156,NM_004664,LIN7A,-1.509626451,5.702988827,-9.364045983,8.32242E-13,1.89284E-11,18.77845559
7958305,ENST00000357881,RFX4,-1.511149489,4.02007566,-9.359933024,8.44502E-13,1.9181E-11,18.76386821
8108693,NM_018938,PCDHB4,-1.512573124,3.944138597,-8.121390858,7.40454E-11,1.08677E-09,14.30459849
7946661,NM_001018057,DKK3,-1.515182623,7.669696011,-11.72525298,2.59255E-16,1.44597E-14,26.83535589
7999093,NM_001098814,SRL,-1.517000967,5.16606501,-7.910457437,1.60465E-10,2.19787E-09,13.53466534
8145470,NM_001197293,DPYSL2,-1.517983737,8.906194244,-9.226776985,1.35709E-12,2.9457E-11,18.29071038
7907911,NM_000721,CACNA1E,-1.518175799,6.024111578,-6.12438104,1.16564E-07,8.57921E-07,6.998348656
8151074,ENST00000396642,PDE7A,-1.519682942,6.833457723,-12.22663426,5.10346E-17,3.39182E-15,28.45658681
8146533,NM_147189,FAM110B,-1.520946371,7.166236361,-14.11542102,1.49434E-19,2.00633E-17,34.26879017
7926916,NM_001128128,ZEB1,-1.521423607,7.176809928,-15.12256837,7.99549E-21,1.59417E-18,37.18050899
8098549,NM_020225,STOX2,-1.521626194,7.352106083,-13.54863371,8.20337E-19,9.10493E-17,32.57344609
8113577,NM_001017397,TRIM36,-1.521811318,5.387897635,-7.712262123,3.32594E-10,4.26101E-09,12.80945106
7902810,NM_006769,LMO4,-1.523571628,6.5170804,-11.8554045,1.69491E-16,9.83196E-15,27.25935521
8088180,NM_001256105,WNT5A,-1.524186326,7.87872043,-9.408378293,7.10958E-13,1.64052E-11,18.93558157
8127370,NM_152688,KHDRBS2,-1.524238677,5.932250804,-7.395224151,1.07076E-09,1.22815E-08,11.64691165
8133233,NM_001127231,AUTS2,-1.526470881,7.47297739,-9.013417541,2.91262E-12,5.85283E-11,17.52905539
7925876,NM_001242339,PFKP,-1.532113495,6.133168731,-7.970801937,1.28581E-10,1.79814E-09,13.75514997
8146618,NM_173519,CLVS1,-1.533850526,5.444568997,-8.910492544,4.2165E-12,8.1864E-11,17.16016093
8010188,NM_001142640,TNRC6C,-1.533903247,7.382053382,-10.75018307,6.70356E-15,2.49117E-13,23.58971059
7962455,NM_001145107,NELL2,-1.539557105,6.84638777,-5.827387172,3.45126E-07,2.30525E-06,5.927218512
8175444,NM_001139498,FGF13,-1.541116446,7.120502921,-12.19383606,5.67035E-17,3.71665E-15,28.35153713
8069770,NM_000830,GRIK1,-1.542728539,4.53705632,-7.404120287,1.03616E-09,1.19175E-08,11.67956008
8135990,NM_001127487,FLNC,-1.545802854,7.656564896,-7.702586415,3.44657E-10,4.4037E-09,12.77401032
8129888,NM_001144060,NHSL1,-1.545826901,6.609830785,-15.36549302,4.01867E-21,8.68895E-19,37.86391874
8103951,NM_001286708,ACSL1,-1.547675234,6.119718981,-10.60907428,1.08393E-14,3.83952E-13,23.1101323
7898809,NM_004442,EPHB2,-1.550883406,7.369746129,-9.510692149,4.94663E-13,1.17481E-11,19.29745428
7915787,NM_001114172,PIK3R3,-1.552059315,8.01399204,-9.675583391,2.76336E-13,7.06152E-12,19.87838184
7923360,NM_003281,TNNI1,-1.552682987,7.023945966,-7.667209499,3.92622E-10,4.93326E-09,12.64440453
8108744,NM_018934,PCDHB14,-1.553795495,6.397515419,-7.619399093,4.68259E-10,5.76187E-09,12.46918851
7898057,NM_001006624,PDPN,-1.554862484,7.153788157,-11.67937144,3.01316E-16,1.64205E-14,26.68536151
7929388,NM_001165979,PLCE1,-1.555689907,8.071629394,-8.16674473,6.27234E-11,9.36548E-10,14.46984574
7903092,NM_001024948,FNBP1L,-1.559525557,8.848417178,-9.331708523,9.33689E-13,2.10345E-11,18.66371963
7965206,NM_001146335,SLC6A15,-1.562773631,5.080338022,-8.245089014,4.71059E-11,7.22138E-10,14.75501757
8171297,NM_000381,MID1,-1.563433261,7.724223818,-13.39589029,1.30707E-18,1.3516E-16,32.10946033
7996081,NM_001145770,GPR56,-1.566087485,6.912321906,-6.674009583,1.53985E-08,1.37349E-07,9.001136525
7953040,NM_000719,CACNA1C,-1.568634078,6.534520987,-9.219972572,1.39046E-12,3.01206E-11,18.26648549
8120300,NM_001281747,MLIP,-1.569127453,3.714358335,-6.560012033,2.34573E-08,2.0022E-07,8.584170038
8044976,NM_130773,CNTNAP5,-1.569458337,4.989224044,-6.955755535,5.43486E-09,5.34765E-08,10.0337819
7969995,NM_001198950,MYO16,-1.570019327,5.639797938,-13.88704432,2.95346E-19,3.62883E-17,33.59065986
8066347,NM_007050,PTPRT,-1.571046912,5.354757308,-12.08373335,8.08379E-17,5.10751E-15,27.99785794
8010978,XM_005276591,LOC101060546,-1.571395704,9.46711812,-5.550189231,9.42737E-07,5.75864E-06,4.937815648
7965166,NM_001220473,PPFIA2,-1.573746822,6.523743994,-7.360472786,1.2174E-09,1.38018E-08,11.51936621
8116835,NM_145655,GCNT2,-1.574296572,5.71342097,-9.191720093,1.53806E-12,3.28468E-11,18.16585468
7947338,XM_005252957,PAX6,-1.576353114,4.447267633,-9.030932242,2.73517E-12,5.52293E-11,17.59173679
7923662,NM_002646,PIK3C2B,-1.577948102,6.824796685,-12.5026924,2.11456E-17,1.54067E-15,29.33518647
7978391,NM_002515,NOVA1,-1.579856129,7.097598838,-7.438256149,9.13461E-10,1.0594E-08,11.80482682
8134098,NM_001287135,CDK14,-1.579976966,8.159868518,-13.41258001,1.24203E-18,1.3046E-16,32.16030601
8157890,NM_001134778,PBX3,-1.580201446,7.745257998,-10.81795369,5.32664E-15,2.04073E-13,23.8191692
8102135,NM_025212,CXXC4,-1.58029785,6.080220096,-8.080151635,8.61146E-11,1.24668E-09,14.15424585
8128956,NM_002037,FYN,-1.581183139,8.341949536,-12.06946862,8.46481E-17,5.31798E-15,27.95191975
8121152,NM_006581,FUT9,-1.581755507,4.710514512,-6.099757349,1.27577E-07,9.31155E-07,6.909177802
7955317,NM_001095,ASIC1,-1.583530959,5.553904251,-11.44604458,6.49946E-16,3.17719E-14,25.91836513
8088739,NM_198271,LMOD3,-1.585517618,3.147913089,-8.42830415,2.41535E-11,3.96176E-10,15.42043954
7976012,NR_073547,NRXN3,-1.585796103,6.506793906,-6.562839009,2.32138E-08,1.98355E-07,8.594502454
8083968,NM_014932,NLGN1,-1.591746345,5.423078786,-7.831134941,2.14766E-10,2.86386E-09,13.2445995
8023528,NM_052947,ALPK2,-1.592153521,4.963465836,-6.397516749,4.27069E-08,3.45143E-07,7.991038423
8162394,NM_001193335,ASPN,-1.5997559,5.629277492,-3.295606642,0.001760058,0.004989329,-2.351223258
7964759,NM_001178074,GRIP1,-1.604133608,6.318763386,-8.251413055,4.60304E-11,7.0643E-10,14.77802116
8127446,NM_001851,COL9A1,-1.60464891,6.333330122,-9.216198968,1.40931E-12,3.03925E-11,18.25304891
8146669,NM_033058,TRIM55,-1.613605313,5.088236888,-7.764114527,2.74804E-10,3.57988E-09,12.99932556
8175696,NM_000808,GABRA3,-1.617207605,6.307029299,-6.304772268,6.00872E-08,4.70095E-07,7.653290921
8077833,NM_003042,SLC6A1,-1.61830249,5.687360314,-11.41433798,7.21901E-16,3.45858E-14,25.81359731
8074780,NM_013313,YPEL1,-1.620704179,7.00391132,-11.54642539,4.66528E-16,2.36079E-14,26.24919983
7918857,NM_005725,TSPAN2,-1.62363443,6.240245626,-8.339373835,3.33932E-11,5.29726E-10,15.09772142
8124280,NM_001286445,FAM65B,-1.624937196,5.394697874,-17.91036705,4.45471E-24,1.97771E-21,44.60623841
7934442,NM_001114133,SYNPO2L,-1.625092921,5.139983061,-10.25685741,3.63479E-14,1.13216E-12,21.90258796
8088491,NM_003716,CADPS,-1.628448556,5.810288777,-5.660795907,6.32028E-07,4.00621E-06,5.331235979
8180376,NA,NA,-1.629323738,7.21779523,-5.926889945,2.40117E-07,1.65635E-06,6.284952899
8108737,NM_018933,PCDHB13,-1.632533673,5.337473717,-7.793124392,2.46986E-10,3.2467E-09,13.10551333
8012464,NR_024447,LOC100128288,-1.636907036,6.595875848,-10.92523197,3.70591E-15,1.4874E-13,24.18122985
8134420,NM_003182,TAC1,-1.639210352,4.470091471,-5.947943173,2.22349E-07,1.54563E-06,6.360798336
7906602,NM_020335,VANGL2,-1.639717278,6.675082409,-10.81764988,5.33212E-15,2.04073E-13,23.81814181
8021120,NM_001256758,RNF165,-1.641398507,6.056505214,-10.65023415,9.41926E-15,3.40166E-13,23.25027143
8089785,NM_022135,POPDC2,-1.642348836,4.782454904,-5.805075628,3.74323E-07,2.48779E-06,5.847176587
8067955,NM_001338,CXADR,-1.643810726,7.960903668,-8.488065876,1.94351E-11,3.24701E-10,15.63700735
8105323,NM_006308,HSPB3,-1.643896567,4.054535116,-9.102395324,2.11706E-12,4.37294E-11,17.8472008
7923991,NM_025179,PLXNA2,-1.645021163,6.826415163,-10.29159769,3.22377E-14,1.02425E-12,22.02234674
7957417,NM_152588,TMTC2,-1.646787552,7.030855876,-7.652970859,4.13768E-10,5.16388E-09,12.59222952
8146863,NM_001128204,SULF1,-1.648316439,8.163011729,-6.501589613,2.90998E-08,2.4388E-07,8.370737675
8132465,NM_001287059,HECW1,-1.648362534,5.424132668,-8.70502793,8.84958E-12,1.60057E-10,16.42106619
8085914,NM_001258379,SLC4A7,-1.648678456,7.478677959,-10.57629874,1.21234E-14,4.23137E-13,22.99839239
7918457,NM_002232,KCNA3,-1.649810714,4.645443915,-8.712755127,8.60567E-12,1.56154E-10,16.44892456
8177222,NM_001291737,CD24,-1.65416162,7.193862641,-4.124082339,0.000132477,0.000506497,0.115511933
8135576,NM_015641,TES,-1.656955581,7.800422768,-8.597001655,1.30867E-11,2.28022E-10,16.03112043
8175860,NM_032512,PDZD4,-1.659673533,6.314000414,-9.42244971,6.76316E-13,1.56493E-11,18.98541346
8104066,AF090937,SORBS2,-1.669635816,4.87399531,-7.632175785,4.4672E-10,5.52748E-09,12.51601901
8114898,ENST00000394409,PPP2R2B,-1.674832578,5.187246147,-7.834686621,2.1198E-10,2.83352E-09,13.25759276
7977987,NM_002471,MYH6,-1.676142418,5.476954071,-6.155417053,1.04021E-07,7.74675E-07,7.110823951
8117165,NM_003107,SOX4,-1.678466739,8.512143399,-10.09398535,6.39191E-14,1.88848E-12,21.33925411
8133258,NM_022479,WBSCR17,-1.678469347,6.132849157,-12.67062562,1.24318E-17,9.86527E-16,29.86476891
7981427,NM_001823,CKB,-1.683722843,7.826015356,-9.291362753,1.07793E-12,2.39598E-11,18.52042545
7928838,NM_001080114,LDB3,-1.685377619,5.271493249,-8.675334541,9.85335E-12,1.75918E-10,16.31397083
8093839,NM_014392,NSG1,-1.686854897,6.825658645,-9.199707445,1.4948E-12,3.20492E-11,18.19431203
7951479,NM_003063,SLN,-1.693917678,5.356139949,-5.698144164,5.52012E-07,3.53129E-06,5.464506349
8158627,NM_001128826,NCS1,-1.698254525,6.698134043,-13.98258373,2.21925E-19,2.8421E-17,33.87516404
7916986,NM_173808,NEGR1,-1.699548055,6.000791926,-10.03624048,7.8139E-14,2.26637E-12,21.13879678
8091863,NM_014926,SLITRK3,-1.703936434,4.712305451,-7.480470252,7.81662E-10,9.21962E-09,11.9597121
8152376,NM_198123,CSMD3,-1.703958869,6.009362997,-8.833874887,5.55682E-12,1.0513E-10,16.88496161
8095585,NM_001098484,SLC4A4,-1.705895523,6.490717919,-5.066112883,5.30894E-06,2.78556E-05,3.242161043
8054439,NM_001142351,ST6GAL2,-1.70847367,7.056621925,-9.679035673,2.72996E-13,6.9869E-12,19.89051396
8109752,NM_001122679,TENM2,-1.713250726,6.243311201,-7.855470637,1.96388E-10,2.64957E-09,13.33361769
7945245,NM_001048209,NTM,-1.716616199,6.467920399,-11.81991148,1.90278E-16,1.09048E-14,27.14394676
8168291,ENST00000538820,ITGB1BP2,-1.721461123,5.312349634,-9.668149747,2.83668E-13,7.21014E-12,19.85225398
8104068,NA,NA,-1.726320784,4.014990751,-6.556822989,2.3735E-08,2.02285E-07,8.572514796
8078497,NM_001025068,ARPP21,-1.726520092,4.641018053,-10.78233013,6.01049E-15,2.25882E-13,23.69862518
8074789,ENST00000496490,RN7SL280P,-1.727762872,5.514648055,-7.882040593,1.7812E-10,2.41879E-09,13.43078107
7939052,NM_203371,FIBIN,-1.734670671,5.9781796,-5.999525776,1.84143E-07,1.30344E-06,6.546843135
8117120,NM_001546,ID4,-1.735036432,7.789806759,-10.46068918,1.80132E-14,6.04013E-13,22.60321426
8021376,NM_001144964,NEDD4L,-1.735367734,7.803489915,-11.98127846,1.12598E-16,6.79199E-15,27.66732141
8055323,NM_207363,NCKAP5,-1.735785648,6.065675414,-13.18941378,2.46502E-18,2.36535E-16,31.47742133
7917347,NM_001134445,DDAH1,-1.736503608,7.70980747,-12.60267568,1.54059E-17,1.1874E-15,29.65093263
7922756,NM_015039,NMNAT2,-1.738661753,5.831436019,-10.20053296,4.41677E-14,1.35295E-12,21.70812329
8062284,NA,NA,-1.740423078,4.517893956,-8.874234496,4.80454E-12,9.19408E-11,17.02998937
8103244,NM_173662,RNF175,-1.743579542,5.529855812,-13.72047625,4.87441E-19,5.63552E-17,33.09183014
8090070,NM_001199642,ADCY5,-1.744441928,6.385656285,-9.902618343,1.24558E-13,3.46484E-12,20.67349236
8006681,NM_005568,LHX1,-1.750845108,6.505610938,-7.799513577,2.41249E-10,3.18326E-09,13.12889614
8095907,NM_001166133,FRAS1,-1.751268235,7.853808247,-6.85100289,8.00575E-09,7.60101E-08,9.649572566
7952526,NM_001243597,CDON,-1.752044536,8.718823625,-9.889610324,1.30356E-13,3.60206E-12,20.62808873
8123864,NM_001042425,TFAP2A,-1.767073176,5.338477856,-8.372351755,2.96116E-11,4.7494E-10,15.21745554
8010983,NM_001092,ABR,-1.769770525,7.057383031,-12.88441681,6.35524E-18,5.41203E-16,30.53361104
7947590,NM_001247987,SYT13,-1.770597511,5.350102421,-9.282171713,1.11381E-12,2.46423E-11,18.48775986
8170200,NM_003413,ZIC3,-1.774335398,4.350147702,-10.05708624,7.26702E-14,2.12046E-12,21.2112052
8055478,NM_007226,NXPH2,-1.77471622,7.495638314,-9.76257064,2.03494E-13,5.36479E-12,20.18368602
8119403,NM_006789,APOBEC2,-1.78449769,4.950222785,-8.953707713,3.60945E-12,7.11567E-11,17.31516179
8049532,NM_001137550,LRRFIP1,-1.787741095,4.706161742,-7.374971971,1.15392E-09,1.31403E-08,11.57258325
8121814,NM_001040214,NKAIN2,-1.789347754,5.948212773,-7.330235651,1.36127E-09,1.5246E-08,11.40837842
7985285,NM_014862,ARNT2,-1.791558052,6.938471832,-11.46673216,6.06953E-16,2.98518E-14,25.98665325
8052940,NM_020459,PAIP2B,-1.79794067,7.272073825,-13.86449685,3.16007E-19,3.85424E-17,33.52334517
7917199,NM_024686,TTLL7,-1.802253889,6.051514497,-10.68135154,8.47174E-15,3.09302E-13,23.35608121
7921088,NM_006617,NES,-1.803698817,7.199594582,-14.09205203,1.60175E-19,2.12484E-17,34.19970651
8088192,NM_015576,ERC2,-1.806741688,6.665921508,-13.06639924,3.60656E-18,3.29911E-16,31.09821898
8041206,NM_030915,LBH,-1.810198821,7.672207212,-14.58733931,3.73188E-20,6.18211E-18,35.64900954
7968307,NM_001033602,MTUS2,-1.810541195,6.602452382,-9.6534499,2.98749E-13,7.55311E-12,19.80056951
7927803,NM_178011,LRRTM3,-1.812536901,6.540942463,-10.14378105,5.37696E-14,1.61149E-12,21.51181028
8110990,NM_001288715,CTNND2,-1.812757869,6.372254882,-10.43238538,1.98517E-14,6.56408E-13,22.50622117
8101757,NM_198281,GPRIN3,-1.815223735,6.497691691,-9.971554992,9.79013E-14,2.78324E-12,20.91379665
8083677,NM_001197107,SCHIP1,-1.81751975,7.110648504,-9.615223507,3.41866E-13,8.55231E-12,19.66605893
8133904,NM_000840,GRM3,-1.823770624,5.262706334,-8.112963954,7.63651E-11,1.11523E-09,14.27388254
8040725,NM_001253723,DPYSL5,-1.835783783,6.900649248,-6.303523888,6.03638E-08,4.71926E-07,7.648749072
8047926,NM_001039538,MAP2,-1.838202826,7.34341884,-5.779465405,4.10867E-07,2.70422E-06,5.755382472
8128043,NM_001160226,CNR1,-1.840682345,5.124025815,-6.585039644,2.13875E-08,1.84158E-07,8.675658798
8006509,NM_001033576,UNC45B,-1.845964199,5.318914788,-8.601678939,1.28667E-11,2.25011E-10,16.0480226
8104035,NM_001145670,SORBS2,-1.846807436,6.819633525,-6.535040995,2.57215E-08,2.17428E-07,8.492921124
8059301,NM_000438,PAX3,-1.84704109,4.597954585,-10.60231769,1.10922E-14,3.92496E-13,23.08710806
8052882,NM_001185054,ADD2,-1.847723781,6.378618005,-7.495463793,7.39587E-10,8.7762E-09,12.0147163
8088264,NM_017563,IL17RD,-1.875239555,7.686528821,-12.55654381,1.78268E-17,1.33689E-15,29.50541171
8084165,NM_003106,SOX2,-1.87656231,5.22736164,-8.616503851,1.21935E-11,2.14251E-10,16.10158411
7988414,NM_001482,GATM,-1.87797916,8.661330433,-7.560706695,5.81384E-10,7.04195E-09,12.25400773
7924309,NM_001134285,ESRRG,-1.879464212,5.795622412,-7.835132237,2.11633E-10,2.83002E-09,13.25922294
8103466,NM_001128427,FSTL5,-1.879959056,4.466483281,-6.596166482,2.05268E-08,1.77712E-07,8.716343371
8115651,NM_000813,GABRB2,-1.883749234,5.787789059,-18.28108361,1.75152E-24,8.70453E-22,45.52821974
8058660,NA,NA,-1.886464932,3.352391765,-9.026044807,2.78356E-12,5.61043E-11,17.57424846
8106098,NM_005909,MAP1B,-1.887365193,8.696967832,-7.924621321,1.52333E-10,2.1003E-09,13.58643156
7971937,NM_001286725,KLHL1,-1.890778662,4.129115777,-10.63411364,9.95155E-15,3.55915E-13,23.19540967
8053551,NM_001164730,REEP1,-1.892535362,7.278693697,-8.940404298,3.7863E-12,7.4204E-11,17.26746338
7938608,NM_006108,SPON1,-1.903898537,7.116527946,-9.285251867,1.10166E-12,2.4434E-11,18.49870786
7966026,NM_014840,NUAK1,-1.909557132,6.884639094,-14.14430883,1.37159E-19,1.87941E-17,34.35409216
7912515,NM_006172,NPPA,-1.910353379,4.882167586,-7.08318602,3.39265E-09,3.47692E-08,10.50144072
8048541,NM_001927,DES,-1.910830023,7.455684529,-8.978206455,3.30523E-12,6.56256E-11,17.40295968
7935361,NM_003061,SLIT1,-1.913777523,5.868193909,-9.104161663,2.10371E-12,4.35076E-11,17.85350915
8156905,NM_001198812,MSANTD3-TMEFF1,-1.918848309,8.138380599,-7.200809409,2.1962E-09,2.34757E-08,10.93324359
8114900,NM_001271900,PPP2R2B,-1.92140358,6.002732036,-8.487182549,1.94976E-11,3.25582E-10,15.63380812
8049540,NM_001137550,LRRFIP1,-1.92217545,6.44579026,-10.39846755,2.23066E-14,7.31045E-13,22.38986367
8109093,NM_014945,ABLIM3,-1.945411989,6.492517131,-18.05749516,3.07043E-24,1.42161E-21,44.97389268
8091698,NM_001163678,SHOX2,-1.946596245,5.622524403,-13.75984112,4.32874E-19,5.05734E-17,33.21004116
8128565,NM_022361,POPDC3,-1.951182971,4.629799177,-10.59339084,1.14356E-14,4.01659E-13,23.05667983
7908694,NM_001167738,NAV1,-1.95238691,7.524193572,-15.32398743,4.51766E-21,9.6426E-19,37.74766465
8146579,NM_017780,CHD7,-1.952841987,8.081152979,-11.74264332,2.44912E-16,1.37984E-14,26.89213644
8052399,NM_022893,BCL11A,-1.958493117,7.025414999,-9.536974859,4.50732E-13,1.08596E-11,19.39024065
8055314,NM_144586,LYPD1,-1.963696096,6.981527605,-7.657235614,4.07317E-10,5.09866E-09,12.6078576
8123651,NM_178012,TUBB2B,-1.977011438,8.097937978,-7.19384612,2.25346E-09,2.40107E-08,10.90767958
8056611,NM_004525,LRP2,-1.977286042,6.756918767,-4.739720881,1.66051E-05,7.82149E-05,2.128677615
7923233,NM_001252100,KIF21B,-1.980262109,6.471216509,-10.59937934,1.12041E-14,3.95613E-13,23.07709342
7947099,NM_003476,CSRP3,-1.981909586,4.400622946,-7.57589059,5.49725E-10,6.69257E-09,12.30968393
7954926,NM_001164595,PDZRN4,-1.997858361,5.209559484,-8.409418113,2.58722E-11,4.20844E-10,15.35194828
8152617,NM_005328,HAS2,-1.997917204,7.069596154,-6.630387543,1.80904E-08,1.58515E-07,8.841508447
8097086,NM_016599,MYOZ2,-1.998333439,4.391140633,-8.084389306,8.47883E-11,1.23015E-09,14.16969999
8107100,NM_001012761,RGMB,-2.000211301,6.793151888,-11.60703672,3.82119E-16,1.99427E-14,26.44833338
8027152,NM_004386,NCAN,-2.009219424,5.86201783,-9.525464165,4.69466E-13,1.1254E-11,19.34961299
8057803,NM_016192,TMEFF2,-2.049001539,4.9939314,-11.66027854,3.20795E-16,1.72194E-14,26.62286325
7954143,NM_030670,PTPRO,-2.055317062,6.724139627,-4.128733956,0.000130471,0.000499917,0.13022031
8131666,NM_002214,ITGB8,-2.056292962,7.191647862,-8.355183453,3.15232E-11,5.02696E-10,15.15513079
8097753,NM_001040260,DCLK2,-2.060861152,7.059268533,-10.94237697,3.49761E-15,1.42198E-13,24.23896083
8113278,NM_153234,LIX1,-2.080124188,5.089943211,-11.71997949,2.63771E-16,1.46624E-14,26.81812987
8143144,NM_002825,PTN,-2.08032533,7.619464259,-12.48593409,2.23012E-17,1.61427E-15,29.28213551
8128553,NM_001199563,BVES,-2.092271207,5.608483916,-9.570825627,3.99893E-13,9.82675E-12,19.50963939
8007921,NM_001002841,MYL4,-2.101980784,5.622808384,-6.242035963,7.5678E-08,5.81414E-07,7.425198131
7974697,NM_001270520,DAAM1,-2.104738692,7.04815392,-22.99986134,3.64889E-29,7.12726E-26,56.10574784
8109677,NM_000816,GABRG2,-2.105495158,4.296651988,-7.777618979,2.61484E-10,3.42376E-09,13.0487611
8086689,NM_000258,MYL3,-2.106428534,5.956967099,-8.0765417,8.72608E-11,1.26108E-09,14.14108023
7910792,NM_001035,RYR2,-2.112576322,6.458939647,-7.571769736,5.58142E-10,6.78265E-09,12.29457416
8112980,NM_001278642,EDIL3,-2.113625864,7.652536343,-10.29606356,3.17445E-14,1.01148E-12,22.03773149
8062395,NM_005386,NNAT,-2.139742425,7.833617688,-6.461035162,3.37938E-08,2.7963E-07,8.22269775
7986229,NM_006011,ST8SIA2,-2.147616087,6.28799359,-8.554503996,1.52682E-11,2.61784E-10,15.87747327
8055350,NM_030923,TMEM163,-2.149206399,5.971759283,-13.28558633,1.83314E-18,1.82748E-16,31.77250401
8128123,NM_021244,RRAGD,-2.16100694,6.568623007,-10.7402488,6.93367E-15,2.56523E-13,23.55602743
8139307,NM_021223,MYL7,-2.181635812,5.363498342,-6.73557227,1.22659E-08,1.12141E-07,9.226551907
8073548,NM_019106,SEPT3,-2.190312431,6.022732736,-7.741244378,2.98935E-10,3.86099E-09,12.91559039
8040070,NM_003108,SOX11,-2.200451564,7.141881539,-12.74440286,9.85567E-18,8.08286E-16,30.09625738
8180359,NA,NA,-2.203451047,8.572830662,-16.00456498,6.79906E-22,1.79673E-19,39.62763011
8067055,NM_006045,ATP9A,-2.203693712,7.615702322,-10.96380523,3.25382E-15,1.33321E-13,24.31106286
7993083,NM_001142333,RBFOX1,-2.212215629,6.023170601,-12.60116142,1.54798E-17,1.18763E-15,29.64616038
7936494,NM_001145453,GFRA1,-2.227729677,7.378826219,-6.697993124,1.40929E-08,1.27065E-07,9.088935592
7961422,NM_000834,GRIN2B,-2.227931663,4.868961122,-11.39135317,7.79056E-16,3.70046E-14,25.73756818
7909503,NM_019605,SERTAD4,-2.238608103,4.983648165,-14.94001005,1.34702E-20,2.50568E-18,36.66214377
7968417,NM_023037,FRY,-2.241615432,7.242004791,-17.43735091,1.49621E-23,5.47466E-21,43.40844041
7904965,AB042555,PDE4DIP,-2.247409937,5.724078873,-14.06931061,1.7138E-19,2.25552E-17,34.13241099
7923332,NM_000364,TNNT2,-2.248641265,6.744741005,-7.549609692,6.05671E-10,7.30955E-09,12.21331387
7922994,NM_199051,BRINP3,-2.270606613,4.568463643,-12.12414609,7.09593E-17,4.56126E-15,28.12785871
8100578,NM_001281765,EPHA5,-2.286687509,5.117390478,-9.964010445,1.00513E-13,2.84591E-12,20.88752323
7934979,NM_014391,ANKRD1,-2.293959993,4.728571733,-8.172719554,6.13677E-11,9.18777E-10,14.4916065
8059551,NM_001142644,SPHKAP,-2.304253612,5.705498098,-8.90183995,4.34989E-12,8.42573E-11,17.1291071
8128284,NM_001288629,EPHA7,-2.315948665,7.646501465,-9.041320105,2.63512E-12,5.34358E-11,17.62889975
8077270,NM_001253387,CHL1,-2.318300299,6.472762193,-5.757032278,4.45771E-07,2.90523E-06,5.675049228
7926127,NM_001025076,CELF2,-2.321291528,6.705624417,-25.19927649,4.37982E-31,1.45835E-27,60.39980975
8099476,NM_001145847,PROM1,-2.331907483,6.481756911,-10.77625744,6.13563E-15,2.30065E-13,23.67806061
8082846,NM_004441,EPHB1,-2.332953873,6.774072376,-9.109464077,2.06414E-12,4.2769E-11,17.87244461
8046160,NM_006063,KLHL41,-2.352099083,4.804805459,-7.849918595,2.00437E-10,2.69764E-09,13.31331083
8106827,NM_032119,GPR98,-2.353250228,5.928937679,-8.112082439,7.66119E-11,1.11835E-09,14.27066921
8100154,NM_001278585,CORIN,-2.364263671,5.538396102,-8.506828211,1.81541E-11,3.056E-10,15.70494776
8141950,NM_005045,RELN,-2.37099947,7.584236623,-9.859477034,1.44857E-13,3.95677E-12,20.52283852
8156919,NM_001018116,MURC,-2.408670931,6.483507782,-14.87286781,1.63352E-20,3.02174E-18,36.47045764
8104022,ENST00000284770,PDLIM3,-2.457754445,5.738434521,-13.60519696,6.90877E-19,7.87813E-17,32.74449846
7985159,NM_004378,CRABP1,-2.522464462,6.925426346,-8.197322473,5.60884E-11,8.48127E-10,14.5811907
8037525,NM_001824,CKM,-2.526232144,5.762034765,-8.952708544,3.62243E-12,7.13705E-11,17.31157987
8113037,NR_024383,LINC00461,-2.534717406,2.627484328,-9.728277716,2.2956E-13,5.98095E-12,20.06342326
8171791,NM_014332,SMPX,-2.536594253,3.633401253,-8.558602199,1.50428E-11,2.58452E-10,15.89229583
8149865,NM_022659,EBF2,-2.544465001,5.040341127,-17.82028201,5.60082E-24,2.42195E-21,44.3799853
8166127,NM_001118885,GLRA2,-2.572302754,4.310373477,-9.961480774,1.01405E-13,2.86871E-12,20.87871237
8156134,NM_001007097,NTRK2,-2.619123704,5.760176477,-10.79626019,5.7331E-15,2.17413E-13,23.7457808
7938975,NM_020346,SLC17A6,-2.63576375,3.517768544,-9.65932151,2.9263E-13,7.40967E-12,19.82121677
8171359,NM_001001995,GPM6B,-2.646403029,6.098997503,-13.91869942,2.68627E-19,3.36258E-17,33.6850547
7973850,NM_004274,AKAP6,-2.652225428,6.433350639,-14.40328044,6.39011E-20,9.85054E-18,35.11405197
7978021,NM_000257,MYH7,-2.655624316,5.837436222,-9.532743249,4.5753E-13,1.09995E-11,19.37530653
7966379,NM_000432,MYL2,-2.656777979,4.109758202,-7.789099073,2.5067E-10,3.28994E-09,13.09078088
7910727,NM_001103,ACTN2,-2.684026125,5.470438673,-8.970522969,3.39775E-12,6.72222E-11,17.3754295
8123739,NM_001278710,NRN1,-2.687457055,5.136367921,-13.26632107,1.945E-18,1.92746E-16,31.71348982
8021245,NM_005215,DCC,-2.709834611,5.570604996,-8.291035169,3.98317E-11,6.18599E-10,14.92209048
7921003,NM_006365,C1orf61,-2.711824656,4.671515585,-10.51265044,1.50735E-14,5.13716E-13,22.78102813
7962516,NM_001077484,SLC38A1,-2.731358014,8.42220343,-14.15181394,1.3414E-19,1.85331E-17,34.37623632
8083233,NM_003412,ZIC1,-2.741237483,4.731307439,-12.3586897,3.34419E-17,2.30065E-15,28.87812182
8043381,NM_198274,SMYD1,-2.743423432,4.2678668,-9.279739507,1.12351E-12,2.48403E-11,18.47911426
8087925,NM_003280,TNNC1,-2.757309922,5.79948568,-9.310382062,1.00733E-12,2.2541E-11,18.58799527
8077366,NM_020873,LRRN1,-2.760162041,6.744701016,-7.584573631,5.32404E-10,6.49595E-09,12.34152031
7961580,NM_001001395,LMO3,-2.798071412,5.541072919,-12.58741235,1.61676E-17,1.22907E-15,29.60281604
8081081,NM_005233,EPHA3,-2.804297768,6.219619293,-12.13379839,6.87865E-17,4.43873E-15,28.15887686
8049542,NM_001137550,LRRFIP1,-2.863480486,4.644115008,-16.12060979,4.94908E-22,1.31832E-19,39.94266051
8088642,NM_015541,LRIG1,-2.922480558,7.135924954,-33.81198999,1.97806E-37,1.80273E-33,74.30896621
8103789,NM_001261447,GPM6A,-3.058715971,5.709849488,-10.79079821,5.84029E-15,2.20481E-13,23.72729393
7918878,NM_001232,CASQ2,-3.067303012,4.788745413,-9.669417695,2.82403E-13,7.18349E-12,19.856711
8121784,NM_001446,FABP7,-3.078381581,5.379007128,-10.58900787,1.16082E-14,4.07288E-13,23.04173641
7987315,NM_005159,ACTC1,-3.087020439,6.18568921,-6.808738294,9.35961E-09,8.76398E-08,9.49463548
8117045,NM_001143941,RBM24,-3.210769377,5.253566768,-13.80374389,3.79279E-19,4.53019E-17,33.34164325
7937039,NM_001005463,EBF3,-3.243065783,6.079469304,-15.76829855,1.30416E-21,3.21663E-19,38.98129368
8117054,NM_006366,CAP2,-3.342443207,6.846126474,-18.81760803,4.6478E-25,2.91996E-22,46.83714851
8058627,NM_001042599,ERBB4,-3.487679267,7.242123619,-12.45905352,2.42899E-17,1.73558E-15,29.196964
