"","gene","symbol","name","locus_group","ensembl_id","gene_type","genomic_position_ucsc_link","p53_expression_score_55_to_57","p53_median_log2fc","p53_bound_tss","p53_bound_enhancer","rfx7_target","cell_cycle_expression_score_0_to_9","cell_cycle_gene_category","dream_target","mmb_foxm1_target","rb_e2f_target","d_np63_expression_score_12_to_14","d_np63_target","potential_d_np63_target","uni_prot_kb_id","p53_expression_score_protein_5_to_5","p53_median_log2fc_protein","mouse_ensembl_id","mouse_genomic_position","mouse_gene_name","mouse_p53_expression_score_13_to_15","mouse_p53_target","locus_type","entrez_id"
"1","CDKN1A","CDKN1A","cyclin dependent kinase inhibitor 1A","protein-coding gene","ENSG00000124762","protein_coding","chr6:36676460-36687337","57","3.19","yes","no","no","4","UNCLEAR","no","no","no","1","no","no","P38936","5","2.45","ENSMUSG00000023067","chr17:29090976-29100727","Cdkn1a","15","yes","gene with protein product","1026"
"2","RRM2B","RRM2B","ribonucleotide reductase regulatory TP53 inducible subunit M2B","protein-coding gene","ENSG00000048392","protein_coding","chr8:102204502-102238961","57","1.66","yes","yes","no","2","-","no","no","no","0","no","no","Q7LG56","5","1.59","ENSMUSG00000022292","chr15:37923952-37961318","Rrm2b","2","no","gene with protein product","50484"
"3","TNFRSF10B","TNFRSF10B","TNF receptor superfamily member 10b","protein-coding gene","ENSG00000120889","protein_coding","chr8:23020133-23069031","57","1.59","yes","yes","no","2","-","no","no","no","-1","no","no","O14763","4","0.78","-","-","-","-","-","gene with protein product","8795"
"4","BTG2","BTG2","BTG anti-proliferation factor 2","protein-coding gene","ENSG00000159388","protein_coding","chr1:203305491-203309602","56","2.61","yes","no","no","3","G1/S","no","no","no","2","no","no","P78543","1","5.31","ENSMUSG00000020423","chr1:134075170-134079120","Btg2","13","yes","gene with protein product","7832"
"5","SESN1","SESN1","sestrin 1","protein-coding gene","ENSG00000080546","protein_coding","chr6:108986437-109094819","56","2.23","yes","no","no","2","-","no","no","no","-1","no","no","-","-","-","ENSMUSG00000038332","chr10:41809935-41908424","Sesn1","0","no","gene with protein product","27244"
"6","PLK3","PLK3","polo like kinase 3","protein-coding gene","ENSG00000173846","protein_coding","chr1:44800377-44805990","56","1.8","yes","no","no","3","G1/S","no","no","no","2","no","no","-","-","-","ENSMUSG00000028680","chr4:117128655-117133963","Plk3","1","no","gene with protein product","1263"
"7","FDXR","FDXR","ferredoxin reductase","protein-coding gene","ENSG00000161513","protein_coding","chr17:74862497-74873031","55","2.34","yes","yes","no","2","-","no","no","no","-2","no","no","-","-","-","-","-","-","-","-","gene with protein product","2232"
"8","CYFIP2","CYFIP2","cytoplasmic FMR1 interacting protein 2","protein-coding gene","ENSG00000055163","protein_coding","chr5:157266079-157395595","55","1.99","yes","yes","no","2","-","no","no","no","-3","no","no","Q96F07","4","0.69","ENSMUSG00000020340","chr11:46193850-46312859","Cyfip2","9","no","gene with protein product","26999"
"9","TIGAR","TIGAR","TP53 induced glycolysis regulatory phosphatase","protein-coding gene","ENSG00000078237","protein_coding","chr12:4307763-4360028","55","1.75","yes","yes","no","1","-","no","no","no","1","no","no","Q9NQ88","5","1.38","ENSMUSG00000038028","chr6:127085116-127109557","Tigar","1","no","gene with protein product","57103"
"10","FBXO22","FBXO22","F-box protein 22","protein-coding gene","ENSG00000167196","protein_coding","chr15:75903876-75942511","55","1.07","yes","yes","no","3","G2/M","no","no","no","3","no","no","Q8NEZ5","5","0.97","ENSMUSG00000032309","chr9:55208925-55224433","Fbxo22","-1","no","gene with protein product","26263"
"11","BLOC1S2","BLOC1S2","biogenesis of lysosomal organelles complex 1 subunit 2","protein-coding gene","ENSG00000196072","protein_coding","chr10:100273280-100286680","55","1.06","yes","yes","no","1","-","no","no","no","5","no","yes","Q6QNY1","4","0.57","ENSMUSG00000057506","chr19:44139246-44146446","Bloc1s2","6","yes","gene with protein product","282991"
"12","ISCU","ISCU","iron-sulfur cluster assembly enzyme","protein-coding gene","ENSG00000136003","protein_coding","chr12:108562582-108569368","55","0.99","yes","no","no","3","G2/M","no","no","no","2","no","no","Q9H1K1","4","0.85","-","-","-","-","-","gene with protein product","23479"
"13","FAS","FAS","Fas cell surface death receptor","protein-coding gene","ENSG00000026103","protein_coding","chr10:88990531-89017059","54","2.08","yes","no","no","2","-","no","no","no","7","no","yes","P25445","4","1.80","ENSMUSG00000024778","chr19:34290666-34327772","Fas","14","yes","gene with protein product","355"
"14","PSTPIP2","PSTPIP2","proline-serine-threonine phosphatase interacting protein 2","protein-coding gene","ENSG00000152229","protein_coding","chr18:45983536-46072272","54","1.47","yes","yes","no","2","-","no","no","no","2","no","no","Q9H939","5","0.96","ENSMUSG00000025429","chr18:77789914-77882879","Pstpip2","-1","no","gene with protein product","9050"
"15","DDB2","DDB2","damage specific DNA binding protein 2","protein-coding gene","ENSG00000134574","protein_coding","chr11:47214465-47239217","54","1.28","yes","yes","no","2","-","no","no","no","4","no","yes","Q92466","5","0.67","ENSMUSG00000002109","chr2:91211572-91236982","Ddb2","-2","no","gene with protein product","1643"
"16","NADSYN1","NADSYN1","NAD synthetase 1","protein-coding gene","ENSG00000172890","protein_coding","chr11:71453109-71524107","54","1.15","yes","yes","no","1","-","no","no","no","0","no","no","Q6IA69","4","0.68","ENSMUSG00000031090","chr7:143795584-143822849","Nadsyn1","-2","no","gene with protein product","55191"
"17","GDF15","GDF15","growth differentiation factor 15","protein-coding gene","ENSG00000130513","protein_coding","chr19:18374731-18389176","53","3.17","yes","yes","no","4","G1/S","no","no","no","-6","no","yes","Q99988","3","3.01","ENSMUSG00000038508","chr8:70629393-70632456","Gdf15","9","yes","gene with protein product","9518"
"18","DNAI3","DNAI3","dynein axonemal intermediate chain 3","protein-coding gene","ENSG00000162643","protein_coding","chr1:84999147-85133138","53","3.13","yes","yes","no","1","-","no","no","no","2","no","no","-","-","-","ENSMUSG00000043020","chr3:146040526-146108130","Wdr63","0","no","gene with protein product","126820"
"19","DGKA","DGKA","diacylglycerol kinase alpha","protein-coding gene","ENSG00000065357","protein_coding","chr12:55927319-55954027","53","1.41","yes","yes","no","1","-","no","no","no","7","no","yes","P23743","5","1.37","-","-","-","-","-","gene with protein product","1606"
"20","SUSD6","SUSD6","sushi domain containing 6","protein-coding gene","ENSG00000100647","protein_coding","chr14:69611596-69715144","53","1.35","yes","yes","no","2","-","no","no","no","-5","no","yes","-","-","-","ENSMUSG00000021133","chr12:80790510-80880835","Susd6","8","yes","gene with protein product","9766"
"21","CCDC90B","CCDC90B","coiled-coil domain containing 90B","protein-coding gene","ENSG00000137500","protein_coding","chr11:83259097-83286407","53","0.88","yes","yes","no","3","G2/M","no","no","no","-5","no","yes","Q9GZT6","4","0.47","ENSMUSG00000030613","chr7:92561149-92582294","Ccdc90b","-1","no","gene with protein product","60492"
"22","TP53I3","TP53I3","tumor protein p53 inducible protein 3","protein-coding gene","ENSG00000115129","protein_coding","chr2:24077433-24085861","52","2.74","yes","yes","no","2","-","no","no","no","-4","no","yes","Q53FA7","5","3.12","-","-","-","-","-","gene with protein product","9540"
"23","EPS8L2","EPS8L2","EPS8 signaling adaptor L2","protein-coding gene","ENSG00000177106","protein_coding","chr11:694438-727727","52","1.6","yes","yes","no","1","-","no","no","no","-3","no","yes","Q9H6S3","5","1.30","ENSMUSG00000025504","chr7:141338880-141363020","Eps8l2","4","no","gene with protein product","64787"
"24","RPS27L","RPS27L","ribosomal protein S27 like","protein-coding gene","ENSG00000185088","protein_coding","chr15:63125872-63158021","52","1.24","yes","yes","no","2","-","no","no","no","-10","no","yes","Q71UM5","2","0.14","ENSMUSG00000036781","chr9:66946086-66949516","Rps27l","6","yes","gene with protein product","51065"
"25","FAM210B","MIMS2","mitochondrial inner membrane scaffold 2","protein-coding gene","ENSG00000124098","protein_coding","chr20:56358974-56368663","52","1.06","yes","yes","no","2","-","no","no","no","-4","no","yes","-","-","-","ENSMUSG00000027495","chr2:172345565-172355749","Fam210b","6","no","gene with protein product","116151"
"26","RETSAT","RETSAT","retinol saturase","protein-coding gene","ENSG00000042445","protein_coding","chr2:85341955-85354531","52","0.88","yes","no","no","1","-","no","no","no","0","no","no","Q6NUM9","4","1.01","ENSMUSG00000056666","chr6:72598475-72608425","Retsat","5","no","gene with protein product","54884"
"27","CMBL","CMBL","carboxymethylenebutenolidase homolog","protein-coding gene","ENSG00000164237","protein_coding","chr5:10275875-10307902","51","1.55","yes","yes","no","1","-","no","no","no","-2","no","no","Q96DG6","4","1.37","ENSMUSG00000022235","chr15:31565389-31590119","Cmbl","1","no","gene with protein product","134147"
"28","GADD45A","GADD45A","growth arrest and DNA damage inducible alpha","protein-coding gene","ENSG00000116717","protein_coding","chr1:67685201-67688334","51","1.52","yes","yes","no","4","UNCLEAR","yes","no","no","1","no","no","-","-","-","ENSMUSG00000036390","chr6:67035096-67037457","Gadd45a","0","no","gene with protein product","1647"
"29","RNF19B","RNF19B","ring finger protein 19B","protein-coding gene","ENSG00000116514","protein_coding","chr1:32936445-32964809","51","1.1","yes","no","no","1","-","no","no","no","6","no","yes","-","-","-","ENSMUSG00000028793","chr4:129058271-129085886","Rnf19b","0","no","gene with protein product","127544"
"30","ANXA4","ANXA4","annexin A4","protein-coding gene","ENSG00000196975","protein_coding","chr2:69644425-69827112","51","1","yes","no","no","1","-","no","no","no","0","no","no","P09525","1","1.32","ENSMUSG00000029994","chr6:86736840-86793584","Anxa4","-2","no","gene with protein product","307"
"31","FBXW7","FBXW7","F-box and WD repeat domain containing 7","protein-coding gene","ENSG00000109670","protein_coding","chr4:152320544-152536092","51","0.89","yes","yes","no","1","-","no","no","no","-1","no","no","-","-","-","ENSMUSG00000028086","chr3:84815268-84979198","Fbxw7","11","yes","gene with protein product","55294"
"32","PHPT1","PHPT1","phosphohistidine phosphatase 1","protein-coding gene","ENSG00000054148","protein_coding","chr9:136848724-136851027","51","0.74","yes","yes","no","1","-","no","no","no","0","no","no","Q9NRX4","5","0.42","ENSMUSG00000036504","chr2:25573430-25575224","Phpt1","1","no","gene with protein product","29085"
"33","SULF2","SULF2","sulfatase 2","protein-coding gene","ENSG00000196562","protein_coding","chr20:47656348-47786616","50","2.22","yes","no","no","2","-","no","no","no","0","no","no","Q8IWU5","1","1.22","ENSMUSG00000006800","chr2:166073089-166155663","Sulf2","13","yes","gene with protein product","55959"
"34","DRAM1","DRAM1","DNA damage regulated autophagy modulator 1","protein-coding gene","ENSG00000136048","protein_coding","chr12:101877580-102012130","50","1.14","yes","yes","no","1","-","no","no","no","1","no","no","-","-","-","ENSMUSG00000020057","chr10:88322804-88379080","Dram1","4","no","gene with protein product","55332"
"35","IKBIP","IKBIP","IKBKB interacting protein","protein-coding gene","ENSG00000166130","protein_coding","chr12:98613405-98645113","50","1.13","yes","yes","no","3","G1/S","no","no","no","6","no","yes","Q70UQ0","4","0.73","-","-","-","-","-","gene with protein product","121457"
"36","ASCC3","ASCC3","activating signal cointegrator 1 complex subunit 3","protein-coding gene","ENSG00000112249","protein_coding","chr6:100508194-100881372","50","0.87","yes","yes","no","3","G1/S","no","no","no","8","yes","yes","Q8N3C0","5","0.65","ENSMUSG00000038774","chr10:50592669-50851485","Ascc3","-3","no","gene with protein product","10973"
"37","PGPEP1","PGPEP1","pyroglutamyl-peptidase I","protein-coding gene","ENSG00000130517","protein_coding","chr19:18340598-18369950","50","0.86","no","yes","no","2","-","no","no","no","-9","no","yes","Q9NXJ5","4","1.11","ENSMUSG00000056204","chr8:70646435-70660388","Pgpep1","3","no","gene with protein product","54858"
"38","STAT3","STAT3","signal transducer and activator of transcription 3","protein-coding gene","ENSG00000168610","protein_coding","chr17:42313324-42388540","50","0.75","yes","yes","no","3","G2/M","no","no","no","-5","no","yes","P40763","3","0.31","ENSMUSG00000004040","chr11:100885098-100939540","Stat3","-2","no","gene with protein product","6774"
"39","PHLDA3","PHLDA3","pleckstrin homology like domain family A member 3","protein-coding gene","ENSG00000174307","protein_coding","chr1:201464278-201469237","49","1.58","yes","yes","no","2","-","no","no","no","2","no","no","Q9Y5J5","4","1.88","ENSMUSG00000041801","chr1:135766119-135769136","Phlda3","11","yes","gene with protein product","23612"
"40","ASTN2","ASTN2","astrotactin 2","protein-coding gene","ENSG00000148219","protein_coding","chr9:116425225-117415070","49","1.3","yes","yes","no","2","-","no","no","no","-6","no","yes","-","-","-","ENSMUSG00000028373","chr4:65380803-66404611","Astn2","2","no","gene with protein product","23245"
"41","PRKX","PRKX","protein kinase cAMP-dependent X-linked catalytic subunit","protein-coding gene","ENSG00000183943","protein_coding","chrX:3604340-3713649","49","0.91","yes","yes","no","1","-","no","no","no","5","no","no","-","-","-","ENSMUSG00000035725","chrX:77761411-77796278","Prkx","-1","no","gene with protein product","5613"
"42","TMEM68","TMEM68","transmembrane protein 68","protein-coding gene","ENSG00000167904","protein_coding","chr8:55696424-55773407","49","0.84","yes","yes","no","2","-","no","no","no","3","no","yes","Q96MH6","1","0.80","ENSMUSG00000028232","chr4:3549041-3574853","Tmem68","3","no","gene with protein product","137695"
"43","NTPCR","NTPCR","nucleoside-triphosphatase, cancer-related","protein-coding gene","ENSG00000135778","protein_coding","chr1:232950605-232983882","49","0.8","yes","no","no","2","-","no","no","no","1","no","no","Q9BSD7","5","0.57","ENSMUSG00000031851","chr8:125729963-125748235","Ntpcr","0","no","gene with protein product","84284"
"44","DCP1B","DCP1B","decapping mRNA 1B","protein-coding gene","ENSG00000151065","protein_coding","chr12:1946053-2004535","49","0.72","yes","yes","no","1","-","no","no","no","-2","no","no","Q8IZD4","4","0.45","ENSMUSG00000041477","chr6:119175253-119221616","Dcp1b","0","no","gene with protein product","196513"
"45","APOBEC3C","APOBEC3C","apolipoprotein B mRNA editing enzyme catalytic subunit 3C","protein-coding gene","ENSG00000244509","protein_coding","chr22:39014257-39020352","48","1.49","yes","yes","no","2","-","no","no","no","4","no","no","Q9NRW3","4","1.14","-","-","-","-","-","gene with protein product","27350"
"46","PIDD1","PIDD1","p53-induced death domain protein 1","protein-coding gene","ENSG00000177595","protein_coding","chr11:799179-809753","48","1.17","yes","yes","no","1","-","no","no","no","-2","no","no","-","-","-","ENSMUSG00000025507","chr7:141438113-141444025","Pidd1","14","yes","gene with protein product","55367"
"47","INPP1","INPP1","inositol polyphosphate-1-phosphatase","protein-coding gene","ENSG00000151689","protein_coding","chr2:190343570-190371665","48","0.98","yes","no","no","0","-","no","no","no","10","yes","yes","P49441","4","0.49","ENSMUSG00000026102","chr1:52785427-52817688","Inpp1","6","no","gene with protein product","3628"
"48","SLC30A1","SLC30A1","solute carrier family 30 member 1","protein-coding gene","ENSG00000170385","protein_coding","chr1:211571568-211579161","48","0.95","yes","no","no","2","-","no","no","no","0","no","no","Q9Y6M5","4","0.59","ENSMUSG00000037434","chr1:191906767-191913247","Slc30a1","-1","no","gene with protein product","7779"
"49","SERTAD1","SERTAD1","SERTA domain containing 1","protein-coding gene","ENSG00000197019","protein_coding","chr19:40421589-40425992","48","0.9","yes","yes","no","2","-","no","no","no","1","no","no","-","-","-","ENSMUSG00000008384","chr7:27486910-27490316","Sertad1","3","no","gene with protein product","29950"
"50","TM7SF3","TM7SF3","transmembrane 7 superfamily member 3","protein-coding gene","ENSG00000064115","protein_coding","chr12:26971579-27014434","48","0.6","yes","no","no","3","G1/S","no","no","no","1","no","no","-","-","-","ENSMUSG00000040234","chr6:146602352-146642824","Tm7sf3","5","no","gene with protein product","51768"
"51","PLCXD2","PLCXD2","phosphatidylinositol specific phospholipase C X domain containing 2","protein-coding gene","ENSG00000240891","protein_coding","chr3:111674676-111846447","47","1.12","yes","no","yes","2","-","no","no","no","1","no","no","-","-","-","ENSMUSG00000087141","chr16:45959263-46010218","Plcxd2","6","no","gene with protein product","257068"
"52","HSPA4L","HSPA4L","heat shock protein family A (Hsp70) member 4 like","protein-coding gene","ENSG00000164070","protein_coding","chr4:127781821-127840733","47","1.04","yes","yes","no","1","-","no","no","no","8","yes","yes","O95757","4","0.85","ENSMUSG00000025757","chr3:40745382-40796103","Hspa4l","-6","no","gene with protein product","22824"
"53","RALGDS","RALGDS","ral guanine nucleotide dissociation stimulator","protein-coding gene","ENSG00000160271","protein_coding","chr9:133097720-133149334","47","0.98","no","yes","no","1","-","no","no","no","1","no","no","-","-","-","-","-","-","-","-","gene with protein product","5900"
"54","TMEM63B","TMEM63B","transmembrane protein 63B","protein-coding gene","ENSG00000137216","protein_coding","chr6:44126914-44155519","47","0.92","yes","no","no","2","-","no","no","no","-1","no","no","Q5T3F8","4","0.78","ENSMUSG00000036026","chr17:45660171-45686905","Tmem63b","15","yes","gene with protein product","55362"
"55","AEN","AEN","apoptosis enhancing nuclease","protein-coding gene","ENSG00000181026","protein_coding","chr15:88621337-88632281","47","0.83","yes","no","no","5","G2/M","yes","no","no","2","no","no","-","-","-","ENSMUSG00000030609","chr7:78895854-78911209","Aen","14","yes","gene with protein product","64782"
"56","LRP10","LRP10","LDL receptor related protein 10","protein-coding gene","ENSG00000197324","protein_coding","chr14:22871740-22881713","47","0.72","yes","no","no","3","G1/S","no","no","no","1","no","no","Q7Z4F1","2","0.91","ENSMUSG00000022175","chr14:54464137-54471497","Lrp10","3","no","gene with protein product","26020"
"57","BAX","BAX","BCL2 associated X, apoptosis regulator","protein-coding gene","ENSG00000087088","protein_coding","chr19:48954815-48961798","46","1","yes","no","no","2","-","no","no","no","-2","no","no","Q07812","5","0.82","ENSMUSG00000003873","chr7:45461697-45466898","Bax","12","yes","gene with protein product","581"
"58","PLXNB2","PLXNB2","plexin B2","protein-coding gene","ENSG00000196576","protein_coding","chr22:50274979-50307646","46","0.79","yes","yes","no","3","G1/S","no","no","no","-9","no","yes","O15031","5","0.49","ENSMUSG00000036606","chr15:89155549-89180788","Plxnb2","8","yes","gene with protein product","23654"
"59","GASK1B","GASK1B","golgi associated kinase 1B","protein-coding gene","ENSG00000164125","protein_coding","chr4:158124474-158173318","45","1.53","yes","yes","no","2","-","no","no","no","0","no","no","-","-","-","ENSMUSG00000027955","chr3:79884533-79946280","Fam198b","4","no","gene with protein product","51313"
"60","CDIP1","CDIP1","cell death inducing p53 target 1","protein-coding gene","ENSG00000089486","protein_coding","chr16:4510669-4538828","45","1.24","yes","yes","no","3","G2/M","no","no","no","3","no","no","-","-","-","ENSMUSG00000004071","chr16:4750348-4790292","Cdip1","7","no","gene with protein product","29965"
"61","CD82","CD82","CD82 molecule","protein-coding gene","ENSG00000085117","protein_coding","chr11:44564427-44620358","45","1.2","yes","yes","no","1","-","no","no","no","5","no","yes","P27701","2","0.43","ENSMUSG00000027215","chr2:93419111-93463140","Cd82","4","no","gene with protein product","3732"
"62","CCNG1","CCNG1","cyclin G1","protein-coding gene","ENSG00000113328","protein_coding","chr5:163437569-163446151","45","0.77","yes","no","no","3","G2/M","no","no","no","-1","no","no","-","-","-","ENSMUSG00000020326","chr11:40748552-40755311","Ccng1","13","yes","gene with protein product","900"
"63","ABCA12","ABCA12","ATP binding cassette subfamily A member 12","protein-coding gene","ENSG00000144452","protein_coding","chr2:214931542-215138626","44","3.37","yes","no","no","2","-","no","no","no","4","no","yes","Q86UK0","1","1.77","ENSMUSG00000050296","chr1:71242276-71414910","Abca12","1","no","gene with protein product","26154"
"64","PGF","PGF","placental growth factor","protein-coding gene","ENSG00000119630","protein_coding","chr14:74941834-74955626","44","1.28","yes","no","no","1","-","no","no","no","5","no","yes","-","-","-","ENSMUSG00000004791","chr12:85166635-85177790","Pgf","7","no","gene with protein product","5228"
"65","PARD6G","PARD6G","par-6 family cell polarity regulator gamma","protein-coding gene","ENSG00000178184","protein_coding","chr18:80157232-80247514","44","1.12","yes","yes","no","3","G1/S","no","no","no","6","no","yes","Q9BYG4","1","1.17","ENSMUSG00000056214","chr18:80046890-80119639","Pard6g","12","yes","gene with protein product","84552"
"66","MAST4","MAST4","microtubule associated serine/threonine kinase family member 4","protein-coding gene","ENSG00000069020","protein_coding","chr5:66596361-67169595","44","1.07","yes","no","no","1","-","no","no","no","8","yes","yes","O15021","1","0.54","ENSMUSG00000034751","chr13:102732486-103334497","Mast4","3","no","gene with protein product","375449"
"67","ARVCF","ARVCF","ARVCF delta catenin family member","protein-coding gene","ENSG00000099889","protein_coding","chr22:19969896-20016823","44","1.06","yes","yes","no","2","-","no","no","no","1","no","no","O00192","4","1.05","-","-","-","-","-","gene with protein product","421"
"68","NINJ1","NINJ1","ninjurin 1","protein-coding gene","ENSG00000131669","protein_coding","chr9:93121496-93134251","44","0.94","yes","yes","no","3","G1/S","no","no","no","-2","no","no","Q92982","2","1.12","ENSMUSG00000037966","chr13:49187485-49196244","Ninj1","11","yes","gene with protein product","4814"
"69","PRKAB1","PRKAB1","protein kinase AMP-activated non-catalytic subunit beta 1","protein-coding gene","ENSG00000111725","protein_coding","chr12:119667864-119681624","44","0.9","yes","yes","no","2","-","no","no","no","0","no","no","Q9Y478","4","0.40","ENSMUSG00000029513","chr5:116013586-116024508","Prkab1","1","no","gene with protein product","5564"
"70","TRAF4","TRAF4","TNF receptor associated factor 4","protein-coding gene","ENSG00000076604","protein_coding","chr17:28744005-28750956","44","0.86","yes","yes","no","1","-","no","no","no","-4","no","yes","-","-","-","ENSMUSG00000017386","chr11:78158499-78165589","Traf4","13","yes","gene with protein product","9618"
"71","PRKAB2","PRKAB2","protein kinase AMP-activated non-catalytic subunit beta 2","protein-coding gene","ENSG00000131791","protein_coding","chr1:147155106-147172550","44","0.69","yes","yes","no","2","-","no","no","no","4","no","yes","O43741","3","0.53","ENSMUSG00000038205","chr3:97658193-97673812","Prkab2","-5","no","gene with protein product","5565"
"72","RABGGTA","RABGGTA","Rab geranylgeranyltransferase subunit alpha","protein-coding gene","ENSG00000100949","protein_coding","chr14:24265538-24271739","44","0.59","yes","no","no","1","-","no","no","no","3","no","yes","Q92696","3","0.45","ENSMUSG00000040472","chr14:55715416-55722263","Rabggta","1","no","gene with protein product","5875"
"73","ORAI3","ORAI3","ORAI calcium release-activated calcium modulator 3","protein-coding gene","ENSG00000175938","protein_coding","chr16:30949068-30956461","43","1.15","yes","no","no","2","-","no","no","no","-3","no","yes","-","-","-","ENSMUSG00000043964","chr7:127769815-127775150","Orai3","4","no","gene with protein product","93129"
"74","ATF3","ATF3","activating transcription factor 3","protein-coding gene","ENSG00000162772","protein_coding","chr1:212565334-212620777","43","1.08","yes","yes","no","3","G1/S","no","no","no","1","no","no","-","-","-","ENSMUSG00000026628","chr1:191170296-191218039","Atf3","3","no","gene with protein product","467"
"75","PLK2","PLK2","polo like kinase 2","protein-coding gene","ENSG00000145632","protein_coding","chr5:58453982-58460139","43","1.06","yes","no","no","4","G2/M","no","no","no","-2","no","no","-","-","-","ENSMUSG00000021701","chr13:110395046-110400844","Plk2","8","yes","gene with protein product","10769"
"76","LIF","LIF","LIF interleukin 6 family cytokine","protein-coding gene","ENSG00000128342","protein_coding","chr22:30240453-30246759","43","0.99","yes","no","no","2","-","no","no","no","-2","no","no","-","-","-","ENSMUSG00000034394","chr11:4257557-4272514","Lif","11","yes","gene with protein product","3976"
"77","RTL5","RTL5","retrotransposon Gag like 5","protein-coding gene","ENSG00000242732","protein_coding","chrX:72127110-72131901","43","0.99","no","yes","no","1","-","no","no","no","-1","no","no","-","-","-","ENSMUSG00000049191","chrX:102066544-102071304","Rgag4","0","no","gene with protein product","340526"
"78","EPHA2","EPHA2","EPH receptor A2","protein-coding gene","ENSG00000142627","protein_coding","chr1:16124337-16156069","43","0.91","no","yes","no","3","G1/S","no","no","no","0","no","no","P29317","3","0.63","ENSMUSG00000006445","chr4:141301240-141329384","Epha2","11","yes","gene with protein product","1969"
"79","CEP85L","CEP85L","centrosomal protein 85L","protein-coding gene","ENSG00000111860","protein_coding","chr6:118460772-118710075","43","0.89","yes","yes","no","1","-","no","no","no","-1","no","no","-","-","-","ENSMUSG00000038594","chr10:53273443-53379947","Cep85l","0","no","gene with protein product","387119"
"80","PVT1","PVT1","Pvt1 oncogene","non-coding RNA","ENSG00000249859","lncRNA","chr8:127794526-128187101","43","0.87","yes","yes","no","2","-","no","no","no","-","-","-","-","-","-","-","-","-","-","-","RNA, long non-coding","5820"
"81","FADS3","FADS3","fatty acid desaturase 3","protein-coding gene","ENSG00000221968","protein_coding","chr11:61873519-61892051","43","0.77","yes","no","no","2","-","no","no","no","4","no","yes","Q9Y5Q0","1","0.70","ENSMUSG00000024664","chr19:10041569-10060110","Fads3","-4","no","gene with protein product","3995"
"82","SLC4A11","SLC4A11","solute carrier family 4 member 11","protein-coding gene","ENSG00000088836","protein_coding","chr20:3227417-3239559","43","0.66","yes","no","no","2","-","no","no","no","2","no","no","-","-","-","ENSMUSG00000074796","chr2:130684113-130697519","Slc4a11","13","yes","gene with protein product","83959"
"83","YBX3","YBX3","Y-box binding protein 3","protein-coding gene","ENSG00000060138","protein_coding","chr12:10699089-10723323","43","0.53","yes","no","no","2","-","no","no","no","3","no","yes","P16989","2","0.21","ENSMUSG00000030189","chr6:131364855-131388476","Ybx3","-2","no","gene with protein product","8531"
"84","NECTIN4","NECTIN4","nectin cell adhesion molecule 4","protein-coding gene","ENSG00000143217","protein_coding","chr1:161070998-161089558","42","2.97","yes","no","no","2","-","no","no","no","-3","no","yes","Q96NY8","0","0.21","ENSMUSG00000006411","chr1:171370099-171388598","Pvrl4","5","no","gene with protein product","81607"
"85","ELAPOR1","ELAPOR1","endosome-lysosome associated apoptosis and autophagy regulator 1","protein-coding gene","ENSG00000116299","protein_coding","chr1:109113679-109206781","42","1.2","yes","yes","no","1","-","no","no","no","0","no","no","Q6UXG2","-1","-0.26","ENSMUSG00000040412","chr3:108455694-108536536","5330417C22Rik","2","no","gene with protein product","57535"
"86","ZNF385A","ZNF385A","zinc finger protein 385A","protein-coding gene","ENSG00000161642","protein_coding","chr12:54369133-54391298","42","0.95","yes","yes","no","1","-","no","no","no","7","no","yes","Q96PM9","3","0.50","-","-","-","-","-","gene with protein product","25946"
"87","TMBIM1","TMBIM1","transmembrane BAX inhibitor motif containing 1","protein-coding gene","ENSG00000135926","protein_coding","chr2:218274197-218292586","42","0.54","yes","yes","no","1","-","no","no","no","4","no","yes","-","-","-","ENSMUSG00000006301","chr1:74288247-74305622","Tmbim1","10","yes","gene with protein product","64114"
"88","GBE1","GBE1","1,4-alpha-glucan branching enzyme 1","protein-coding gene","ENSG00000114480","protein_coding","chr3:81489703-81761645","42","0.52","yes","yes","no","2","-","no","no","no","-5","no","yes","Q04446","5","0.71","ENSMUSG00000022707","chr16:70313949-70569716","Gbe1","0","no","gene with protein product","2632"
"89","TAB3","TAB3","TGF-beta activated kinase 1 (MAP3K7) binding protein 3","protein-coding gene","ENSG00000157625","protein_coding","chrX:30827442-30975084","42","0.49","no","yes","no","2","-","no","no","no","4","no","yes","-","-","-","ENSMUSG00000035476","chrX:85574022-85634469","Tab3","0","no","gene with protein product","257397"
"90","ABHD4","ABHD4","abhydrolase domain containing 4, N-acyl phospholipase B","protein-coding gene","ENSG00000100439","protein_coding","chr14:22598237-22613215","41","0.95","no","yes","no","4","G1/S","no","no","no","-3","no","yes","-","-","-","ENSMUSG00000040997","chr14:54254188-54270637","Abhd4","14","yes","gene with protein product","63874"
"91","CSF1","CSF1","colony stimulating factor 1","protein-coding gene","ENSG00000184371","protein_coding","chr1:109910242-109930992","41","0.94","yes","yes","no","1","-","no","no","no","-1","no","no","-","-","-","ENSMUSG00000014599","chr3:107741048-107760469","Csf1","5","no","gene with protein product","1435"
"92","PI4K2A","PI4K2A","phosphatidylinositol 4-kinase type 2 alpha","protein-coding gene","ENSG00000155252","protein_coding","chr10:97640686-97676434","41","0.72","no","yes","yes","2","-","no","no","no","4","no","yes","Q9BTU6","4","0.50","ENSMUSG00000025178","chr19:42090470-42122087","Pi4k2a","-1","no","gene with protein product","55361"
"93","EML2","EML2","EMAP like 2","protein-coding gene","ENSG00000125746","protein_coding","chr19:45606994-45645602","41","0.6","yes","yes","no","2","-","no","no","no","-2","no","no","O95834","3","0.51","ENSMUSG00000040811","chr7:19176421-19206482","Eml2","-2","no","gene with protein product","24139"
"94","STK17A","STK17A","serine/threonine kinase 17a","protein-coding gene","ENSG00000164543","protein_coding","chr7:43582758-43650713","41","0.57","no","yes","no","3","G2/M","no","no","no","11","yes","yes","-","-","-","-","-","-","-","-","gene with protein product","9263"
"95","HES2","HES2","hes family bHLH transcription factor 2","protein-coding gene","ENSG00000069812","protein_coding","chr1:6412418-6424670","40","2.48","yes","no","no","0","-","no","no","no","4","no","yes","-","-","-","ENSMUSG00000028940","chr4:152158867-152162469","Hes2","3","no","gene with protein product","54626"
"96","RRAD","RRAD","RRAD, Ras related glycolysis inhibitor and calcium channel regulator","protein-coding gene","ENSG00000166592","protein_coding","chr16:66921679-66925536","40","2.01","yes","yes","no","2","-","no","no","no","4","no","yes","-","-","-","ENSMUSG00000031880","chr8:104628070-104631327","Rrad","5","no","gene with protein product","6236"
"97","EDA2R","EDA2R","ectodysplasin A2 receptor","protein-coding gene","ENSG00000131080","protein_coding","chrX:66595637-66639298","40","1.86","yes","yes","no","2","-","no","no","no","0","no","no","-","-","-","ENSMUSG00000034457","chrX:97333840-97377216","Eda2r","13","yes","gene with protein product","60401"
"98","MR1","MR1","major histocompatibility complex, class I-related","protein-coding gene","ENSG00000153029","protein_coding","chr1:181033425-181061938","40","0.91","no","yes","no","2","-","no","no","no","-7","no","yes","-","-","-","ENSMUSG00000026471","chr1:155127277-155146814","Mr1","-1","no","gene with protein product","3140"
"99","LRP1","LRP1","LDL receptor related protein 1","protein-coding gene","ENSG00000123384","protein_coding","chr12:57128483-57213361","40","0.84","yes","yes","no","0","-","no","no","no","-2","no","no","Q07954","2","0.71","ENSMUSG00000040249","chr10:127538161-127621148","Lrp1","-1","no","gene with protein product","4035"
"100","PTPRU","PTPRU","protein tyrosine phosphatase receptor type U","protein-coding gene","ENSG00000060656","protein_coding","chr1:29236516-29326813","40","0.79","no","yes","no","1","-","no","no","no","-1","no","no","-","-","-","ENSMUSG00000028909","chr4:131768457-131838288","Ptpru","3","no","gene with protein product","10076"
"101","ZNF219","ZNF219","zinc finger protein 219","protein-coding gene","ENSG00000165804","protein_coding","chr14:21090077-21104722","40","0.77","yes","no","no","1","-","no","no","no","7","no","yes","-","-","-","ENSMUSG00000049295","chr14:52006077-52020733","Zfp219","12","yes","gene with protein product","51222"
"102","KDM4B","KDM4B","lysine demethylase 4B","protein-coding gene","ENSG00000127663","protein_coding","chr19:4969113-5153598","40","0.73","no","yes","no","3","G2/M","no","no","no","-7","no","yes","-","-","-","ENSMUSG00000024201","chr17:56326062-56402870","Kdm4b","-1","no","gene with protein product","23030"
"103","BTBD10","BTBD10","BTB domain containing 10","protein-coding gene","ENSG00000148925","protein_coding","chr11:13388008-13463297","40","0.66","yes","yes","no","1","-","no","no","no","8","yes","yes","-","-","-","ENSMUSG00000038187","chr7:113315626-113369392","Btbd10","3","no","gene with protein product","84280"
"104","DUSP14","DUSP14","dual specificity phosphatase 14","protein-coding gene","ENSG00000276023","protein_coding","chr17:37489891-37513501","40","0.66","yes","no","no","3","G1/S","no","no","no","3","no","no","-","-","-","ENSMUSG00000018648","chr11:84048041-84069261","Dusp14","5","no","gene with protein product","11072"
"105","IER5","IER5","immediate early response 5","protein-coding gene","ENSG00000162783","protein_coding","chr1:181088700-181092900","40","0.64","yes","no","no","3","G2/M","no","no","no","2","no","no","-","-","-","ENSMUSG00000056708","chr1:155096361-155099636","Ier5","4","no","gene with protein product","51278"
"106","GRN","GRN","granulin precursor","protein-coding gene","ENSG00000030582","protein_coding","chr17:44345246-44353106","40","0.54","yes","yes","no","1","-","no","no","no","-2","no","no","P28799","3","0.54","ENSMUSG00000034708","chr11:102430315-102437048","Grn","3","no","gene with protein product","2896"
"107","ACTA2","ACTA2","actin alpha 2, smooth muscle","protein-coding gene","ENSG00000107796","protein_coding","chr10:88935074-88991339","39","1.98","yes","yes","no","2","-","no","no","no","-3","no","yes","-","-","-","ENSMUSG00000035783","chr19:34241090-34255590","Acta2","-6","no","gene with protein product","59"
"108","VWCE","VWCE","von Willebrand factor C and EGF domains","protein-coding gene","ENSG00000167992","protein_coding","chr11:61258286-61295316","39","1.47","yes","no","no","1","-","no","no","no","2","no","no","-","-","-","ENSMUSG00000043789","chr19:10634213-10666213","Vwce","4","no","gene with protein product","220001"
"109","SUGCT","SUGCT","succinyl-CoA:glutarate-CoA transferase","protein-coding gene","ENSG00000175600","protein_coding","chr7:40135005-40860763","39","1.29","yes","no","no","1","-","no","no","no","4","no","no","-","-","-","ENSMUSG00000055137","chr13:16857472-17695553","Sugct","0","no","gene with protein product","79783"
"110","RPL23AP82","RPL23AP82","ribosomal protein L23a pseudogene 82","pseudogene","ENSG00000184319","transcribed_unprocessed_pseudogene","chr22:50756948-50801309","39","0.88","yes","no","no","1","-","no","no","no","-","-","-","-","-","-","-","-","-","-","-","pseudogene","284942"
"111","ITGA3","ITGA3","integrin subunit alpha 3","protein-coding gene","ENSG00000005884","protein_coding","chr17:50055968-50090481","39","0.69","yes","yes","no","2","-","no","no","no","2","no","no","P26006","5","0.69","ENSMUSG00000001507","chr11:95044474-95076801","Itga3","5","no","gene with protein product","3675"
"112","CERS5","CERS5","ceramide synthase 5","protein-coding gene","ENSG00000139624","protein_coding","chr12:50129289-50167533","39","0.59","no","yes","no","2","-","no","no","no","-3","no","yes","-","-","-","ENSMUSG00000023021","chr15:99734881-99772885","Cers5","3","no","gene with protein product","91012"
"113","BCL2L1","BCL2L1","BCL2 like 1","protein-coding gene","ENSG00000171552","protein_coding","chr20:31664452-31723989","39","0.56","no","yes","no","0","-","no","no","no","0","no","no","Q07817","5","0.77","ENSMUSG00000007659","chr2:152780668-152831728","Bcl2l1","7","no","gene with protein product","598"
"114","RAP2B","RAP2B","RAP2B, member of RAS oncogene family","protein-coding gene","ENSG00000181467","protein_coding","chr3:153162226-153170627","39","0.54","yes","yes","no","3","G2/M","no","no","no","3","no","yes","P61225","5","0.70","ENSMUSG00000036894","chr3:61361638-61368430","Rap2b","11","yes","gene with protein product","5912"
"115","DDR1","DDR1","discoidin domain receptor tyrosine kinase 1","protein-coding gene","ENSG00000204580","protein_coding","chr6:30876421-30900156","39","0.54","yes","yes","no","2","-","no","no","no","-1","no","no","-","-","-","ENSMUSG00000003534","chr17:35681567-35704621","Ddr1","9","yes","gene with protein product","780"
"116","S100A6","S100A6","S100 calcium binding protein A6","protein-coding gene","ENSG00000197956","protein_coding","chr1:153534599-153536244","39","0.5","no","yes","no","1","-","no","no","no","-4","no","yes","P06703","3","0.59","ENSMUSG00000001025","chr3:90612882-90624181","S100a6","2","no","gene with protein product","6277"
"117","UNC5B-AS1","UNC5B-AS1","UNC5B antisense RNA 1","non-coding RNA","ENSG00000237512","lncRNA","chr10:71217224-71218228","38","3.4","yes","yes","no","2","-","no","no","no","1","no","no","-","-","-","-","-","-","-","-","RNA, long non-coding","728978"
"118","CDC42BPG","CDC42BPG","CDC42 binding protein kinase gamma","protein-coding gene","ENSG00000171219","protein_coding","chr11:64823052-64844653","38","1.14","yes","no","no","1","-","no","no","no","-4","no","yes","Q6DT37","4","1.14","ENSMUSG00000024769","chr19:6306456-6325652","Cdc42bpg","14","yes","gene with protein product","55561"
"119","MAMDC4","MAMDC4","MAM domain containing 4","protein-coding gene","ENSG00000177943","protein_coding","chr9:136850943-136860799","38","1.05","yes","no","no","2","-","no","no","no","1","no","no","-","-","-","ENSMUSG00000026941","chr2:25563115-25574845","Mamdc4","0","no","gene with protein product","158056"
"120","PANK1","PANK1","pantothenate kinase 1","protein-coding gene","ENSG00000152782","protein_coding","chr10:89579497-89645572","38","0.87","yes","yes","no","1","-","no","no","no","-1","no","no","-","-","-","ENSMUSG00000033610","chr19:34806940-34879455","Pank1","-6","no","gene with protein product","53354"
"121","TGFA","TGFA","transforming growth factor alpha","protein-coding gene","ENSG00000163235","protein_coding","chr2:70447284-70554193","38","0.79","no","yes","no","4","UNCLEAR","no","no","no","7","no","yes","-","-","-","ENSMUSG00000029999","chr6:86195223-86275719","Tgfa","7","no","gene with protein product","7039"
"122","MCC","MCC","MCC regulator of Wnt signaling pathway","protein-coding gene","ENSG00000171444","protein_coding","chr5:113022099-113488823","38","0.74","yes","yes","no","1","-","no","no","no","5","no","yes","P23508","3","0.63","ENSMUSG00000071856","chr18:44425060-44812182","Mcc","0","no","gene with protein product","4163"
"123","SDC1","SDC1","syndecan 1","protein-coding gene","ENSG00000115884","protein_coding","chr2:20200797-20225433","38","0.71","no","yes","no","6","G1/S","no","no","no","11","yes","yes","P18827","1","-0.07","ENSMUSG00000020592","chr12:8771323-8793715","Sdc1","9","yes","gene with protein product","6382"
"124","TSKU","TSKU","tsukushi, small leucine rich proteoglycan","protein-coding gene","ENSG00000182704","protein_coding","chr11:76782251-76798153","38","0.61","yes","yes","no","3","G1/S","no","no","no","3","no","yes","-","-","-","ENSMUSG00000049580","chr7:98350668-98361328","Tsku","6","yes","gene with protein product","25987"
"125","CPEB4","CPEB4","cytoplasmic polyadenylation element binding protein 4","protein-coding gene","ENSG00000113742","protein_coding","chr5:173888349-173961980","38","0.55","no","yes","no","2","-","no","no","no","-1","no","no","Q17RY0","2","0.73","ENSMUSG00000020300","chr11:31872211-31935634","Cpeb4","3","no","gene with protein product","80315"
"126","PNPO","PNPO","pyridoxamine 5'-phosphate oxidase","protein-coding gene","ENSG00000108439","protein_coding","chr17:47941506-47949308","38","0.51","yes","no","no","1","-","no","no","no","4","no","no","Q9NVS9","4","0.39","ENSMUSG00000018659","chr11:96937825-96943986","Pnpo","1","no","gene with protein product","55163"
"127","CFLAR","CFLAR","CASP8 and FADD like apoptosis regulator","protein-coding gene","ENSG00000003402","protein_coding","chr2:201116154-201176687","38","0.5","yes","yes","no","3","G2/M","yes","no","no","4","no","yes","-","-","-","ENSMUSG00000026031","chr1:58711508-58758884","Cflar","4","no","gene with protein product","8837"
"128","SERPINE1","SERPINE1","serpin family E member 1","protein-coding gene","ENSG00000106366","protein_coding","chr7:101127104-101139247","37","1.37","yes","yes","no","2","-","no","no","no","4","no","yes","P05121","3","1.45","ENSMUSG00000037411","chr5:137061504-137072268","Serpine1","0","no","gene with protein product","5054"
"129","ZNF561-AS1","ZNF561-AS1","ZNF561 antisense RNA 1","non-coding RNA","ENSG00000267106","lncRNA","chr19:9621249-9647203","37","1.03","yes","yes","no","1","-","no","no","no","-","-","-","-","-","-","-","-","-","-","-","RNA, long non-coding","284385"
"130","SYTL1","SYTL1","synaptotagmin like 1","protein-coding gene","ENSG00000142765","protein_coding","chr1:27342020-27353937","37","0.91","yes","yes","no","2","-","no","no","no","-1","no","no","Q8IYJ3","2","0.86","ENSMUSG00000028860","chr4:133253090-133263113","Sytl1","15","yes","gene with protein product","84958"
"131","SEMA3B","SEMA3B","semaphorin 3B","protein-coding gene","ENSG00000012171","protein_coding","chr3:50267558-50277546","37","0.85","yes","yes","no","2","-","no","no","no","1","no","no","-","-","-","ENSMUSG00000057969","chr9:107597674-107609229","Sema3b","0","no","gene with protein product","7869"
"132","CPEB2","CPEB2","cytoplasmic polyadenylation element binding protein 2","protein-coding gene","ENSG00000137449","protein_coding","chr4:15002481-15070153","37","0.65","yes","no","no","2","-","no","no","no","-1","no","no","-","-","-","ENSMUSG00000039782","chr5:43233170-43289724","Cpeb2","5","yes","gene with protein product","132864"
"133","NDUFAF8","NDUFAF8","NADH:ubiquinone oxidoreductase complex assembly factor 8","protein-coding gene","ENSG00000224877","protein_coding","chr17:81239305-81241310","37","0.64","yes","yes","no","2","-","no","no","no","-1","no","no","A1L188","0","0.16","ENSMUSG00000078572","chr11:120098928-120100705","1810043H04Rik","0","no","gene with protein product","284184"
"134","OSBPL3","OSBPL3","oxysterol binding protein like 3","protein-coding gene","ENSG00000070882","protein_coding","chr7:24796540-24981634","37","0.59","yes","yes","no","3","G2/M","no","no","no","2","no","no","Q9H4L5","4","0.52","ENSMUSG00000029822","chr6:50293330-50456201","Osbpl3","1","no","gene with protein product","26031"
"135","NABP1","NABP1","nucleic acid binding protein 1","protein-coding gene","ENSG00000173559","protein_coding","chr2:191678068-191741097","37","0.58","no","yes","no","2","-","no","no","no","4","no","yes","-","-","-","ENSMUSG00000026107","chr1:51465862-51478425","Nabp1","5","yes","gene with protein product","64859"
"136","AMZ2","AMZ2","archaelysin family metallopeptidase 2","protein-coding gene","ENSG00000196704","protein_coding","chr17:68206076-68257712","37","0.48","yes","no","no","2","-","no","no","no","3","no","no","-","-","-","ENSMUSG00000020610","chr11:109425946-109452813","Amz2","-2","no","gene with protein product","51321"
"137","GAA","GAA","alpha glucosidase","protein-coding gene","ENSG00000171298","protein_coding","chr17:80101556-80119881","37","0.44","yes","no","no","2","-","no","no","no","-5","no","yes","P10253","4","0.46","ENSMUSG00000025579","chr11:119267887-119285454","Gaa","4","no","gene with protein product","2548"
"138","ZFP90","ZFP90","ZFP90 zinc finger protein","protein-coding gene","ENSG00000184939","protein_coding","chr16:68530090-68576072","37","0.44","no","yes","no","1","-","no","no","no","1","no","no","-","-","-","ENSMUSG00000031907","chr8:106415327-106426598","Zfp90","-4","no","gene with protein product","146198"
"139","GRHL3","GRHL3","grainyhead like transcription factor 3","protein-coding gene","ENSG00000158055","protein_coding","chr1:24319357-24364482","36","2.52","yes","no","no","2","-","no","no","no","0","no","no","-","-","-","ENSMUSG00000037188","chr4:135541888-135573630","Grhl3","11","yes","gene with protein product","57822"
"140","FAM13C","FAM13C","family with sequence similarity 13 member C","protein-coding gene","ENSG00000148541","protein_coding","chr10:59246130-59363181","36","2.17","yes","yes","no","1","-","no","no","no","2","no","no","-","-","-","ENSMUSG00000043259","chr10:70440481-70558736","Fam13c","0","no","gene with protein product","220965"
"141","SFN","SFN","stratifin","protein-coding gene","ENSG00000175793","protein_coding","chr1:26863149-26864456","36","1.29","yes","yes","no","2","-","no","no","no","11","yes","yes","P31947","5","0.82","ENSMUSG00000047281","chr4:133600556-133602168","Sfn","5","no","gene with protein product","2810"
"142","KRT15","KRT15","keratin 15","protein-coding gene","ENSG00000171346","protein_coding","chr17:41513745-41522529","36","1.02","no","yes","no","2","-","no","no","no","0","no","no","-","-","-","ENSMUSG00000054146","chr11:100131758-100135928","Krt15","2","no","gene with protein product","3866"
"143","GPC1","GPC1","glypican 1","protein-coding gene","ENSG00000063660","protein_coding","chr2:240435663-240468076","36","0.86","yes","yes","no","1","-","no","no","no","5","no","yes","P35052","4","0.65","ENSMUSG00000034220","chr1:92831645-92860779","Gpc1","4","no","gene with protein product","2817"
"144","CASTOR3","CASTOR3P","CASTOR family member 3, pseudogene","pseudogene","ENSG00000239521","transcribed_unprocessed_pseudogene","chr7:100200653-100272218","36","0.71","yes","no","no","1","-","no","no","no","0","no","no","-","-","-","-","-","-","-","-","pseudogene","352954"
"145","MICALL1","MICALL1","MICAL like 1","protein-coding gene","ENSG00000100139","protein_coding","chr22:37905657-37942822","36","0.67","yes","yes","no","2","-","no","no","no","6","no","yes","Q8N3F8","4","0.97","ENSMUSG00000033039","chr15:79108898-79136900","Micall1","10","no","gene with protein product","85377"
"146","MARCHF2","MARCHF2","membrane associated ring-CH-type finger 2","protein-coding gene","ENSG00000099785","protein_coding","chr19:8413270-8439017","36","0.66","yes","yes","no","2","-","no","no","no","-3","no","no","-","-","-","ENSMUSG00000079557","chr17:33685692-33718670","March2","7","no","gene with protein product","51257"
"147","APAF1","APAF1","apoptotic peptidase activating factor 1","protein-coding gene","ENSG00000120868","protein_coding","chr12:98645290-98735433","36","0.65","yes","no","no","1","-","no","no","no","3","no","yes","O14727","1","0.50","-","-","-","-","-","gene with protein product","317"
"148","TRIM5","TRIM5","tripartite motif containing 5","protein-coding gene","ENSG00000132256","protein_coding","chr11:5663195-5938619","36","0.63","no","yes","no","2","-","no","no","no","-3","no","yes","Q9C035","2","0.31","-","-","-","-","-","gene with protein product","85363"
"149","ARHGEF3","ARHGEF3","Rho guanine nucleotide exchange factor 3","protein-coding gene","ENSG00000163947","protein_coding","chr3:56727418-57079329","36","0.63","no","yes","no","2","-","no","no","no","3","no","yes","-","-","-","ENSMUSG00000021895","chr14:27114899-27403911","Arhgef3","3","no","gene with protein product","50650"
"150","MMP14","MMP14","matrix metallopeptidase 14","protein-coding gene","ENSG00000157227","protein_coding","chr14:22836560-22849027","36","0.6","yes","yes","no","1","-","no","no","no","8","yes","yes","P50281","2","0.39","ENSMUSG00000000957","chr14:54431612-54445364","Mmp14","0","no","gene with protein product","4323"
"151","JAG1","JAG1","jagged canonical Notch ligand 1","protein-coding gene","ENSG00000101384","protein_coding","chr20:10637684-10673999","36","0.58","no","yes","no","1","-","no","no","no","8","yes","yes","-","-","-","ENSMUSG00000027276","chr2:137081456-137116644","Jag1","0","no","gene with protein product","182"
"152","SLFN5","SLFN5","schlafen family member 5","protein-coding gene","ENSG00000166750","protein_coding","chr17:35243071-35273655","36","0.55","no","yes","no","3","G1/S","no","no","no","3","no","yes","Q08AF3","1","0.35","ENSMUSG00000054404","chr11:82951349-82964840","Slfn5","0","no","gene with protein product","162394"
"153","GOLGB1","GOLGB1","golgin B1","protein-coding gene","ENSG00000173230","protein_coding","chr3:121663199-121749767","36","0.45","yes","no","no","1","-","no","no","no","-1","no","no","Q14789","3","0.38","ENSMUSG00000034243","chr16:36875140-36933085","Golgb1","2","no","gene with protein product","2804"
"154","UQCC1","UQCC1","ubiquinol-cytochrome c reductase complex assembly factor 1","protein-coding gene","ENSG00000101019","protein_coding","chr20:35302566-35412031","36","0.44","yes","yes","no","1","-","no","no","no","-5","no","yes","Q9NVA1","0","0.17","ENSMUSG00000005882","chr2:155846894-155930310","Uqcc1","-1","no","gene with protein product","55245"
"155","PSAP","PSAP","prosaposin","protein-coding gene","ENSG00000197746","protein_coding","chr10:71816298-71851325","36","0.42","no","yes","no","3","G1/S","no","no","no","-6","no","yes","P07602","3","0.40","ENSMUSG00000004207","chr10:60277627-60302597","Psap","1","no","gene with protein product","5660"
"156","ATP6V1A","ATP6V1A","ATPase H+ transporting V1 subunit A","protein-coding gene","ENSG00000114573","protein_coding","chr3:113747033-113812056","36","0.37","no","yes","no","2","-","no","no","no","-2","no","no","P38606","2","0.34","ENSMUSG00000052459","chr16:44085402-44139705","Atp6v1a","2","no","gene with protein product","523"
"157","TNFRSF10C","TNFRSF10C","TNF receptor superfamily member 10c","protein-coding gene","ENSG00000173535","protein_coding","chr8:23102921-23117445","35","2.34","yes","yes","no","2","-","no","no","no","-1","no","no","O14798","3","3.47","-","-","-","-","-","gene with protein product","8794"
"158","SCN2A","SCN2A","sodium voltage-gated channel alpha subunit 2","protein-coding gene","ENSG00000136531","protein_coding","chr2:165194993-165392310","35","1.82","yes","no","no","1","-","no","no","no","2","no","no","-","-","-","ENSMUSG00000075318","chr2:65620771-65767447","Scn2a1","-1","no","gene with protein product","6326"
"159","ANK1","ANK1","ankyrin 1","protein-coding gene","ENSG00000029534","protein_coding","chr8:41653220-41896762","35","1.19","no","yes","no","1","-","no","no","no","5","no","no","P16157","1","1.39","ENSMUSG00000031543","chr8:22974844-23150497","Ank1","0","no","gene with protein product","286"
"160","MKNK2","MKNK2","MAPK interacting serine/threonine kinase 2","protein-coding gene","ENSG00000099875","protein_coding","chr19:2037465-2051244","35","0.54","no","yes","no","5","G2/M","no","no","no","-1","no","no","Q9HBH9","2","1.35","ENSMUSG00000020190","chr10:80665327-80678112","Mknk2","4","no","gene with protein product","2872"
"161","RHOC","RHOC","ras homolog family member C","protein-coding gene","ENSG00000155366","protein_coding","chr1:112701127-112707434","35","0.52","yes","yes","no","1","-","no","no","no","4","no","no","P08134","2","0.23","ENSMUSG00000002233","chr3:104788375-104794459","Rhoc","-2","no","gene with protein product","389"
"162","DNAJB2","DNAJB2","DnaJ heat shock protein family (Hsp40) member B2","protein-coding gene","ENSG00000135924","protein_coding","chr2:219279342-219286898","35","0.5","yes","no","no","1","-","no","no","no","-4","no","yes","P25686","4","0.79","ENSMUSG00000026203","chr1:75236406-75245692","Dnajb2","6","no","gene with protein product","3300"
"163","REV3L","REV3L","REV3 like, DNA directed polymerase zeta catalytic subunit","protein-coding gene","ENSG00000009413","protein_coding","chr6:111299028-111483715","35","0.48","yes","yes","yes","1","-","no","no","no","0","no","no","-","-","-","ENSMUSG00000019841","chr10:39732118-39875211","Rev3l","-1","no","gene with protein product","5980"
"164","METTL8","METTL8","methyltransferase 8, tRNA N3-cytidine","protein-coding gene","ENSG00000123600","protein_coding","chr2:171317405-171434802","35","0.44","yes","yes","no","2","-","no","no","no","4","no","yes","Q9H825","2","0.69","ENSMUSG00000041975","chr2:70964561-71055583","Mettl8","-2","no","gene with protein product","79828"
"165","CYP4F3","CYP4F3","cytochrome P450 family 4 subfamily F member 3","protein-coding gene","ENSG00000186529","protein_coding","chr19:15640897-15662825","34","2.53","yes","no","no","1","-","no","no","no","-5","no","yes","-","-","-","ENSMUSG00000003484","chr8:71988482-72009626","Cyp4f18","0","no","gene with protein product","4051"
"166","CYSRT1","CYSRT1","cysteine rich tail 1","protein-coding gene","ENSG00000197191","protein_coding","chr9:137224635-137226315","34","1.63","yes","yes","no","1","-","no","no","no","3","no","yes","A8MQ03","2","1.27","ENSMUSG00000036731","chr2:25238818-25242452","Cysrt1","2","no","gene with protein product","375791"
"167","CROT","CROT","carnitine O-octanoyltransferase","protein-coding gene","ENSG00000005469","protein_coding","chr7:87345664-87399794","34","0.93","yes","no","no","2","-","no","no","no","2","no","no","Q9UKG9","2","0.69","ENSMUSG00000003623","chr5:8966033-8997324","Crot","7","no","gene with protein product","54677"
"168","AHNAK2","AHNAK2","AHNAK nucleoprotein 2","protein-coding gene","ENSG00000185567","protein_coding","chr14:104937244-104978374","34","0.88","no","yes","no","2","-","no","no","no","-2","no","no","Q8IVF2","4","0.51","-","-","-","-","-","gene with protein product","113146"
"169","ALDH1A3","ALDH1A3","aldehyde dehydrogenase 1 family member A3","protein-coding gene","ENSG00000184254","protein_coding","chr15:100877714-100916626","34","0.76","yes","no","no","2","-","no","no","no","-2","no","no","P47895","4","1.71","ENSMUSG00000015134","chr7:66390890-66427517","Aldh1a3","3","no","gene with protein product","220"
"170","HSPG2","HSPG2","heparan sulfate proteoglycan 2","protein-coding gene","ENSG00000142798","protein_coding","chr1:21822244-21937310","34","0.6","yes","no","no","1","-","no","no","no","-2","no","no","P98160","2","0.67","ENSMUSG00000028763","chr4:137468769-137570630","Hspg2","4","no","gene with protein product","3339"
"171","BTG1","BTG1","BTG anti-proliferation factor 1","protein-coding gene","ENSG00000133639","protein_coding","chr12:92140278-92145846","34","0.54","no","yes","no","4","G2/M","yes","no","yes","-4","no","yes","-","-","-","ENSMUSG00000036478","chr10:96617006-96622809","Btg1","7","yes","gene with protein product","694"
"172","SNX2","SNX2","sorting nexin 2","protein-coding gene","ENSG00000205302","protein_coding","chr5:122775079-122834543","34","0.42","yes","yes","no","2","-","no","no","no","-3","no","no","O60749","2","0.21","ENSMUSG00000034484","chr18:53176316-53220865","Snx2","0","no","gene with protein product","6643"
"173","RAB1A","RAB1A","RAB1A, member RAS oncogene family","protein-coding gene","ENSG00000138069","protein_coding","chr2:65070696-65130331","34","0.4","yes","no","no","3","G2/M","no","no","no","-1","no","no","P62820","3","0.30","ENSMUSG00000020149","chr11:20201432-20226856","Rab1a","-1","no","gene with protein product","5861"
"174","PERP","PERP","p53 apoptosis effector related to PMP22","protein-coding gene","ENSG00000112378","protein_coding","chr6:138088505-138107419","34","0.39","no","yes","no","3","G2/M","no","no","no","3","no","yes","-","-","-","ENSMUSG00000019851","chr10:18845020-18857073","Perp","14","yes","gene with protein product","64065"
"175","LAMA3","LAMA3","laminin subunit alpha 3","protein-coding gene","ENSG00000053747","protein_coding","chr18:23689453-23956222","33","0.84","yes","yes","no","2","-","no","no","no","4","no","yes","-","-","-","ENSMUSG00000024421","chr18:12333819-12583013","Lama3","3","no","gene with protein product","3909"
"176","NLRP1","NLRP1","NLR family pyrin domain containing 1","protein-coding gene","ENSG00000091592","protein_coding","chr17:5499427-5619424","33","0.77","yes","yes","no","1","-","no","no","no","6","no","yes","-","-","-","-","-","-","-","-","gene with protein product","22861"
"177","GPX1","GPX1","glutathione peroxidase 1","protein-coding gene","ENSG00000233276","protein_coding","chr3:49357176-49358358","33","0.63","yes","no","no","1","-","no","no","no","-2","no","no","P07203","4","0.91","ENSMUSG00000063856","chr9:108338903-108340343","Gpx1","1","no","gene with protein product","2876"
"178","SDC4","SDC4","syndecan 4","protein-coding gene","ENSG00000124145","protein_coding","chr20:45325288-45348424","33","0.57","no","yes","no","2","-","no","no","no","-3","no","yes","P31431","3","0.47","ENSMUSG00000017009","chr2:164424247-164443887","Sdc4","2","no","gene with protein product","6385"
"179","PLCD3","PLCD3","phospholipase C delta 3","protein-coding gene","ENSG00000161714","protein_coding","chr17:45108959-45133354","33","0.57","no","yes","no","2","-","no","no","no","1","no","no","Q8N3E9","5","0.57","ENSMUSG00000020937","chr11:103070304-103101658","Plcd3","4","no","gene with protein product","113026"
"180","DUSP11","DUSP11","dual specificity phosphatase 11","protein-coding gene","ENSG00000144048","protein_coding","chr2:73762184-73780157","33","0.42","yes","no","no","2","-","no","no","no","10","yes","yes","O75319","2","0.33","ENSMUSG00000030002","chr6:85942268-85961667","Dusp11","-3","no","gene with protein product","8446"
"181","S100A11","S100A11","S100 calcium binding protein A11","protein-coding gene","ENSG00000163191","protein_coding","chr1:152032506-152047907","33","0.42","no","yes","no","1","-","no","no","no","2","no","no","P31949","5","0.70","ENSMUSG00000027907","chr3:93520488-93526287","S100a11","0","no","gene with protein product","6282"
"182","GM2A","GM2A","ganglioside GM2 activator","protein-coding gene","ENSG00000196743","protein_coding","chr5:151212150-151270440","33","0.39","no","yes","no","1","-","no","no","no","8","yes","yes","P17900","4","0.45","ENSMUSG00000000594","chr11:55098115-55113029","Gm2a","2","no","gene with protein product","2760"
"183","TRIML2","TRIML2","tripartite motif family like 2","protein-coding gene","ENSG00000179046","protein_coding","chr4:188091273-188109603","32","1.34","yes","yes","no","2","-","no","no","no","-2","no","no","-","-","-","ENSMUSG00000091490","chr8:43180541-43193881","Triml2","0","no","gene with protein product","205860"
"184","TP53TG1","TP53TG1","TP53 target 1","non-coding RNA","ENSG00000182165","lncRNA","chr7:87322943-87345528","32","1.11","yes","yes","no","2","-","no","no","no","-1","no","no","-","-","-","-","-","-","-","-","RNA, long non-coding","11257"
"185","RHOD","RHOD","ras homolog family member D","protein-coding gene","ENSG00000173156","protein_coding","chr11:67056847-67072017","32","0.91","yes","yes","no","1","-","no","no","no","-1","no","no","-","-","-","ENSMUSG00000041845","chr19:4425459-4439432","Rhod","13","yes","gene with protein product","29984"
"186","PGAP1","PGAP1","post-GPI attachment to proteins inositol deacylase 1","protein-coding gene","ENSG00000197121","protein_coding","chr2:196833004-196927796","32","0.68","yes","no","no","1","-","no","no","no","4","no","yes","-","-","-","ENSMUSG00000073678","chr1:54472994-54557684","Pgap1","-5","no","gene with protein product","80055"
"187","RGL1","RGL1","ral guanine nucleotide dissociation stimulator like 1","protein-coding gene","ENSG00000143344","protein_coding","chr1:183636085-183928532","32","0.64","yes","no","no","1","-","no","no","no","-4","no","no","-","-","-","ENSMUSG00000026482","chr1:152516760-152766351","Rgl1","-1","no","gene with protein product","23179"
"188","MAP3K12","MAP3K12","mitogen-activated protein kinase kinase kinase 12","protein-coding gene","ENSG00000139625","protein_coding","chr12:53479669-53500063","32","0.63","yes","yes","no","1","-","no","no","no","-1","no","no","-","-","-","-","-","-","-","-","gene with protein product","7786"
"189","ABTB2","ABTB2","ankyrin repeat and BTB domain containing 2","protein-coding gene","ENSG00000166016","protein_coding","chr11:34150987-34358010","32","0.6","yes","yes","no","1","-","no","no","no","-4","no","no","-","-","-","ENSMUSG00000032724","chr2:103566310-103718423","Abtb2","1","no","gene with protein product","25841"
"190","SEMA3F","SEMA3F","semaphorin 3F","protein-coding gene","ENSG00000001617","protein_coding","chr3:50155045-50189075","32","0.51","yes","yes","no","1","-","no","no","no","0","no","no","-","-","-","ENSMUSG00000034684","chr9:107681500-107710475","Sema3f","3","no","gene with protein product","6405"
"191","PMAIP1","PMAIP1","phorbol-12-myristate-13-acetate-induced protein 1","protein-coding gene","ENSG00000141682","protein_coding","chr18:59899996-59904305","32","0.5","yes","no","no","4","UNCLEAR","yes","no","yes","1","no","no","-","-","-","ENSMUSG00000024521","chr18:66458533-66465565","Pmaip1","14","yes","gene with protein product","5366"
"192","FRMD8","FRMD8","FERM domain containing 8","protein-coding gene","ENSG00000126391","protein_coding","chr11:65386621-65413525","32","0.47","no","yes","no","3","G2/M","no","no","no","0","no","no","Q9BZ67","4","0.53","ENSMUSG00000024816","chr19:5849702-5875274","Frmd8","11","yes","gene with protein product","83786"
"193","NUAK2","NUAK2","NUAK family kinase 2","protein-coding gene","ENSG00000163545","protein_coding","chr1:205302063-205321745","32","0.47","no","yes","no","1","-","no","no","no","4","no","yes","-","-","-","ENSMUSG00000009772","chr1:132316126-132333488","Nuak2","5","yes","gene with protein product","81788"
"194","ZSWIM6","ZSWIM6","zinc finger SWIM-type containing 6","protein-coding gene","ENSG00000130449","protein_coding","chr5:61332258-61546172","32","0.41","no","yes","no","1","-","no","no","no","0","no","no","-","-","-","ENSMUSG00000032846","chr13:107724617-107890064","Zswim6","0","no","gene with protein product","57688"
"195","CDC42SE1","CDC42SE1","CDC42 small effector 1","protein-coding gene","ENSG00000197622","protein_coding","chr1:151050971-151070325","32","0.32","yes","no","no","1","-","no","no","no","8","yes","yes","Q9NRR8","1","0.15","ENSMUSG00000046722","chr3:95228732-95236409","Cdc42se1","-1","no","gene with protein product","56882"
"196","PRDM1","PRDM1","PR/SET domain 1","protein-coding gene","ENSG00000057657","protein_coding","chr6:105993463-106109939","31","1.49","yes","yes","no","1","-","no","no","no","0","no","no","-","-","-","ENSMUSG00000038151","chr10:44437177-44528501","Prdm1","-3","no","gene with protein product","639"
"197","RGS20","RGS20","regulator of G protein signaling 20","protein-coding gene","ENSG00000147509","protein_coding","chr8:53851795-53959303","31","0.83","yes","no","no","1","-","no","no","no","11","yes","yes","-","-","-","ENSMUSG00000002459","chr1:4909576-5070285","Rgs20","1","no","gene with protein product","8601"
"198","IGDCC4","IGDCC4","immunoglobulin superfamily DCC subclass member 4","protein-coding gene","ENSG00000103742","protein_coding","chr15:65381484-65422947","31","0.73","yes","yes","no","1","-","no","no","no","-2","no","no","-","-","-","ENSMUSG00000032816","chr9:65101486-65137940","Igdcc4","5","no","gene with protein product","57722"
"199","FMN1","FMN1","formin 1","protein-coding gene","ENSG00000248905","protein_coding","chr15:32765544-33194714","31","0.59","no","yes","no","1","-","no","no","no","-1","no","no","-","-","-","ENSMUSG00000044042","chr2:113327736-113716767","Fmn1","0","no","gene with protein product","342184"
"200","TTYH3","TTYH3","tweety family member 3","protein-coding gene","ENSG00000136295","protein_coding","chr7:2631986-2664802","31","0.5","yes","yes","no","2","-","no","no","no","-2","no","no","Q9C0H2","4","1.09","ENSMUSG00000036565","chr5:140620578-140649031","Ttyh3","-3","no","gene with protein product","80727"
"201","TANC1","TANC1","tetratricopeptide repeat, ankyrin repeat and coiled-coil containing 1","protein-coding gene","ENSG00000115183","protein_coding","chr2:158968640-159232659","31","0.47","yes","yes","no","2","-","no","no","no","5","no","yes","Q9C0D5","0","-0.03","ENSMUSG00000035168","chr2:59612042-59846149","Tanc1","-2","no","gene with protein product","85461"
"202","OPTN","OPTN","optineurin","protein-coding gene","ENSG00000123240","protein_coding","chr10:13099449-13138308","31","0.47","no","yes","no","3","G1/S","no","no","no","-3","no","yes","Q96CV9","3","0.55","ENSMUSG00000026672","chr2:5020642-5064051","Optn","-1","no","gene with protein product","10133"
"203","ELL","ELL","elongation factor for RNA polymerase II","protein-coding gene","ENSG00000105656","protein_coding","chr19:18442663-18522116","31","0.43","yes","yes","no","1","-","no","no","no","2","no","no","P55199","2","0.24","ENSMUSG00000070002","chr8:70539457-70592858","Ell","8","yes","gene with protein product","8178"
"204","TRIP6","TRIP6","thyroid hormone receptor interactor 6","protein-coding gene","ENSG00000087077","protein_coding","chr7:100867387-100873454","31","0.42","yes","no","no","1","-","no","no","no","1","no","no","Q15654","3","0.30","ENSMUSG00000023348","chr5:137309654-137314404","Trip6","-3","no","gene with protein product","7205"
"205","ITFG1","ITFG1","integrin alpha FG-GAP repeat containing 1","protein-coding gene","ENSG00000129636","protein_coding","chr16:47154387-47464149","31","0.38","yes","no","no","2","-","no","no","no","-8","no","yes","Q8TB96","1","0.13","ENSMUSG00000031703","chr8:85717578-85840921","Itfg1","-1","no","gene with protein product","81533"
"206","HSDL2","HSDL2","hydroxysteroid dehydrogenase like 2","protein-coding gene","ENSG00000119471","protein_coding","chr9:112380080-112472405","31","0.37","yes","no","no","2","-","no","no","no","1","no","no","Q6YN16","4","0.41","ENSMUSG00000028383","chr4:59581563-59618689","Hsdl2","3","no","gene with protein product","84263"
"207","CD46","CD46","CD46 molecule","protein-coding gene","ENSG00000117335","protein_coding","chr1:207752054-207795513","31","0.35","no","yes","no","1","-","no","no","no","-1","no","no","P15529","1","0.15","ENSMUSG00000016493","chr1:195036826-195092249","Cd46","1","no","gene with protein product","4179"
"208","FRMPD2","FRMPD2","FERM and PDZ domain containing 2","protein-coding gene","ENSG00000170324","protein_coding","chr10:48153088-48274696","30","2.9","yes","no","no","1","-","no","no","no","2","no","no","-","-","-","-","-","-","-","-","gene with protein product","143162"
"209","SERPINB5","SERPINB5","serpin family B member 5","protein-coding gene","ENSG00000206075","protein_coding","chr18:63476958-63505085","30","2.25","yes","yes","no","2","-","no","no","no","0","no","no","P36952","4","2.47","ENSMUSG00000067006","chr1:106861173-106883348","Serpinb5","2","no","gene with protein product","5268"
"210","KRT17","KRT17","keratin 17","protein-coding gene","ENSG00000128422","protein_coding","chr17:41619442-41624842","30","1.8","yes","yes","no","2","-","no","no","no","3","no","yes","-","-","-","ENSMUSG00000035557","chr11:100256217-100261029","Krt17","-1","no","gene with protein product","3872"
"211","NEAT1","NEAT1","nuclear paraspeckle assembly transcript 1","non-coding RNA","ENSG00000245532","lncRNA","chr11:65422774-65445540","30","1.03","yes","yes","no","1","-","no","no","no","-3","no","yes","-","-","-","-","-","-","-","-","RNA, long non-coding","283131"
"212","TYMSOS","TYMSOS","TYMS opposite strand RNA","non-coding RNA","ENSG00000176912","lncRNA","chr18:630886-658340","30","0.92","yes","no","no","2","-","no","no","no","-","-","-","-","-","-","-","-","-","-","-","RNA, long non-coding","494514"
"213","TSPAN1","TSPAN1","tetraspanin 1","protein-coding gene","ENSG00000117472","protein_coding","chr1:46175073-46185962","30","0.82","yes","no","no","1","-","no","no","no","2","no","no","-","-","-","ENSMUSG00000028699","chr4:116161869-116167601","Tspan1","0","no","gene with protein product","10103"
"214","NTN4","NTN4","netrin 4","protein-coding gene","ENSG00000074527","protein_coding","chr12:95657807-95791189","30","0.52","yes","no","no","4","G1/S","no","no","no","-10","yes","no","-","-","-","ENSMUSG00000020019","chr10:93640681-93747207","Ntn4","5","yes","gene with protein product","59277"
"215","ISG15","ISG15","ISG15 ubiquitin like modifier","protein-coding gene","ENSG00000187608","protein_coding","chr1:1001138-1014540","30","0.49","yes","yes","no","2","-","no","no","no","-3","no","no","P05161","4","0.61","ENSMUSG00000035692","chr4:156199455-156200796","Isg15","1","no","gene with protein product","9636"
"216","AGBL5","AGBL5","AGBL carboxypeptidase 5","protein-coding gene","ENSG00000084693","protein_coding","chr2:27042364-27070622","30","0.38","yes","no","no","1","-","no","no","no","5","no","no","-","-","-","ENSMUSG00000029165","chr5:30888694-30906965","Agbl5","4","no","gene with protein product","60509"
"217","RPS19","RPS19","ribosomal protein S19","protein-coding gene","ENSG00000105372","protein_coding","chr19:41860255-41872925","30","0.36","yes","yes","no","2","-","no","no","no","-2","no","no","P39019","-1","-0.17","ENSMUSG00000040952","chr7:24884371-24889806","Rps19","1","no","gene with protein product","6223"
"218","SOCS4","SOCS4","suppressor of cytokine signaling 4","protein-coding gene","ENSG00000180008","protein_coding","chr14:55027230-55049489","30","0.36","yes","no","no","2","-","no","no","no","4","no","no","-","-","-","ENSMUSG00000048379","chr14:47276931-47296102","Socs4","-2","no","gene with protein product","122809"
"219","HEXA","HEXA","hexosaminidase subunit alpha","protein-coding gene","ENSG00000213614","protein_coding","chr15:72340924-72376420","30","0.36","no","yes","no","1","-","no","no","no","-2","no","no","P06865","3","0.27","-","-","-","-","-","gene with protein product","3073"
"220","CAVIN2","CAVIN2","caveolae associated protein 2","protein-coding gene","ENSG00000168497","protein_coding","chr2:191834310-191847088","29","1.48","yes","yes","no","1","-","no","no","no","0","no","no","O95810","2","0.75","ENSMUSG00000045954","chr1:51289126-51302960","Sdpr","-2","no","gene with protein product","8436"
"221","CEL","CEL","carboxyl ester lipase","protein-coding gene","ENSG00000170835","protein_coding","chr9:133061978-133071863","29","1.17","yes","yes","no","1","-","no","no","no","2","no","no","-","-","-","ENSMUSG00000026818","chr2:28555795-28563403","Cel","2","no","gene with protein product","1056"
"222","ERAP2","ERAP2","endoplasmic reticulum aminopeptidase 2","protein-coding gene","ENSG00000164308","protein_coding","chr5:96875986-96919703","29","0.62","no","yes","no","3","G2/M","no","no","no","0","no","no","-","-","-","-","-","-","-","-","gene with protein product","64167"
"223","COL7A1","COL7A1","collagen type VII alpha 1 chain","protein-coding gene","ENSG00000114270","protein_coding","chr3:48564073-48595267","29","0.55","yes","no","no","2","-","no","no","no","6","no","yes","-","-","-","-","-","-","-","-","gene with protein product","1294"
"224","COBLL1","COBLL1","cordon-bleu WH2 repeat protein like 1","protein-coding gene","ENSG00000082438","protein_coding","chr2:164653624-164843679","29","0.5","yes","no","no","1","-","no","no","no","7","no","yes","Q53SF7","3","0.37","ENSMUSG00000034903","chr2:65088339-65239403","Cobll1","4","no","gene with protein product","22837"
"225","BORCS7","BORCS7","BLOC-1 related complex subunit 7","protein-coding gene","ENSG00000166275","protein_coding","chr10:102854259-102864961","29","0.5","yes","yes","no","3","G2/M","no","no","no","-2","no","no","Q96B45","1","0.13","-","-","-","-","-","gene with protein product","119032"
"226","NDRG1","NDRG1","N-myc downstream regulated 1","protein-coding gene","ENSG00000104419","protein_coding","chr8:133237175-133302022","29","0.48","yes","no","no","3","G2/M","no","no","no","3","no","no","Q92597","5","0.76","ENSMUSG00000005125","chr15:66929318-66969640","Ndrg1","-3","no","gene with protein product","10397"
"227","GAS6","GAS6","growth arrest specific 6","protein-coding gene","ENSG00000183087","protein_coding","chr13:113820549-113864076","29","0.43","yes","yes","no","2","-","no","no","no","-4","no","yes","Q14393","0","-0.64","ENSMUSG00000031451","chr8:13465374-13494490","Gas6","5","no","gene with protein product","2621"
"228","P4HTM","P4HTM","prolyl 4-hydroxylase, transmembrane","protein-coding gene","ENSG00000178467","protein_coding","chr3:48989889-49007153","29","0.42","yes","no","no","4","G1/S","no","no","no","-8","yes","no","Q9NXG6","0","0.32","ENSMUSG00000006675","chr9:108578862-108597667","P4htm","0","no","gene with protein product","54681"
"229","SCRIB","SCRIB","scribble planar cell polarity protein","protein-coding gene","ENSG00000180900","protein_coding","chr8:143790920-143815773","29","0.39","yes","yes","no","2","-","no","no","no","3","no","no","Q14160","0","-0.15","ENSMUSG00000022568","chr15:76047158-76069784","Scrib","1","no","gene with protein product","23513"
"230","MFGE8","MFGE8","milk fat globule EGF and factor V/VIII domain containing","protein-coding gene","ENSG00000140545","protein_coding","chr15:88898683-88913381","29","0.36","yes","yes","no","2","-","no","no","no","-7","no","yes","Q08431","1","1.29","ENSMUSG00000030605","chr7:79133768-79149060","Mfge8","7","yes","gene with protein product","4240"
"231","XPR1","XPR1","xenotropic and polytropic retrovirus receptor 1","protein-coding gene","ENSG00000143324","protein_coding","chr1:180632022-180890279","29","0.32","no","yes","no","2","-","no","no","no","3","no","yes","Q9UBH6","0","0.36","ENSMUSG00000026469","chr1:155275701-155417415","Xpr1","-1","no","gene with protein product","9213"
"232","MYO5A","MYO5A","myosin VA","protein-coding gene","ENSG00000197535","protein_coding","chr15:52307283-52529050","29","0.32","no","yes","no","2","-","no","no","no","9","yes","yes","Q9Y4I1","2","0.21","ENSMUSG00000034593","chr9:75071015-75223688","Myo5a","2","no","gene with protein product","4644"
"233","ESYT2","ESYT2","extended synaptotagmin 2","protein-coding gene","ENSG00000117868","protein_coding","chr7:158730995-158830253","29","0.3","no","yes","no","1","-","no","no","no","-4","no","yes","-","-","-","ENSMUSG00000021171","chr12:116281196-116391050","Esyt2","-4","no","gene with protein product","57488"
"234","HAGH","HAGH","hydroxyacylglutathione hydrolase","protein-coding gene","ENSG00000063854","protein_coding","chr16:1795620-1827157","29","0.29","yes","yes","no","3","G1/S","no","no","no","-3","no","yes","Q16775","4","0.33","ENSMUSG00000024158","chr17:24840143-24864450","Hagh","9","yes","gene with protein product","3029"
"235","ZNF423","ZNF423","zinc finger protein 423","protein-coding gene","ENSG00000102935","protein_coding","chr16:49487524-49857919","28","1.79","yes","yes","no","1","-","no","no","no","0","no","no","-","-","-","ENSMUSG00000045333","chr8:87661810-87959595","Zfp423","4","no","gene with protein product","23090"
"236","SORCS2","SORCS2","sortilin related VPS10 domain containing receptor 2","protein-coding gene","ENSG00000184985","protein_coding","chr4:7192538-7742836","28","1.68","yes","no","no","2","-","no","no","no","-1","no","no","-","-","-","ENSMUSG00000029093","chr5:36017180-36398139","Sorcs2","-3","no","gene with protein product","57537"
"237","CYGB","CYGB","cytoglobin","protein-coding gene","ENSG00000161544","protein_coding","chr17:76527356-76551175","28","1.23","yes","no","no","2","-","no","no","no","3","no","no","-","-","-","ENSMUSG00000020810","chr11:116645595-116654313","Cygb","-2","no","gene with protein product","114757"
"238","PLXNA2","PLXNA2","plexin A2","protein-coding gene","ENSG00000076356","protein_coding","chr1:208022242-208244384","28","0.58","yes","yes","no","1","-","no","no","no","6","no","yes","-","-","-","ENSMUSG00000026640","chr1:194618218-194816869","Plxna2","0","no","gene with protein product","5362"
"239","MT-RNR2","MT-RNR2","mitochondrially encoded 16S rRNA","non-coding RNA","ENSG00000210082","Mt_rRNA","chrM:1671-3229","28","0.49","yes","no","no","3","G2/M","no","no","no","-","-","-","-","-","-","-","-","-","-","-","RNA, ribosomal","4550"
"240","UBTD1","UBTD1","ubiquitin domain containing 1","protein-coding gene","ENSG00000165886","protein_coding","chr10:97498924-97571206","28","0.47","no","yes","no","2","-","no","no","no","-3","no","yes","Q9HAC8","2","0.74","ENSMUSG00000025171","chr19:41981763-42034643","Ubtd1","5","yes","gene with protein product","80019"
"241","KIAA1217","KIAA1217","KIAA1217","protein-coding gene","ENSG00000120549","protein_coding","chr10:23694746-24547848","28","0.46","yes","yes","no","3","G2/M","no","no","no","-4","no","yes","Q5T5P2","3","0.50","ENSMUSG00000036617","chr2:19909780-20810713","Etl4","0","no","gene with protein product","56243"
"242","RBM38","RBM38","RNA binding motif protein 38","protein-coding gene","ENSG00000132819","protein_coding","chr20:57391396-57409333","28","0.46","no","yes","no","2","-","no","no","no","3","no","no","Q9H0Z9","4","0.30","ENSMUSG00000027510","chr2:173020498-173034734","Rbm38","13","yes","gene with protein product","55544"
"243","MVB12B","MVB12B","multivesicular body subunit 12B","protein-coding gene","ENSG00000196814","protein_coding","chr9:126326829-126507041","28","0.44","no","yes","no","2","-","no","no","no","-3","no","no","-","-","-","ENSMUSG00000038740","chr2:33729953-33887946","Mvb12b","5","no","gene with protein product","89853"
"244","SRSF8","SRSF8","serine and arginine rich splicing factor 8","protein-coding gene","ENSG00000263465","protein_coding","chr11:95067197-95071224","28","0.42","yes","no","no","2","-","no","no","no","-1","no","no","Q9BRL6","2","1.06","-","-","-","-","-","gene with protein product","10929"
"245","LMNA","LMNA","lamin A/C","protein-coding gene","ENSG00000160789","protein_coding","chr1:156082573-156140089","28","0.39","yes","yes","no","3","G2/M","no","no","no","5","no","yes","P02545","5","0.59","ENSMUSG00000028063","chr3:88480147-88509956","Lmna","-2","no","gene with protein product","4000"
"246","FCHO2","FCHO2","FCH and mu domain containing endocytic adaptor 2","protein-coding gene","ENSG00000157107","protein_coding","chr5:72956041-73090522","28","0.38","yes","yes","no","1","-","no","no","no","2","no","no","Q0JRZ9","1","0.13","ENSMUSG00000041685","chr13:98723403-98815449","Fcho2","-4","no","gene with protein product","115548"
"247","PLEKHM3","PLEKHM3","pleckstrin homology domain containing M3","protein-coding gene","ENSG00000178385","protein_coding","chr2:207821288-208025527","28","0.38","yes","no","no","1","-","no","no","no","0","no","no","-","-","-","ENSMUSG00000051344","chr1:64785983-64956824","Plekhm3","0","no","gene with protein product","389072"
"248","PPFIBP1","PPFIBP1","PPFIB scaffold protein 1","protein-coding gene","ENSG00000110841","protein_coding","chr12:27523431-27695564","28","0.37","no","yes","no","1","-","no","no","no","8","yes","yes","Q86W92","5","0.42","ENSMUSG00000016487","chr6:146888487-147032025","Ppfibp1","-2","no","gene with protein product","8496"
"249","BCL10","BCL10","BCL10 immune signaling adaptor","protein-coding gene","ENSG00000142867","protein_coding","chr1:85265776-85276632","28","0.36","yes","yes","no","1","-","no","no","no","6","no","yes","O95999","4","0.43","ENSMUSG00000028191","chr3:145922804-145934356","Bcl10","-1","no","gene with protein product","8915"
"250","LIMK2","LIMK2","LIM domain kinase 2","protein-coding gene","ENSG00000182541","protein_coding","chr22:31212239-31280080","28","0.36","no","yes","no","2","-","no","no","no","-2","no","no","P53671","-1","-0.38","ENSMUSG00000020451","chr11:3344256-3409189","Limk2","11","yes","gene with protein product","3985"
"251","ECE1","ECE1","endothelin converting enzyme 1","protein-coding gene","ENSG00000117298","protein_coding","chr1:21217247-21345572","28","0.33","yes","yes","no","1","-","no","no","no","-3","no","no","P42892","-2","-0.26","ENSMUSG00000057530","chr4:137862237-137965229","Ece1","1","no","gene with protein product","1889"
"252","STARD10","STARD10","StAR related lipid transfer domain containing 10","protein-coding gene","ENSG00000214530","protein_coding","chr11:72754729-72793681","28","0.33","yes","yes","no","2","-","no","no","no","0","no","no","Q9Y365","0","-0.06","ENSMUSG00000030688","chr7:101317086-101346626","Stard10","3","no","gene with protein product","10809"
"253","CPT2","CPT2","carnitine palmitoyltransferase 2","protein-coding gene","ENSG00000157184","protein_coding","chr1:53196792-53214197","28","0.32","yes","no","no","1","-","no","no","no","-3","no","yes","P23786","3","0.36","ENSMUSG00000028607","chr4:107903981-107923610","Cpt2","6","no","gene with protein product","1376"
"254","CLP1","CLP1","cleavage factor polyribonucleotide kinase subunit 1","protein-coding gene","ENSG00000172409","protein_coding","chr11:57648992-57661865","28","0.31","yes","yes","no","2","-","no","no","no","2","no","no","Q92989","0","-0.09","ENSMUSG00000027079","chr2:84722104-84727350","Clp1","0","no","gene with protein product","10978"
"255","GABBR2","GABBR2","gamma-aminobutyric acid type B receptor subunit 2","protein-coding gene","ENSG00000136928","protein_coding","chr9:98288109-98708935","27","1","yes","no","no","2","-","no","no","no","-1","no","no","-","-","-","ENSMUSG00000039809","chr4:46662305-46991873","Gabbr2","2","no","gene with protein product","9568"
"256","CYRIA","CYRIA","CYFIP related Rac1 interactor A","protein-coding gene","ENSG00000197872","protein_coding","chr2:16549459-16666331","27","0.75","no","yes","no","2","-","no","no","no","-1","no","no","Q9H0Q0","0","-0.10","ENSMUSG00000020589","chr12:12262139-12380965","Fam49a","1","no","gene with protein product","81553"
"257","DAPK1","DAPK1","death associated protein kinase 1","protein-coding gene","ENSG00000196730","protein_coding","chr9:87497228-87708634","27","0.72","yes","no","no","1","-","no","no","no","-7","no","no","P53355","1","0.31","ENSMUSG00000021559","chr13:60601947-60763191","Dapk1","13","yes","gene with protein product","1612"
"258","NPEPL1","NPEPL1","aminopeptidase like 1","protein-coding gene","ENSG00000215440","protein_coding","chr20:58689131-58719238","27","0.53","no","yes","no","2","-","no","no","no","-2","no","no","Q8NDH3","0","0.12","ENSMUSG00000039263","chr2:174110349-174123070","Npepl1","4","no","gene with protein product","79716"
"259","HIPK3","HIPK3","homeodomain interacting protein kinase 3","protein-coding gene","ENSG00000110422","protein_coding","chr11:33256672-33357023","27","0.38","no","yes","no","3","G2/M","no","no","no","-1","no","no","-","-","-","ENSMUSG00000027177","chr2:104426481-104494446","Hipk3","2","no","gene with protein product","10114"
"260","RFX7","RFX7","regulatory factor X7","protein-coding gene","ENSG00000181827","protein_coding","chr15:56087280-56245082","27","0.38","yes","no","no","1","-","no","no","no","8","yes","yes","-","-","-","ENSMUSG00000037674","chr9:72532240-72622937","Rfx7","1","no","gene with protein product","64864"
"261","PARD6B","PARD6B","par-6 family cell polarity regulator beta","protein-coding gene","ENSG00000124171","protein_coding","chr20:50731580-50756795","27","0.37","yes","yes","no","1","-","no","no","no","-2","no","no","Q9BYG5","1","0.32","ENSMUSG00000044641","chr2:168081004-168101203","Pard6b","0","no","gene with protein product","84612"
"262","HRAS","HRAS","HRas proto-oncogene, GTPase","protein-coding gene","ENSG00000174775","protein_coding","chr11:532242-537287","27","0.37","yes","yes","no","3","G1/S","no","no","no","9","yes","yes","P01112","2","0.48","ENSMUSG00000025499","chr7:141189105-141194005","Hras","8","yes","gene with protein product","3265"
"263","TCAIM","TCAIM","T cell activation inhibitor, mitochondrial","protein-coding gene","ENSG00000179152","protein_coding","chr3:44338119-44409451","27","0.33","yes","no","no","1","-","no","no","no","-2","no","no","-","-","-","ENSMUSG00000046603","chr9:122805539-122836334","Tcaim","-1","no","gene with protein product","285343"
"264","EXOC7","EXOC7","exocyst complex component 7","protein-coding gene","ENSG00000182473","protein_coding","chr17:76081016-76121576","27","0.27","no","yes","no","1","-","no","no","no","0","no","no","Q9UPT5","1","0.10","ENSMUSG00000020792","chr11:116288001-116307233","Exoc7","9","no","gene with protein product","23265"
"265","LRPAP1","LRPAP1","LDL receptor related protein associated protein 1","protein-coding gene","ENSG00000163956","protein_coding","chr4:3503612-3532446","27","0.26","yes","yes","no","1","-","no","no","no","-1","no","no","P30533","4","0.28","ENSMUSG00000029103","chr5:35091501-35105766","Lrpap1","1","no","gene with protein product","4043"
"266","ETV7","ETV7","ETS variant transcription factor 7","protein-coding gene","ENSG00000010030","protein_coding","chr6:36354091-36387800","26","1.65","yes","yes","no","1","-","no","no","no","1","no","no","-","-","-","-","-","-","-","-","gene with protein product","51513"
"267","DOCK8","DOCK8","dedicator of cytokinesis 8","protein-coding gene","ENSG00000107099","protein_coding","chr9:214854-465259","26","1.47","yes","no","no","2","-","no","no","no","-1","no","no","-","-","-","ENSMUSG00000052085","chr19:24999534-25202432","Dock8","0","no","gene with protein product","81704"
"268","LAPTM5","LAPTM5","lysosomal protein transmembrane 5","protein-coding gene","ENSG00000162511","protein_coding","chr1:30732469-30757774","26","1.36","yes","yes","no","1","-","no","no","no","0","no","no","-","-","-","ENSMUSG00000028581","chr4:130913125-130936141","Laptm5","1","no","gene with protein product","7805"
"269","TLR3","TLR3","toll like receptor 3","protein-coding gene","ENSG00000164342","protein_coding","chr4:186069155-186088073","26","1.02","yes","no","no","3","G1/S","no","no","no","-5","no","no","-","-","-","ENSMUSG00000031639","chr8:45395665-45411080","Tlr3","-1","no","gene with protein product","7098"
"270","FAXDC2","FAXDC2","fatty acid hydroxylase domain containing 2","protein-coding gene","ENSG00000170271","protein_coding","chr5:154818492-154859252","26","0.89","yes","yes","no","1","-","no","no","no","0","no","no","-","-","-","-","-","-","-","-","gene with protein product","10826"
"271","DHRS3","DHRS3","dehydrogenase/reductase 3","protein-coding gene","ENSG00000162496","protein_coding","chr1:12567910-12618210","26","0.63","yes","no","no","2","-","no","no","no","1","no","no","-","-","-","ENSMUSG00000066026","chr4:144892827-144928209","Dhrs3","-4","no","gene with protein product","9249"
"272","P3H2","P3H2","prolyl 3-hydroxylase 2","protein-coding gene","ENSG00000090530","protein_coding","chr3:189956728-190122437","26","0.62","yes","yes","no","1","-","no","no","no","-2","no","no","Q8IVL5","1","1.02","ENSMUSG00000038168","chr16:25959288-26105784","P3h2","1","no","gene with protein product","55214"
"273","DTX4","DTX4","deltex E3 ubiquitin ligase 4","protein-coding gene","ENSG00000110042","protein_coding","chr11:59171430-59208588","26","0.55","no","yes","no","2","-","no","no","no","-5","no","yes","-","-","-","ENSMUSG00000039982","chr19:12466338-12501454","Dtx4","0","no","gene with protein product","23220"
"274","SLC9A1","SLC9A1","solute carrier family 9 member A1","protein-coding gene","ENSG00000090020","protein_coding","chr1:27098809-27166981","26","0.51","yes","yes","no","1","-","no","no","no","4","no","yes","P19634","1","0.18","ENSMUSG00000028854","chr4:133369706-133423702","Slc9a1","4","no","gene with protein product","6548"
"275","KCTD1","KCTD1","potassium channel tetramerization domain containing 1","protein-coding gene","ENSG00000134504","protein_coding","chr18:26454910-26657401","26","0.4","yes","no","no","1","-","no","no","no","3","no","yes","-","-","-","ENSMUSG00000036225","chr18:14968685-15151446","Kctd1","10","no","gene with protein product","284252"
"276","MAP1LC3B","MAP1LC3B","microtubule associated protein 1 light chain 3 beta","protein-coding gene","ENSG00000140941","protein_coding","chr16:87383953-87404779","26","0.36","yes","no","no","3","G2/M","no","no","no","1","no","no","-","-","-","-","-","-","-","-","gene with protein product","81631"
"277","PLEKHA8","PLEKHA8","pleckstrin homology domain containing A8","protein-coding gene","ENSG00000106086","protein_coding","chr7:30027404-30130483","26","0.34","yes","yes","no","1","-","no","no","no","-2","no","no","-","-","-","ENSMUSG00000005225","chr6:54595111-54645839","Plekha8","-3","no","gene with protein product","84725"
"278","LATS2","LATS2","large tumor suppressor kinase 2","protein-coding gene","ENSG00000150457","protein_coding","chr13:20973036-21061586","26","0.33","no","yes","no","1","-","no","no","no","-3","no","no","-","-","-","-","-","-","-","-","gene with protein product","26524"
"279","TMEM30A","TMEM30A","transmembrane protein 30A","protein-coding gene","ENSG00000112697","protein_coding","chr6:75252924-75284948","26","0.32","yes","yes","no","1","-","no","no","no","-4","no","no","Q9NV96","2","0.31","ENSMUSG00000032328","chr9:79768943-79793507","Tmem30a","-2","no","gene with protein product","55754"
"280","ATP6V1H","ATP6V1H","ATPase H+ transporting V1 subunit H","protein-coding gene","ENSG00000047249","protein_coding","chr8:53715543-53843558","26","0.29","yes","no","no","2","-","no","no","no","-1","no","no","Q9UI12","2","0.21","ENSMUSG00000033793","chr1:5070018-5162529","Atp6v1h","5","yes","gene with protein product","51606"
"281","CFAP251","CFAP251","cilia and flagella associated protein 251","protein-coding gene","ENSG00000158023","protein_coding","chr12:121918592-122003927","25","0.61","yes","yes","no","1","-","no","no","no","7","no","yes","-","-","-","ENSMUSG00000029442","chr5:123252102-123327484","Wdr66","1","no","gene with protein product","144406"
"282","TEX9","TEX9","testis expressed 9","protein-coding gene","ENSG00000151575","protein_coding","chr15:56244009-56445997","25","0.56","yes","yes","no","0","-","no","no","no","0","no","no","-","-","-","ENSMUSG00000090626","chr9:72450394-72492212","Tex9","-3","no","gene with protein product","374618"
"283","E2F7","E2F7","E2F transcription factor 7","protein-coding gene","ENSG00000165891","protein_coding","chr12:77021248-77065569","25","0.56","yes","yes","no","6","G1/S","yes","no","yes","7","no","yes","-","-","-","ENSMUSG00000020185","chr10:110745439-110787384","E2f7","-3","no","gene with protein product","144455"
"284","GLIPR2","GLIPR2","GLI pathogenesis related 2","protein-coding gene","ENSG00000122694","protein_coding","chr9:36136536-36163913","25","0.5","no","yes","no","2","-","no","no","no","-3","no","yes","Q9H4G4","3","0.57","ENSMUSG00000028480","chr4:43957401-43979118","Glipr2","0","no","gene with protein product","152007"
"285","ACYP2","ACYP2","acylphosphatase 2","protein-coding gene","ENSG00000170634","protein_coding","chr2:53970838-54305300","25","0.48","yes","yes","no","2","-","no","no","no","-1","no","no","P14621","4","0.37","ENSMUSG00000060923","chr11:30505991-30649587","Acyp2","-2","no","gene with protein product","98"
"286","EPHA4","EPHA4","EPH receptor A4","protein-coding gene","ENSG00000116106","protein_coding","chr2:221418027-221574202","25","0.46","no","yes","no","1","-","no","no","no","-1","no","no","P54764","-1","-0.45","ENSMUSG00000026235","chr1:77367185-77515088","Epha4","-2","no","gene with protein product","2043"
"287","MT-ND5","MT-ND5","mitochondrially encoded NADH:ubiquinone oxidoreductase core subunit 5","protein-coding gene","ENSG00000198786","protein_coding","chrM:12337-14148","25","0.44","yes","no","no","3","G2/M","no","no","no","-1","no","no","P03915","0","0.17","ENSMUSG00000064367","chrMT:11742-13565","mt-Nd5","1","no","gene with protein product","4540"
"288","NYNRIN","NYNRIN","NYN domain and retroviral integrase containing","protein-coding gene","ENSG00000205978","protein_coding","chr14:24399003-24419283","25","0.43","yes","no","no","1","-","no","no","no","1","no","no","-","-","-","ENSMUSG00000075592","chr14:55854010-55874736","Nynrin","-3","no","gene with protein product","57523"
"289","ADA","ADA","adenosine deaminase","protein-coding gene","ENSG00000196839","protein_coding","chr20:44619522-44652233","25","0.41","yes","yes","no","3","G1/S","no","no","no","4","no","no","P00813","1","0.14","ENSMUSG00000017697","chr2:163726584-163750239","Ada","4","no","gene with protein product","100"
"290","ITGA2","ITGA2","integrin subunit alpha 2","protein-coding gene","ENSG00000164171","protein_coding","chr5:52989340-53094779","25","0.39","no","yes","no","3","G2/M","no","no","no","4","no","yes","-","-","-","ENSMUSG00000015533","chr13:114833081-114932100","Itga2","4","no","gene with protein product","3673"
"291","APBB3","APBB3","amyloid beta precursor protein binding family B member 3","protein-coding gene","ENSG00000113108","protein_coding","chr5:140558268-140564781","25","0.37","no","yes","no","3","G2/M","no","no","no","-3","no","yes","-","-","-","-","-","-","-","-","gene with protein product","10307"
"292","FRS2","FRS2","fibroblast growth factor receptor substrate 2","protein-coding gene","ENSG00000166225","protein_coding","chr12:69470349-69579793","25","0.35","yes","yes","no","3","G2/M","no","no","no","0","no","no","-","-","-","ENSMUSG00000020170","chr10:117069427-117148534","Frs2","-2","no","gene with protein product","10818"
"293","TEPSIN","TEPSIN","TEPSIN adaptor related protein complex 4 accessory protein","protein-coding gene","ENSG00000167302","protein_coding","chr17:81228277-81239091","25","0.33","yes","yes","no","1","-","no","no","no","0","no","no","Q96N21","0","0.18","ENSMUSG00000025377","chr11:120090531-120098731","Enthd2","12","no","gene with protein product","146705"
"294","SHC1","SHC1","SHC adaptor protein 1","protein-coding gene","ENSG00000160691","protein_coding","chr1:154962298-154974395","25","0.31","yes","yes","no","3","G1/S","no","no","no","2","no","no","P29353","2","-0.02","ENSMUSG00000042626","chr3:89418443-89430027","Shc1","-1","no","gene with protein product","6464"
"295","ITM2B","ITM2B","integral membrane protein 2B","protein-coding gene","ENSG00000136156","protein_coding","chr13:48232612-48270357","25","0.29","no","yes","no","3","G1/S","no","no","no","0","no","no","Q9Y287","1","0.43","ENSMUSG00000022108","chr14:73362226-73385289","Itm2b","5","no","gene with protein product","9445"
"296","ELFN2","ELFN2","extracellular leucine rich repeat and fibronectin type III domain containing 2","protein-coding gene","ENSG00000166897","protein_coding","chr22:37367960-37427479","25","0.29","no","yes","no","1","-","no","no","no","-5","no","yes","Q5R3F8","1","0.23","ENSMUSG00000043460","chr15:78667331-78718771","Elfn2","1","no","gene with protein product","114794"
"297","CHMP3","CHMP3","charged multivesicular body protein 3","protein-coding gene","ENSG00000115561","protein_coding","chr2:86503430-86563479","25","0.28","yes","yes","no","2","-","no","no","no","-1","no","no","Q9Y3E7","2","0.16","ENSMUSG00000053119","chr6:71543797-71582609","Chmp3","2","no","gene with protein product","51652"
"298","WDR59","WDR59","WD repeat domain 59","protein-coding gene","ENSG00000103091","protein_coding","chr16:74871362-75000173","25","0.27","no","yes","no","1","-","no","no","no","0","no","no","Q6PJI9","2","0.41","ENSMUSG00000031959","chr8:111448797-111522092","Wdr59","-3","no","gene with protein product","79726"
"299","LCE1B","LCE1B","late cornified envelope 1B","protein-coding gene","ENSG00000196734","protein_coding","chr1:152811971-152813108","24","3.07","yes","no","no","1","-","no","no","no","3","no","yes","-","-","-","-","-","-","-","-","gene with protein product","353132"
"300","ADRB2","ADRB2","adrenoceptor beta 2","protein-coding gene","ENSG00000169252","protein_coding","chr5:148826611-148828623","24","1.02","yes","yes","no","3","G1/S","no","no","no","3","no","yes","-","-","-","ENSMUSG00000045730","chr18:62177816-62179959","Adrb2","12","yes","gene with protein product","154"
"301","TRIM55","TRIM55","tripartite motif containing 55","protein-coding gene","ENSG00000147573","protein_coding","chr8:66126896-66175485","24","0.98","yes","no","no","0","-","no","no","no","0","no","no","-","-","-","ENSMUSG00000060913","chr3:19644474-19692421","Trim55","0","no","gene with protein product","84675"
"302","SELPLG","SELPLG","selectin P ligand","protein-coding gene","ENSG00000110876","protein_coding","chr12:108621895-108633894","24","0.76","no","yes","no","1","-","no","no","no","0","no","no","-","-","-","ENSMUSG00000048163","chr5:113818536-113832644","Selplg","1","no","gene with protein product","6404"
"303","RIN1","RIN1","Ras and Rab interactor 1","protein-coding gene","ENSG00000174791","protein_coding","chr11:66330241-66336840","24","0.63","yes","no","no","1","-","no","no","no","6","no","yes","Q13671","5","0.78","ENSMUSG00000024883","chr19:5050481-5057071","Rin1","8","yes","gene with protein product","9610"
"304","PDE2A","PDE2A","phosphodiesterase 2A","protein-coding gene","ENSG00000186642","protein_coding","chr11:72576141-72674591","24","0.63","yes","yes","no","1","-","no","no","no","2","no","no","-","-","-","-","-","-","-","-","gene with protein product","5138"
"305","TCEA3","TCEA3","transcription elongation factor A3","protein-coding gene","ENSG00000204219","protein_coding","chr1:23380909-23424748","24","0.63","no","yes","no","1","-","no","no","no","0","no","no","-","-","-","ENSMUSG00000001604","chr4:136247729-136274898","Tcea3","8","no","gene with protein product","6920"
"306","C12orf76","C12orf76","chromosome 12 open reading frame 76","protein-coding gene","ENSG00000174456","protein_coding","chr12:110027028-110073634","24","0.44","yes","no","no","2","-","no","no","no","-1","no","no","-","-","-","-","-","-","-","-","gene with protein product","400073"
"307","DMTN","DMTN","dematin actin binding protein","protein-coding gene","ENSG00000158856","protein_coding","chr8:22048995-22082527","24","0.43","yes","no","no","1","-","no","no","no","3","no","yes","Q08495","3","0.45","ENSMUSG00000022099","chr14:70601263-70636048","Dmtn","0","no","gene with protein product","2039"
"308","ABCA5","ABCA5","ATP binding cassette subfamily A member 5","protein-coding gene","ENSG00000154265","protein_coding","chr17:69244311-69327244","24","0.4","no","yes","no","3","G1/S","no","no","no","-3","no","yes","-","-","-","ENSMUSG00000018800","chr11:110269369-110337716","Abca5","0","no","gene with protein product","23461"
"309","MT-ND1","MT-ND1","mitochondrially encoded NADH:ubiquinone oxidoreductase core subunit 1","protein-coding gene","ENSG00000198888","protein_coding","chrM:3307-4262","24","0.4","yes","no","no","2","-","no","no","no","-2","no","no","P03886","0","0.02","ENSMUSG00000064341","chrMT:2751-3707","mt-Nd1","0","no","gene with protein product","4535"
"310","AHSA2P","AHSA2P","activator of HSP90 ATPase homolog 2, pseudogene","pseudogene","ENSG00000173209","transcribed_unitary_pseudogene","chr2:61177418-61191203","24","0.38","no","yes","no","3","G1/S","no","no","no","-","-","-","-","-","-","-","-","-","-","-","pseudogene","130872"
"311","FOSL2","FOSL2","FOS like 2, AP-1 transcription factor subunit","protein-coding gene","ENSG00000075426","protein_coding","chr2:28392448-28417317","24","0.37","no","yes","no","3","G1/S","no","no","yes","-2","no","no","P15408","3","0.71","ENSMUSG00000029135","chr5:32135801-32157842","Fosl2","1","no","gene with protein product","2355"
"312","MEGF8","MEGF8","multiple EGF like domains 8","protein-coding gene","ENSG00000105429","protein_coding","chr19:42325609-42378769","24","0.35","no","yes","no","1","-","no","no","no","-10","no","yes","-","-","-","ENSMUSG00000045039","chr7:25317164-25365917","Megf8","2","no","gene with protein product","1954"
"313","SMAD5","SMAD5","SMAD family member 5","protein-coding gene","ENSG00000113658","protein_coding","chr5:136132845-136188747","24","0.3","yes","yes","no","2","-","no","no","no","8","yes","yes","Q99717","0","0.06","ENSMUSG00000021540","chr13:56703010-56742377","Smad5","0","no","gene with protein product","4090"
"314","BACE1","BACE1","beta-secretase 1","protein-coding gene","ENSG00000186318","protein_coding","chr11:117285207-117316259","24","0.29","yes","no","no","3","G1/S","no","no","no","2","no","no","-","-","-","ENSMUSG00000032086","chr9:45838580-45864399","Bace1","-1","no","gene with protein product","23621"
"315","WWP1","WWP1","WW domain containing E3 ubiquitin protein ligase 1","protein-coding gene","ENSG00000123124","protein_coding","chr8:86342547-86478420","24","0.28","yes","yes","no","1","-","no","no","no","1","no","no","Q9H0M0","-1","-0.32","ENSMUSG00000041058","chr4:19608303-19708993","Wwp1","6","yes","gene with protein product","11059"
"316","KLHL12","KLHL12","kelch like family member 12","protein-coding gene","ENSG00000117153","protein_coding","chr1:202891116-202928636","24","0.26","yes","yes","no","2","-","no","no","no","1","no","no","Q53G59","0","0.31","ENSMUSG00000026455","chr1:134455531-134491018","Klhl12","0","no","gene with protein product","59349"
"317","GNS","GNS","glucosamine (N-acetyl)-6-sulfatase","protein-coding gene","ENSG00000135677","protein_coding","chr12:64713445-64759431","24","0.26","no","yes","no","1","-","no","no","no","-5","no","no","P15586","4","0.38","ENSMUSG00000034707","chr10:121365090-121397249","Gns","2","no","gene with protein product","2799"
"318","POMGNT1","POMGNT1","protein O-linked mannose N-acetylglucosaminyltransferase 1 (beta 1,2-)","protein-coding gene","ENSG00000085998","protein_coding","chr1:46188682-46220305","24","0.25","yes","no","no","2","-","no","no","no","0","no","no","-","-","-","ENSMUSG00000028700","chr4:116123840-116159849","Pomgnt1","0","no","gene with protein product","55624"
"319","NHLH2","NHLH2","nescient helix-loop-helix 2","protein-coding gene","ENSG00000177551","protein_coding","chr1:115836377-115843917","23","2.82","yes","no","no","0","-","no","no","no","4","no","yes","-","-","-","ENSMUSG00000048540","chr3:102010076-102015492","Nhlh2","1","no","gene with protein product","4808"
"320","LINC02875","LINC02875","long intergenic non-protein coding RNA 2875","non-coding RNA","ENSG00000187013","lncRNA","chr17:61411751-61413280","23","1.75","yes","yes","no","1","-","no","no","no","0","no","no","-","-","-","-","-","-","-","-","RNA, long non-coding","388407"
"321","ITGAM","ITGAM","integrin subunit alpha M","protein-coding gene","ENSG00000169896","protein_coding","chr16:31259967-31332892","23","1.29","yes","no","no","1","-","no","no","no","1","no","no","-","-","-","-","-","-","-","-","gene with protein product","3684"
"322","TAFA2","TAFA2","TAFA chemokine like family member 2","protein-coding gene","ENSG00000198673","protein_coding","chr12:61708259-62279150","23","0.95","yes","no","no","1","-","no","no","no","-1","no","no","-","-","-","ENSMUSG00000044071","chr10:123263996-123741204","Fam19a2","-1","no","gene with protein product","338811"
"323","KCNJ12","KCNJ12","potassium inwardly rectifying channel subfamily J member 12","protein-coding gene","ENSG00000184185","protein_coding","chr17:21376357-21419870","23","0.67","yes","yes","no","1","-","no","no","no","1","no","no","-","-","-","-","-","-","-","-","gene with protein product","3768"
"324","SORBS1","SORBS1","sorbin and SH3 domain containing 1","protein-coding gene","ENSG00000095637","protein_coding","chr10:95311771-95561414","23","0.66","yes","no","no","3","G1/S","no","no","no","0","no","no","Q9BX66","1","0.20","ENSMUSG00000025006","chr19:40294753-40513779","Sorbs1","-1","no","gene with protein product","10580"
"325","CASKIN1","CASKIN1","CASK interacting protein 1","protein-coding gene","ENSG00000167971","protein_coding","chr16:2177180-2196605","23","0.61","yes","no","no","1","-","no","no","no","0","no","no","-","-","-","ENSMUSG00000033597","chr17:24488601-24508671","Caskin1","2","no","gene with protein product","57524"
"326","VSIR","VSIR","V-set immunoregulatory receptor","protein-coding gene","ENSG00000107738","protein_coding","chr10:71747556-71773520","23","0.54","no","yes","no","2","-","no","no","no","-1","no","no","-","-","-","ENSMUSG00000020101","chr10:60346851-60372684","Vsir","-2","no","gene with protein product","64115"
"327","KRT19","KRT19","keratin 19","protein-coding gene","ENSG00000171345","protein_coding","chr17:41523617-41528308","23","0.53","no","yes","no","1","-","no","no","no","-6","no","yes","P08727","1","0.65","ENSMUSG00000020911","chr11:100140810-100148665","Krt19","6","no","gene with protein product","3880"
"328","FEZ1","FEZ1","fasciculation and elongation protein zeta 1","protein-coding gene","ENSG00000149557","protein_coding","chr11:125442881-125592568","23","0.43","yes","yes","no","1","-","no","no","no","9","yes","yes","-","-","-","ENSMUSG00000032118","chr9:36821864-36878924","Fez1","4","no","gene with protein product","9638"
"329","SYNE1","SYNE1","spectrin repeat containing nuclear envelope protein 1","protein-coding gene","ENSG00000131018","protein_coding","chr6:152121684-152637801","23","0.42","no","yes","no","2","-","no","no","no","-1","no","no","Q8NF91","1","-0.09","-","-","-","-","-","gene with protein product","23345"
"330","METTL27","METTL27","methyltransferase like 27","protein-coding gene","ENSG00000165171","protein_coding","chr7:73834590-73842516","23","0.4","no","yes","no","1","-","no","no","no","1","no","no","-","-","-","ENSMUSG00000040557","chr5:134932368-134942637","Wbscr27","4","no","gene with protein product","155368"
"331","WBP1","WBP1","WW domain binding protein 1","protein-coding gene","ENSG00000239779","protein_coding","chr2:74458400-74460891","23","0.38","no","yes","no","1","-","no","no","no","-5","no","no","-","-","-","ENSMUSG00000030035","chr6:83119044-83121559","Wbp1","3","no","gene with protein product","23559"
"332","MARVELD2","MARVELD2","MARVEL domain containing 2","protein-coding gene","ENSG00000152939","protein_coding","chr5:69415065-69444330","23","0.37","yes","no","no","2","-","no","no","no","2","no","no","Q8N4S9","1","0.70","ENSMUSG00000021636","chr13:100595957-100616971","Marveld2","0","no","gene with protein product","153562"
"333","CDC42EP3","CDC42EP3","CDC42 effector protein 3","protein-coding gene","ENSG00000163171","protein_coding","chr2:37641882-37738468","23","0.36","no","yes","no","0","-","no","no","no","-6","no","yes","Q9UKI2","2","0.52","ENSMUSG00000036533","chr17:79333727-79355091","Cdc42ep3","-2","no","gene with protein product","10602"
"334","TRIM26","TRIM26","tripartite motif containing 26","protein-coding gene","ENSG00000234127","protein_coding","chr6:30184455-30213427","23","0.36","yes","yes","no","2","-","no","no","no","-1","no","no","-","-","-","ENSMUSG00000024457","chr17:36837134-36859398","Trim26","-1","no","gene with protein product","7726"
"335","TNFAIP8","TNFAIP8","TNF alpha induced protein 8","protein-coding gene","ENSG00000145779","protein_coding","chr5:119268692-119399688","23","0.35","yes","yes","no","3","G1/S","no","no","no","-1","no","no","O95379","2","0.19","ENSMUSG00000062210","chr18:49979427-50107173","Tnfaip8","-1","no","gene with protein product","25816"
"336","MT-CYB","MT-CYB","mitochondrially encoded cytochrome b","protein-coding gene","ENSG00000198727","protein_coding","chrM:14747-15887","23","0.35","yes","no","no","2","-","no","no","no","-2","no","no","-","-","-","ENSMUSG00000064370","chrMT:14145-15288","mt-Cytb","0","no","gene with protein product","4519"
"337","ABCB6","ABCB6","ATP binding cassette subfamily B member 6 (LAN blood group)","protein-coding gene","ENSG00000115657","protein_coding","chr2:219209772-219218994","23","0.34","yes","yes","no","1","-","no","no","no","0","no","no","Q9NP58","2","0.34","ENSMUSG00000026198","chr1:75171717-75180392","Abcb6","-5","no","gene with protein product","10058"
"338","TMEM134","TMEM134","transmembrane protein 134","protein-coding gene","ENSG00000172663","protein_coding","chr11:67461710-67469272","23","0.34","yes","no","no","2","-","no","no","no","-5","no","no","-","-","-","ENSMUSG00000024845","chr19:4125934-4132307","Tmem134","1","no","gene with protein product","80194"
"339","FBXL18","FBXL18","F-box and leucine rich repeat protein 18","protein-coding gene","ENSG00000155034","protein_coding","chr7:5431335-5513809","23","0.33","no","yes","no","1","-","no","no","no","0","no","no","Q96ME1","1","0.40","ENSMUSG00000066640","chr5:142866946-142895421","Fbxl18","1","no","gene with protein product","80028"
"340","EHD1","EHD1","EH domain containing 1","protein-coding gene","ENSG00000110047","protein_coding","chr11:64851642-64888296","23","0.32","yes","yes","no","2","-","no","no","no","-2","no","no","Q9H4M9","4","0.27","ENSMUSG00000024772","chr19:6276725-6300096","Ehd1","1","no","gene with protein product","10938"
"341","SARS1","SARS1","seryl-tRNA synthetase 1","protein-coding gene","ENSG00000031698","protein_coding","chr1:109213918-109238182","23","0.31","yes","no","no","2","-","no","no","no","2","no","no","P49591","3","0.32","ENSMUSG00000068739","chr3:108424865-108445209","Sars","-3","no","gene with protein product","6301"
"342","OST4","OST4","oligosaccharyltransferase complex subunit 4, non-catalytic","protein-coding gene","ENSG00000228474","protein_coding","chr2:27070472-27071654","23","0.31","yes","yes","no","2","-","no","no","no","-6","no","yes","P0C6T2","1","0.04","ENSMUSG00000038803","chr5:30905885-30907788","Ost4","0","no","gene with protein product","100128731"
"343","TMEM263","TMEM263","transmembrane protein 263","protein-coding gene","ENSG00000151135","protein_coding","chr12:106955719-106978778","23","0.29","yes","no","no","1","-","no","no","no","-2","no","no","Q8WUH6","2","0.55","ENSMUSG00000060935","chr10:85102627-85120618","Tmem263","-3","no","gene with protein product","90488"
"344","VPS13D","VPS13D","vacuolar protein sorting 13 homolog D","protein-coding gene","ENSG00000048707","protein_coding","chr1:12230030-12512047","23","0.28","yes","yes","no","1","-","no","no","no","-1","no","no","Q5THJ4","1","2.74","ENSMUSG00000020220","chr4:144972622-145195005","Vps13d","-1","no","gene with protein product","55187"
"345","MTURN","MTURN","maturin, neural progenitor differentiation regulator homolog","protein-coding gene","ENSG00000180354","protein_coding","chr7:30134986-30162762","23","0.28","no","yes","no","1","-","no","no","no","-4","no","yes","-","-","-","ENSMUSG00000038065","chr6:54681624-54703851","Mturn","0","no","gene with protein product","222166"
"346","AMOTL2","AMOTL2","angiomotin like 2","protein-coding gene","ENSG00000114019","protein_coding","chr3:134355347-134375479","23","0.27","no","yes","no","1","-","no","no","no","-3","no","yes","Q9Y2J4","0","0.15","ENSMUSG00000032531","chr9:102716672-102733418","Amotl2","-1","no","gene with protein product","51421"
"347","RHBDD2","RHBDD2","rhomboid domain containing 2","protein-coding gene","ENSG00000005486","protein_coding","chr7:75842602-75888926","23","0.26","no","yes","no","2","-","no","no","no","0","no","no","-","-","-","ENSMUSG00000039917","chr5:135632618-135646448","Rhbdd2","1","no","gene with protein product","57414"
"348","TMEM132A","TMEM132A","transmembrane protein 132A","protein-coding gene","ENSG00000006118","protein_coding","chr11:60924460-60937159","23","0.25","yes","no","no","3","G1/S","no","no","no","0","no","no","-","-","-","ENSMUSG00000024736","chr19:10857822-10869940","Tmem132a","3","no","gene with protein product","54972"
"349","DCAKD","DCAKD","dephospho-CoA kinase domain containing","protein-coding gene","ENSG00000172992","protein_coding","chr17:45023340-45061109","23","0.25","no","yes","no","1","-","no","no","no","3","no","yes","Q8WVC6","4","0.40","ENSMUSG00000020935","chr11:102994047-103028333","Dcakd","-1","no","gene with protein product","79877"
"350","LAMP1","LAMP1","lysosomal associated membrane protein 1","protein-coding gene","ENSG00000185896","protein_coding","chr13:113297239-113323672","23","0.22","yes","no","no","2","-","no","no","no","-6","no","yes","P11279","4","0.52","ENSMUSG00000031447","chr8:13159161-13175338","Lamp1","0","no","gene with protein product","3916"
"351","ANKRD65","ANKRD65","ankyrin repeat domain 65","protein-coding gene","ENSG00000235098","protein_coding","chr1:1418420-1421769","22","2.42","yes","yes","no","1","-","no","no","no","2","no","no","-","-","-","-","-","-","-","-","gene with protein product","441869"
"352","LCN15","LCN15","lipocalin 15","protein-coding gene","ENSG00000177984","protein_coding","chr9:136759634-136766255","22","2.19","yes","no","no","0","-","no","no","no","1","no","no","-","-","-","-","-","-","-","-","gene with protein product","389812"
"353","TSPAN11","TSPAN11","tetraspanin 11","protein-coding gene","ENSG00000110900","protein_coding","chr12:30926428-30996602","22","1.12","yes","no","no","1","-","no","no","no","0","no","no","-","-","-","ENSMUSG00000030351","chr6:127887589-127953977","Tspan11","-4","no","gene with protein product","441631"
"354","COQ8A","COQ8A","coenzyme Q8A","protein-coding gene","ENSG00000163050","protein_coding","chr1:226940286-226987544","22","1.1","yes","yes","no","1","-","no","no","no","2","no","no","Q8NI60","5","0.88","ENSMUSG00000026489","chr1:180165238-180199602","Adck3","0","no","gene with protein product","56997"
"355","TNFSF4","TNFSF4","TNF superfamily member 4","protein-coding gene","ENSG00000117586","protein_coding","chr1:173183731-173207331","22","0.51","yes","no","no","1","-","no","no","no","0","no","no","-","-","-","ENSMUSG00000026700","chr1:161395409-161418410","Tnfsf4","4","no","gene with protein product","7292"
"356","BMP7","BMP7","bone morphogenetic protein 7","protein-coding gene","ENSG00000101144","protein_coding","chr20:57168753-57266641","22","0.47","yes","no","no","2","-","no","no","no","1","no","no","P18075","0","-0.21","ENSMUSG00000008999","chr2:172868012-172940321","Bmp7","5","yes","gene with protein product","655"
"357","BRMS1L","BRMS1L","BRMS1 like transcriptional repressor","protein-coding gene","ENSG00000100916","protein_coding","chr14:35826338-35932325","22","0.33","yes","no","no","2","-","no","no","no","4","no","yes","Q5PSV4","0","-0.25","ENSMUSG00000012076","chr12:55836324-55869736","Brms1l","-3","no","gene with protein product","84312"
"358","IGF1R","IGF1R","insulin like growth factor 1 receptor","protein-coding gene","ENSG00000140443","protein_coding","chr15:98648539-98964530","22","0.31","yes","no","no","3","G1/S","no","no","yes","-1","no","no","P08069","2","0.34","ENSMUSG00000005533","chr7:67952827-68233668","Igf1r","-4","no","gene with protein product","3480"
"359","LIMA1","LIMA1","LIM domain and actin binding 1","protein-coding gene","ENSG00000050405","protein_coding","chr12:50175788-50283546","22","0.3","yes","no","no","2","-","no","no","no","7","no","yes","Q9UHB6","5","0.70","ENSMUSG00000023022","chr15:99778470-99875456","Lima1","-4","no","gene with protein product","51474"
"360","ALDH4A1","ALDH4A1","aldehyde dehydrogenase 4 family member A1","protein-coding gene","ENSG00000159423","protein_coding","chr1:18871430-18902724","22","0.3","yes","no","no","2","-","no","no","no","3","no","no","P30038","4","0.54","ENSMUSG00000028737","chr4:139622866-139649690","Aldh4a1","14","yes","gene with protein product","8659"
"361","ARFGAP3","ARFGAP3","ARF GTPase activating protein 3","protein-coding gene","ENSG00000242247","protein_coding","chr22:42796502-42858106","22","0.3","yes","no","no","2","-","no","no","no","0","no","no","Q9NP61","3","0.26","ENSMUSG00000054277","chr15:83299739-83350247","Arfgap3","-2","no","gene with protein product","26286"
"362","SRC","SRC","SRC proto-oncogene, non-receptor tyrosine kinase","protein-coding gene","ENSG00000197122","protein_coding","chr20:37344685-37406050","22","0.29","yes","no","no","1","-","no","no","no","4","no","yes","P12931","1","0.17","ENSMUSG00000027646","chr2:157418444-157471862","Src","1","no","gene with protein product","6714"
"363","LITAF","LITAF","lipopolysaccharide induced TNF factor","protein-coding gene","ENSG00000189067","protein_coding","chr16:11547722-11636381","22","0.28","no","yes","no","1","-","no","no","no","2","no","no","-","-","-","ENSMUSG00000022500","chr16:10959275-11066157","Litaf","2","no","gene with protein product","9516"
"364","MRPL49","MRPL49","mitochondrial ribosomal protein L49","protein-coding gene","ENSG00000149792","protein_coding","chr11:65122183-65127371","22","0.27","yes","no","no","2","-","no","no","no","2","no","no","Q13405","0","0.11","ENSMUSG00000007338","chr19:6053622-6057785","Mrpl49","0","no","gene with protein product","740"
"365","BBS2","BBS2","Bardet-Biedl syndrome 2","protein-coding gene","ENSG00000125124","protein_coding","chr16:56466836-56520087","22","0.26","yes","no","no","2","-","no","no","no","-1","no","no","-","-","-","-","-","-","-","-","gene with protein product","583"
"366","ATG13","ATG13","autophagy related 13","protein-coding gene","ENSG00000175224","protein_coding","chr11:46617527-46674818","22","0.26","yes","no","no","1","-","no","no","no","0","no","no","O75143","0","-0.01","ENSMUSG00000027244","chr2:91674618-91710576","Atg13","1","no","gene with protein product","9776"
"367","RTL8A","RTL8A","retrotransposon Gag like 8A","protein-coding gene","ENSG00000203950","protein_coding","chrX:135050932-135052196","22","0.25","yes","no","no","3","G1/S","no","no","no","-1","no","no","-","-","-","-","-","-","-","-","gene with protein product","26071"
"368","AP1S1","AP1S1","adaptor related protein complex 1 subunit sigma 1","protein-coding gene","ENSG00000106367","protein_coding","chr7:101154456-101161596","22","0.24","yes","yes","no","2","-","no","no","no","-1","no","no","P61966","1","0.21","ENSMUSG00000004849","chr5:137034993-137046135","Ap1s1","-1","no","gene with protein product","1174"
"369","WSB1","WSB1","WD repeat and SOCS box containing 1","protein-coding gene","ENSG00000109046","protein_coding","chr17:27294076-27315926","22","0.21","no","yes","no","8","G2/M","no","no","no","3","no","yes","-","-","-","ENSMUSG00000017677","chr11:79239372-79254671","Wsb1","-2","no","gene with protein product","26118"
"370","RNASE7","RNASE7","ribonuclease A family member 7","protein-coding gene","ENSG00000165799","protein_coding","chr14:21042316-21044234","21","1.94","yes","no","no","1","-","no","no","no","9","yes","yes","-","-","-","-","-","-","-","-","gene with protein product","84659"
"371","NUPR1","NUPR1","nuclear protein 1, transcriptional regulator","protein-coding gene","ENSG00000176046","protein_coding","chr16:28532708-28539008","21","1.03","yes","no","no","2","-","no","no","no","0","no","no","O60356","2","2.01","ENSMUSG00000030717","chr7:126623249-126630861","Nupr1","-6","no","gene with protein product","26471"
"372","DUSP4","DUSP4","dual specificity phosphatase 4","protein-coding gene","ENSG00000120875","protein_coding","chr8:29333064-29350684","21","0.54","no","yes","no","4","G2/M","no","no","no","-4","no","no","-","-","-","ENSMUSG00000031530","chr8:34807297-34819894","Dusp4","3","no","gene with protein product","1846"
"373","ADAP2","ADAP2","ArfGAP with dual PH domains 2","protein-coding gene","ENSG00000184060","protein_coding","chr17:30906344-30959322","21","0.47","yes","no","no","0","-","no","no","no","3","no","no","-","-","-","ENSMUSG00000020709","chr11:80154105-80178958","Adap2","2","no","gene with protein product","55803"
"374","FOSL1","FOSL1","FOS like 1, AP-1 transcription factor subunit","protein-coding gene","ENSG00000175592","protein_coding","chr11:65892049-65900573","21","0.44","yes","yes","no","3","G2/M","no","no","no","8","yes","yes","P15407","-1","-0.23","ENSMUSG00000024912","chr19:5447547-5455946","Fosl1","8","yes","gene with protein product","8061"
"375","NECTIN1","NECTIN1","nectin cell adhesion molecule 1","protein-coding gene","ENSG00000110400","protein_coding","chr11:119623408-119729200","21","0.41","no","yes","no","2","-","no","no","no","12","yes","yes","Q15223","0","-0.16","ENSMUSG00000032012","chr9:43743984-43832658","Pvrl1","8","no","gene with protein product","5818"
"376","FOSB","FOSB","FosB proto-oncogene, AP-1 transcription factor subunit","protein-coding gene","ENSG00000125740","protein_coding","chr19:45467995-45475179","21","0.4","no","yes","no","4","G1/S","no","no","no","2","no","no","-","-","-","ENSMUSG00000003545","chr7:19302696-19310051","Fosb","1","no","gene with protein product","2354"
"377","NXN","NXN","nucleoredoxin","protein-coding gene","ENSG00000167693","protein_coding","chr17:799310-979776","21","0.36","yes","yes","no","2","-","no","no","no","6","no","yes","Q6DKJ4","3","0.32","ENSMUSG00000020844","chr11:76257198-76399140","Nxn","3","no","gene with protein product","64359"
"378","MT-CO2","MT-CO2","mitochondrially encoded cytochrome c oxidase II","protein-coding gene","ENSG00000198712","protein_coding","chrM:7586-8269","21","0.34","yes","no","no","2","-","no","no","no","-3","no","yes","P00403","2","-0.09","ENSMUSG00000064354","chrMT:7013-7696","mt-Co2","0","no","gene with protein product","4513"
"379","VDR","VDR","vitamin D receptor","protein-coding gene","ENSG00000111424","protein_coding","chr12:47841537-47943048","21","0.32","yes","no","no","2","-","no","no","no","7","no","yes","P11473","0","0.11","ENSMUSG00000022479","chr15:97854425-97910630","Vdr","-1","no","gene with protein product","7421"
"380","CALD1","CALD1","caldesmon 1","protein-coding gene","ENSG00000122786","protein_coding","chr7:134744252-134970729","21","0.32","yes","yes","no","3","G2/M","no","no","no","-4","no","yes","Q05682","2","0.35","ENSMUSG00000029761","chr6:34598500-34775473","Cald1","2","no","gene with protein product","800"
"381","ARHGAP22","ARHGAP22","Rho GTPase activating protein 22","protein-coding gene","ENSG00000128805","protein_coding","chr10:48446036-48656265","21","0.31","yes","yes","no","1","-","no","no","no","5","no","yes","Q7Z5H3","1","0.14","ENSMUSG00000063506","chr14:33214026-33369934","Arhgap22","6","no","gene with protein product","58504"
"382","MFAP3L","MFAP3L","microfibril associated protein 3 like","protein-coding gene","ENSG00000198948","protein_coding","chr4:169986597-170033031","21","0.31","yes","yes","no","1","-","no","no","no","1","no","no","-","-","-","ENSMUSG00000031647","chr8:60632827-60676729","Mfap3l","6","no","gene with protein product","9848"
"383","MANBA","MANBA","mannosidase beta","protein-coding gene","ENSG00000109323","protein_coding","chr4:102630770-102760994","21","0.3","no","yes","no","2","-","no","no","no","-3","no","yes","-","-","-","ENSMUSG00000028164","chr3:135485611-135571404","Manba","0","no","gene with protein product","4126"
"384","IRF2BPL","IRF2BPL","interferon regulatory factor 2 binding protein like","protein-coding gene","ENSG00000119669","protein_coding","chr14:77024543-77028708","21","0.3","no","yes","no","2","-","no","no","no","-2","no","no","Q9H1B7","2","0.23","ENSMUSG00000034168","chr12:86880701-86884798","Irf2bpl","1","no","gene with protein product","64207"
"385","SVIL","SVIL","supervillin","protein-coding gene","ENSG00000197321","protein_coding","chr10:29457338-29736959","21","0.3","yes","no","no","3","G2/M","no","no","no","-6","no","yes","O95425","1","0.23","ENSMUSG00000024236","chr18:4920540-5119299","Svil","1","no","gene with protein product","6840"
"386","BMPR2","BMPR2","bone morphogenetic protein receptor type 2","protein-coding gene","ENSG00000204217","protein_coding","chr2:202376327-202567751","21","0.3","yes","no","no","2","-","no","no","no","-6","no","no","-","-","-","ENSMUSG00000067336","chr1:59763400-59879014","Bmpr2","2","no","gene with protein product","659"
"387","TSPAN14","TSPAN14","tetraspanin 14","protein-coding gene","ENSG00000108219","protein_coding","chr10:80454166-80533124","21","0.26","yes","yes","no","3","G2/M","no","no","no","0","no","no","Q8NG11","2","0.36","ENSMUSG00000037824","chr14:40906445-40966807","Tspan14","-2","no","gene with protein product","81619"
"388","NCEH1","NCEH1","neutral cholesterol ester hydrolase 1","protein-coding gene","ENSG00000144959","protein_coding","chr3:172630249-172711218","21","0.26","yes","yes","no","2","-","no","no","no","-2","no","no","Q6PIU2","2","0.09","ENSMUSG00000027698","chr3:27182965-27284608","Nceh1","6","no","gene with protein product","57552"
"389","AK3","AK3","adenylate kinase 3","protein-coding gene","ENSG00000147853","protein_coding","chr9:4709556-4742043","21","0.26","yes","yes","no","2","-","no","no","no","-5","no","yes","Q9UIJ7","4","0.30","ENSMUSG00000024782","chr19:29020833-29047961","Ak3","-1","no","gene with protein product","50808"
"390","CNOT6","CNOT6","CCR4-NOT transcription complex subunit 6","protein-coding gene","ENSG00000113300","protein_coding","chr5:180494379-180578358","21","0.2","yes","yes","no","4","G2/M","no","no","no","1","no","no","Q9ULM6","-1","-0.29","ENSMUSG00000020362","chr11:49671503-49712723","Cnot6","-5","no","gene with protein product","57472"
"391","PADI4","PADI4","peptidyl arginine deiminase 4","protein-coding gene","ENSG00000159339","protein_coding","chr1:17308195-17364004","20","1.82","yes","yes","no","2","-","no","no","no","3","no","yes","-","-","-","ENSMUSG00000025330","chr4:140745865-140774236","Padi4","0","no","gene with protein product","23569"
"392","EFCAB10","EFCAB10","EF-hand calcium binding domain 10","protein-coding gene","ENSG00000185055","protein_coding","chr7:105565120-105600875","20","0.98","yes","no","no","0","-","no","no","no","0","no","no","-","-","-","ENSMUSG00000020562","chr12:33394854-33401267","Efcab10","0","no","gene with protein product","100130771"
"393","NRG1","NRG1","neuregulin 1","protein-coding gene","ENSG00000157168","protein_coding","chr8:31639222-32855666","20","0.7","no","yes","no","1","-","no","no","no","8","yes","yes","-","-","-","ENSMUSG00000062991","chr8:31814551-32884797","Nrg1","3","no","gene with protein product","3084"
"394","SHC4","SHC4","SHC adaptor protein 4","protein-coding gene","ENSG00000185634","protein_coding","chr15:48823741-48963919","20","0.56","no","yes","no","2","-","no","no","no","0","no","no","-","-","-","ENSMUSG00000035109","chr2:125627447-125724148","Shc4","2","no","gene with protein product","399694"
"395","LINC01588","LINC01588","long intergenic non-protein coding RNA 1588","non-coding RNA","ENSG00000214900","lncRNA","chr14:49927571-50105043","20","0.56","no","yes","no","1","-","no","no","no","-2","no","no","-","-","-","-","-","-","-","-","RNA, long non-coding","283551"
"396","IGFBP7","IGFBP7","insulin like growth factor binding protein 7","protein-coding gene","ENSG00000163453","protein_coding","chr4:57030773-57110385","20","0.53","yes","yes","no","2","-","no","no","no","3","no","yes","Q16270","1","0.34","ENSMUSG00000036256","chr5:77349240-77408041","Igfbp7","-2","no","gene with protein product","3490"
"397","CCDC18-AS1","CCDC18-AS1","CCDC18 antisense RNA 1","non-coding RNA","ENSG00000223745","lncRNA","chr1:93262186-93346025","20","0.51","yes","yes","no","1","-","no","no","no","-5","no","no","-","-","-","-","-","-","-","-","RNA, long non-coding","100131564"
"398","CDH3","CDH3","cadherin 3","protein-coding gene","ENSG00000062038","protein_coding","chr16:68636189-68722616","20","0.49","no","yes","no","2","-","no","no","no","1","no","no","P22223","1","0.46","ENSMUSG00000061048","chr8:106510891-106557297","Cdh3","3","no","gene with protein product","1001"
"399","GDPD5","GDPD5","glycerophosphodiester phosphodiesterase domain containing 5","protein-coding gene","ENSG00000158555","protein_coding","chr11:75434640-75525941","20","0.34","no","yes","no","2","-","no","no","no","-4","no","yes","-","-","-","ENSMUSG00000035314","chr7:99381414-99461877","Gdpd5","11","no","gene with protein product","81544"
"400","DNAJC18","DNAJC18","DnaJ heat shock protein family (Hsp40) member C18","protein-coding gene","ENSG00000170464","protein_coding","chr5:139408588-139444491","20","0.34","yes","yes","no","2","-","no","no","no","1","no","no","-","-","-","ENSMUSG00000024350","chr18:35671103-35708414","Dnajc18","2","no","gene with protein product","202052"
"401","FITM2","FITM2","fat storage inducing transmembrane protein 2","protein-coding gene","ENSG00000197296","protein_coding","chr20:44302840-44311202","20","0.33","yes","no","no","3","G1/S","no","no","no","-2","no","no","Q8N6M3","0","-0.05","ENSMUSG00000048486","chr2:163466379-163472629","Fitm2","8","yes","gene with protein product","128486"
"402","RPS6KA1","RPS6KA1","ribosomal protein S6 kinase A1","protein-coding gene","ENSG00000117676","protein_coding","chr1:26529761-26575030","20","0.32","no","yes","no","1","-","no","no","no","1","no","no","Q15418","0","0.19","ENSMUSG00000003644","chr4:133847290-133887797","Rps6ka1","0","no","gene with protein product","6195"
"403","PLEC","PLEC","plectin","protein-coding gene","ENSG00000178209","protein_coding","chr8:143915153-143976734","20","0.29","yes","yes","no","1","-","no","no","no","3","no","yes","Q15149","2","0.24","ENSMUSG00000022565","chr15:76170974-76232574","Plec","2","no","gene with protein product","5339"
"404","TMEM64","TMEM64","transmembrane protein 64","protein-coding gene","ENSG00000180694","protein_coding","chr8:90621995-90791632","20","0.29","yes","yes","no","2","-","no","no","no","1","no","no","Q6YI46","-1","-0.54","ENSMUSG00000043252","chr4:15265831-15286753","Tmem64","-3","no","gene with protein product","169200"
"405","MT-ND4","MT-ND4","mitochondrially encoded NADH:ubiquinone oxidoreductase core subunit 4","protein-coding gene","ENSG00000198886","protein_coding","chrM:10760-12137","20","0.29","yes","no","no","2","-","no","no","no","0","no","no","P03905","0","-0.53","ENSMUSG00000064363","chrMT:10167-11544","mt-Nd4","0","no","gene with protein product","4538"
"406","FAM162A","FAM162A","family with sequence similarity 162 member A","protein-coding gene","ENSG00000114023","protein_coding","chr3:122384176-122412334","20","0.27","yes","yes","no","2","-","no","no","no","2","no","no","Q96A26","2","0.22","ENSMUSG00000003955","chr16:36043761-36071594","Fam162a","3","no","gene with protein product","26355"
"407","GNAI1","GNAI1","G protein subunit alpha i1","protein-coding gene","ENSG00000127955","protein_coding","chr7:79768028-80226181","20","0.27","yes","yes","no","4","G2/M","no","no","no","6","no","yes","P63096","2","0.32","ENSMUSG00000057614","chr5:18265135-18360355","Gnai1","1","no","gene with protein product","2770"
"408","CTTNBP2NL","CTTNBP2NL","CTTNBP2 N-terminal like","protein-coding gene","ENSG00000143079","protein_coding","chr1:112396214-112463456","20","0.25","no","yes","no","1","-","no","no","no","0","no","no","Q9P2B4","2","0.28","ENSMUSG00000062127","chr3:105001915-105053146","Cttnbp2nl","1","no","gene with protein product","55917"
"409","LUZP1","LUZP1","leucine zipper protein 1","protein-coding gene","ENSG00000169641","protein_coding","chr1:23084023-23177808","20","0.24","yes","yes","no","2","-","no","no","no","6","no","yes","Q86V48","0","0.09","ENSMUSG00000001089","chr4:136469761-136554780","Luzp1","0","no","gene with protein product","7798"
"410","KIAA1671","KIAA1671","KIAA1671","protein-coding gene","ENSG00000197077","protein_coding","chr22:24952730-25197448","20","0.24","no","yes","no","2","-","no","no","no","-1","no","no","Q9BY89","0","0.04","ENSMUSG00000051339","chr5:113086323-113221236","2900026A02Rik","-2","no","gene with protein product","85379"
"411","STK10","STK10","serine/threonine kinase 10","protein-coding gene","ENSG00000072786","protein_coding","chr5:172042079-172188224","20","0.23","yes","yes","no","3","G2/M","no","no","no","4","no","yes","O94804","2","0.22","ENSMUSG00000020272","chr11:32533305-32624587","Stk10","-1","no","gene with protein product","6793"
"412","TGFBR1","TGFBR1","transforming growth factor beta receptor 1","protein-coding gene","ENSG00000106799","protein_coding","chr9:99104038-99154192","20","0.16","yes","no","no","2","-","no","no","no","0","no","no","P36897","0","-0.09","ENSMUSG00000007613","chr4:47353222-47414931","Tgfbr1","0","no","gene with protein product","7046"
"413","TLE4","TLE4","TLE family member 4, transcriptional corepressor","protein-coding gene","ENSG00000106829","protein_coding","chr9:79571773-79726882","19","0.75","yes","yes","no","1","-","no","no","no","1","no","no","-","-","-","ENSMUSG00000024642","chr19:14448150-14598051","Tle4","-2","no","gene with protein product","7091"
"414","THSD1","THSD1","thrombospondin type 1 domain containing 1","protein-coding gene","ENSG00000136114","protein_coding","chr13:52377167-52416373","19","0.64","yes","no","no","1","-","no","no","no","3","no","yes","-","-","-","ENSMUSG00000031480","chr8:22227313-22261334","Thsd1","2","no","gene with protein product","55901"
"415","ANKRD24","ANKRD24","ankyrin repeat domain 24","protein-coding gene","ENSG00000089847","protein_coding","chr19:4183354-4224814","19","0.6","yes","no","no","1","-","no","no","no","0","no","no","-","-","-","ENSMUSG00000054708","chr10:81628540-81647610","Ankrd24","-2","no","gene with protein product","170961"
"416","PPP1R14C","PPP1R14C","protein phosphatase 1 regulatory inhibitor subunit 14C","protein-coding gene","ENSG00000198729","protein_coding","chr6:150143044-150250392","19","0.6","no","yes","no","1","-","no","no","no","-1","no","no","Q8TAE6","0","0.06","ENSMUSG00000040653","chr10:3366057-3464975","Ppp1r14c","2","no","gene with protein product","81706"
"417","ADAMTS13","ADAMTS13","ADAM metallopeptidase with thrombospondin type 1 motif 13","protein-coding gene","ENSG00000160323","protein_coding","chr9:133414358-133459402","19","0.54","no","yes","no","1","-","no","no","no","-3","no","no","-","-","-","ENSMUSG00000014852","chr2:26973416-27009628","Adamts13","0","no","gene with protein product","11093"
"418","C6orf226","PEX39","peroxisomal biogenesis factor 39","protein-coding gene","ENSG00000221821","protein_coding","chr6:42890265-42890821","19","0.49","yes","yes","no","2","-","no","no","no","0","no","no","-","-","-","ENSMUSG00000062619","chr17:46772635-46773396","2310039H08Rik","3","no","gene with protein product","441150"
"419","TSGA10","TSGA10","testis specific 10","protein-coding gene","ENSG00000135951","protein_coding","chr2:98997261-99154964","19","0.43","no","yes","no","1","-","no","no","no","-3","no","no","-","-","-","ENSMUSG00000060771","chr1:37754776-37866429","Tsga10","-1","no","gene with protein product","80705"
"420","CHST14","CHST14","carbohydrate sulfotransferase 14","protein-coding gene","ENSG00000169105","protein_coding","chr15:40470984-40473158","19","0.35","yes","no","no","2","-","no","no","no","-1","no","no","Q8NCH0","2","0.48","ENSMUSG00000074916","chr2:118926496-118928585","Chst14","6","yes","gene with protein product","113189"
"421","DENND2C","DENND2C","DENN domain containing 2C","protein-coding gene","ENSG00000175984","protein_coding","chr1:114582848-114670422","19","0.33","no","yes","no","1","-","no","no","no","3","no","yes","-","-","-","ENSMUSG00000007379","chr3:103102604-103169769","Dennd2c","13","no","gene with protein product","163259"
"422","COBL","COBL","cordon-bleu WH2 repeat protein","protein-coding gene","ENSG00000106078","protein_coding","chr7:51016212-51316818","19","0.3","no","yes","no","2","-","no","no","no","-9","no","yes","O75128","1","-0.30","ENSMUSG00000020173","chr11:12236608-12464960","Cobl","-2","no","gene with protein product","23242"
"423","MTA2","MTA2","metastasis associated 1 family member 2","protein-coding gene","ENSG00000149480","protein_coding","chr11:62593214-62601865","19","0.3","yes","yes","no","2","-","no","no","no","6","no","yes","O94776","-3","-0.35","ENSMUSG00000071646","chr19:8941875-8952303","Mta2","0","no","gene with protein product","9219"
"424","PIM2","PIM2","Pim-2 proto-oncogene, serine/threonine kinase","protein-coding gene","ENSG00000102096","protein_coding","chrX:48913182-48919024","19","0.29","yes","no","no","3","G2/M","no","no","no","3","no","yes","-","-","-","ENSMUSG00000031155","chrX:7878262-7883432","Pim2","0","no","gene with protein product","11040"
"425","NIBAN2","NIBAN2","niban apoptosis regulator 2","protein-coding gene","ENSG00000136830","protein_coding","chr9:127505339-127578989","19","0.27","yes","yes","no","4","G2/M","no","no","no","-2","no","no","Q96TA1","5","0.54","ENSMUSG00000026796","chr2:32876114-32925254","Fam129b","2","no","gene with protein product","64855"
"426","GSS","GSS","glutathione synthetase","protein-coding gene","ENSG00000100983","protein_coding","chr20:34928432-34956027","19","0.26","yes","no","no","2","-","no","no","no","-2","no","no","P48637","4","0.37","ENSMUSG00000027610","chr2:155563181-155592810","Gss","13","yes","gene with protein product","2937"
"427","MFSD10","SLC75A1","solute carrier family 75 member 1","protein-coding gene","ENSG00000109736","protein_coding","chr4:2930561-2934834","19","0.25","no","yes","no","0","-","no","no","no","0","no","no","Q14728","0","-0.22","ENSMUSG00000001082","chr5:34633642-34637212","Mfsd10","-1","no","gene with protein product","10227"
"428","CELSR2","CELSR2","cadherin EGF LAG seven-pass G-type receptor 2","protein-coding gene","ENSG00000143126","protein_coding","chr1:109249539-109275751","19","0.23","yes","no","no","3","G1/S","no","no","no","1","no","no","Q9HCU4","1","0.33","ENSMUSG00000068740","chr3:108390851-108415552","Celsr2","8","no","gene with protein product","1952"
"429","SUPT7L","SUPT7L","SPT7 like, STAGA complex subunit gamma","protein-coding gene","ENSG00000119760","protein_coding","chr2:27650809-27663840","19","0.22","yes","no","no","3","G1/S","no","no","no","-6","no","no","O94864","-1","-0.20","ENSMUSG00000053134","chr5:31514564-31527807","Supt7l","0","no","gene with protein product","9913"
"430","ITGB4","ITGB4","integrin subunit beta 4","protein-coding gene","ENSG00000132470","protein_coding","chr17:75721328-75757818","19","0.22","no","yes","no","2","-","no","no","no","6","no","yes","P16144","3","0.54","ENSMUSG00000020758","chr11:115974709-116008412","Itgb4","9","yes","gene with protein product","3691"
"431","STK11","STK11","serine/threonine kinase 11","protein-coding gene","ENSG00000118046","protein_coding","chr19:1177558-1228431","19","0.21","no","yes","no","1","-","no","no","no","0","no","no","Q15831","1","0.15","ENSMUSG00000003068","chr10:80115803-80130682","Stk11","0","no","gene with protein product","6794"
"432","ABCC1","ABCC1","ATP binding cassette subfamily C member 1 (ABCC1 blood group)","protein-coding gene","ENSG00000103222","protein_coding","chr16:15949138-16143257","19","0.2","no","yes","no","3","G2/M","no","no","no","1","no","no","P33527","4","0.34","ENSMUSG00000023088","chr16:14361558-14475737","Abcc1","1","no","gene with protein product","4363"
"433","GNPTAB","GNPTAB","N-acetylglucosamine-1-phosphate transferase subunits alpha and beta","protein-coding gene","ENSG00000111670","protein_coding","chr12:101745499-101830959","19","0.19","no","yes","no","2","-","no","no","no","1","no","no","-","-","-","ENSMUSG00000035311","chr10:88379132-88447329","Gnptab","-3","no","gene with protein product","79158"
"434","EIF2AK4","EIF2AK4","eukaryotic translation initiation factor 2 alpha kinase 4","protein-coding gene","ENSG00000128829","protein_coding","chr15:39934115-40035591","19","0.19","yes","no","no","1","-","no","no","no","2","no","no","Q9P2K8","2","0.28","ENSMUSG00000005102","chr2:118388618-118475234","Eif2ak4","-1","no","gene with protein product","440275"
"435","MTO1","MTO1","mitochondrial tRNA translation optimization 1","protein-coding gene","ENSG00000135297","protein_coding","chr6:73461578-73509236","19","0.19","yes","yes","no","3","G2/M","no","no","no","3","no","yes","Q9Y2Z2","2","0.20","ENSMUSG00000032342","chr9:78448208-78475348","Mto1","0","no","gene with protein product","25821"
"436","CSRNP2","CSRNP2","cysteine and serine rich nuclear protein 2","protein-coding gene","ENSG00000110925","protein_coding","chr12:51061205-51083664","19","0.18","yes","yes","no","2","-","no","no","no","0","no","no","-","-","-","ENSMUSG00000044636","chr15:100479570-100495488","Csrnp2","4","no","gene with protein product","81566"
"437","LCE1E","LCE1E","late cornified envelope 1E","protein-coding gene","ENSG00000186226","protein_coding","chr1:152786214-152788426","18","2.71","yes","no","no","1","-","no","no","no","3","no","yes","-","-","-","-","-","-","-","-","gene with protein product","353135"
"438","POU3F1","POU3F1","POU class 3 homeobox 1","protein-coding gene","ENSG00000185668","protein_coding","chr1:38043829-38046793","18","2.56","yes","no","no","0","-","no","no","no","1","no","no","-","-","-","ENSMUSG00000090125","chr4:124656807-124660655","Pou3f1","1","no","gene with protein product","5453"
"439","ICAM4","ICAM4","intercellular adhesion molecule 4 (Landsteiner-Wiener blood group)","protein-coding gene","ENSG00000105371","protein_coding","chr19:10286955-10288522","18","1.54","yes","no","no","0","-","no","no","no","0","no","no","-","-","-","ENSMUSG00000001014","chr9:21029373-21030595","Icam4","0","no","gene with protein product","3386"
"440","RIC3","RIC3","RIC3 acetylcholine receptor chaperone","protein-coding gene","ENSG00000166405","protein_coding","chr11:8106056-8169055","18","1.32","yes","no","no","1","-","no","no","no","0","no","no","-","-","-","ENSMUSG00000048330","chr7:109034312-109083331","Ric3","0","no","gene with protein product","79608"
"441","NEFL","NEFL","neurofilament light chain","protein-coding gene","ENSG00000277586","protein_coding","chr8:24950955-24956721","18","1.22","yes","yes","no","1","-","no","no","no","3","no","no","P07196","1","0.53","ENSMUSG00000022055","chr14:68083863-68089095","Nefl","0","no","gene with protein product","4747"
"442","SPNS2","SPNS2","SPNS lysolipid transporter 2, sphingosine-1-phosphate","protein-coding gene","ENSG00000183018","protein_coding","chr17:4498881-4539035","18","0.58","no","yes","no","2","-","no","no","no","1","no","no","-","-","-","ENSMUSG00000040447","chr11:72451638-72489904","Spns2","0","no","gene with protein product","124976"
"443","MTMR9LP","MTMR9LP","myotubularin related protein 9 like, pseudogene","pseudogene","ENSG00000220785","transcribed_unprocessed_pseudogene","chr1:32231658-32241620","18","0.41","no","yes","no","2","-","no","no","no","-","-","-","-","-","-","-","-","-","-","-","pseudogene","339483"
"444","DUBR","DUBR","DPPA2 upstream binding RNA","non-coding RNA","ENSG00000243701","lncRNA","chr3:107220744-107348464","18","0.37","yes","no","no","1","-","no","no","no","0","no","no","-","-","-","-","-","-","-","-","RNA, long non-coding","344595"
"445","LURAP1L","LURAP1L","leucine rich adaptor protein 1 like","protein-coding gene","ENSG00000153714","protein_coding","chr9:12775020-12823060","18","0.34","no","yes","no","2","-","no","no","no","-2","no","no","-","-","-","ENSMUSG00000048706","chr4:80910646-80955628","Lurap1l","-6","no","gene with protein product","286343"
"446","RASSF4","RASSF4","Ras association domain family member 4","protein-coding gene","ENSG00000107551","protein_coding","chr10:44959407-44995891","18","0.32","yes","yes","no","1","-","no","no","no","-2","no","no","-","-","-","ENSMUSG00000042129","chr6:116633008-116673952","Rassf4","-2","no","gene with protein product","83937"
"447","MARCHF4","MARCHF4","membrane associated ring-CH-type finger 4","protein-coding gene","ENSG00000144583","protein_coding","chr2:216257865-216372483","18","0.32","yes","no","no","1","-","no","no","no","2","no","no","-","-","-","ENSMUSG00000039372","chr1:72427112-72536930","March4","1","no","gene with protein product","57574"
"448","MT-ND4L","MT-ND4L","mitochondrially encoded NADH:ubiquinone oxidoreductase core subunit 4L","protein-coding gene","ENSG00000212907","protein_coding","chrM:10470-10766","18","0.32","yes","no","no","2","-","no","no","no","0","no","no","-","-","-","-","-","-","-","-","gene with protein product","4539"
"449","LYST","LYST","lysosomal trafficking regulator","protein-coding gene","ENSG00000143669","protein_coding","chr1:235661041-235883640","18","0.31","no","yes","no","1","-","no","no","no","1","no","no","-","-","-","ENSMUSG00000019726","chr13:13590397-13778803","Lyst","-3","no","gene with protein product","1130"
"450","MT-RNR1","MT-RNR1","mitochondrially encoded 12S rRNA","non-coding RNA","ENSG00000211459","Mt_rRNA","chrM:648-1601","18","0.3","yes","no","no","3","G1/S","no","no","no","-","-","-","-","-","-","-","-","-","-","-","RNA, ribosomal","4549"
"451","TRAF3IP2","TRAF3IP2","TRAF3 interacting protein 2","protein-coding gene","ENSG00000056972","protein_coding","chr6:111555381-111606906","18","0.28","yes","no","no","2","-","no","no","no","7","no","yes","O43734","1","0.28","ENSMUSG00000019842","chr10:39612934-39655307","Traf3ip2","2","no","gene with protein product","10758"
"452","MAFK","MAFK","MAF bZIP transcription factor K","protein-coding gene","ENSG00000198517","protein_coding","chr7:1530702-1543043","18","0.28","no","yes","no","4","UNCLEAR","no","no","no","-2","no","no","O60675","0","0.00","ENSMUSG00000018143","chr5:139791513-139802653","Mafk","6","yes","gene with protein product","7975"
"453","MT-CO3","MT-CO3","mitochondrially encoded cytochrome c oxidase III","protein-coding gene","ENSG00000198938","protein_coding","chrM:9207-9990","18","0.27","yes","no","no","2","-","no","no","no","-3","no","no","P00414","0","0.13","-","-","-","-","-","gene with protein product","4514"
"454","CD44","CD44","CD44 molecule (IN blood group)","protein-coding gene","ENSG00000026508","protein_coding","chr11:35138882-35232402","18","0.25","no","yes","no","1","-","no","no","no","8","yes","yes","P16070","0","0.12","ENSMUSG00000005087","chr2:102811141-102901665","Cd44","3","no","gene with protein product","960"
"455","LACTB","LACTB","lactamase beta","protein-coding gene","ENSG00000103642","protein_coding","chr15:63121833-63142061","18","0.24","no","yes","no","2","-","no","no","no","-2","no","no","P83111","1","0.05","ENSMUSG00000032370","chr9:66955388-66975484","Lactb","6","no","gene with protein product","114294"
"456","SLC2A1","SLC2A1","solute carrier family 2 member 1","protein-coding gene","ENSG00000117394","protein_coding","chr1:42925353-42958893","18","0.24","yes","yes","no","2","-","no","no","no","-2","no","no","P11166","3","0.43","ENSMUSG00000028645","chr4:119108711-119137983","Slc2a1","0","no","gene with protein product","6513"
"457","MICAL2","MICAL2","microtubule associated monooxygenase, calponin and LIM domain containing 2","protein-coding gene","ENSG00000133816","protein_coding","chr11:12094008-12359144","18","0.24","no","yes","no","2","-","no","no","no","3","no","yes","O94851","2","0.35","ENSMUSG00000038244","chr7:112225856-112413106","Mical2","1","no","gene with protein product","9645"
"458","ANKRD13B","ANKRD13B","ankyrin repeat domain 13B","protein-coding gene","ENSG00000198720","protein_coding","chr17:29589769-29614761","18","0.24","no","yes","no","1","-","no","no","no","2","no","no","-","-","-","ENSMUSG00000037907","chr11:77470485-77489678","Ankrd13b","7","no","gene with protein product","124930"
"459","PRKCD","PRKCD","protein kinase C delta","protein-coding gene","ENSG00000163932","protein_coding","chr3:53156009-53192717","18","0.22","no","yes","no","1","-","no","no","no","2","no","no","Q05655","2","0.18","ENSMUSG00000021948","chr14:30595354-30626210","Prkcd","7","no","gene with protein product","5580"
"460","MTATP6P1","MTATP6P1","MT-ATP6 pseudogene 1","pseudogene","ENSG00000248527","unprocessed_pseudogene","chr1:633696-634376","18","0.22","yes","no","no","1","-","no","no","no","-","-","-","-","-","-","-","-","-","-","-","pseudogene","106480796"
"461","PLD1","PLD1","phospholipase D1","protein-coding gene","ENSG00000075651","protein_coding","chr3:171600404-171810950","18","0.2","no","yes","no","3","G1/S","no","no","no","-1","no","no","Q13393","0","0.40","ENSMUSG00000027695","chr3:27938695-28133362","Pld1","2","no","gene with protein product","5337"
"462","CTNNBIP1","CTNNBIP1","catenin beta interacting protein 1","protein-coding gene","ENSG00000178585","protein_coding","chr1:9848276-9910336","18","0.2","yes","no","no","3","G2/M","no","no","no","3","no","yes","Q9NSA3","3","0.53","ENSMUSG00000028988","chr4:149518236-149566437","Ctnnbip1","2","no","gene with protein product","56998"
"463","NCSTN","NCSTN","nicastrin","protein-coding gene","ENSG00000162736","protein_coding","chr1:160343316-160358952","18","0.19","no","yes","no","2","-","no","no","no","-8","no","yes","Q92542","2","0.12","ENSMUSG00000003458","chr1:172066013-172082795","Ncstn","1","no","gene with protein product","23385"
"464","TRUB1","TRUB1","TruB pseudouridine synthase family member 1","protein-coding gene","ENSG00000165832","protein_coding","chr10:114938195-114977676","18","0.19","yes","no","no","2","-","no","no","no","3","no","no","Q8WWH5","0","-0.02","ENSMUSG00000025086","chr19:57452912-57491005","Trub1","-1","no","gene with protein product","142940"
"465","PTEN","PTEN","phosphatase and tensin homolog","protein-coding gene","ENSG00000171862","protein_coding","chr10:87863625-87971930","18","0.18","yes","yes","no","4","G2/M","no","no","no","-2","no","no","P60484","1","0.70","ENSMUSG00000013663","chr19:32757497-32826160","Pten","0","no","gene with protein product","5728"
"466","UBC","UBC","ubiquitin C","protein-coding gene","ENSG00000150991","protein_coding","chr12:124911604-124917368","18","0.17","yes","yes","no","3","G1/S","no","no","no","4","no","yes","-","-","-","ENSMUSG00000008348","chr5:125385965-125390202","Ubc","0","no","gene with protein product","7316"
"467","CAPN2","CAPN2","calpain 2","protein-coding gene","ENSG00000162909","protein_coding","chr1:223701593-223776018","18","0.17","no","yes","no","2","-","no","no","no","3","no","yes","P17655","3","0.27","ENSMUSG00000026509","chr1:182467260-182517608","Capn2","-1","no","gene with protein product","824"
"468","PTP4A1","PTP4A1","protein tyrosine phosphatase 4A1","protein-coding gene","ENSG00000112245","protein_coding","chr6:63521746-63583436","17","0.89","yes","no","no","4","UNCLEAR","no","yes","no","-1","no","no","Q93096","2","0.45","-","-","-","-","-","gene with protein product","7803"
"469","APOD","APOD","apolipoprotein D","protein-coding gene","ENSG00000189058","protein_coding","chr3:195568705-195584033","17","0.89","yes","no","no","1","-","no","no","no","1","no","no","-","-","-","ENSMUSG00000022548","chr16:31296192-31314808","Apod","2","no","gene with protein product","347"
"470","CSTA","CSTA","cystatin A","protein-coding gene","ENSG00000121552","protein_coding","chr3:122325248-122341969","17","0.76","yes","no","no","1","-","no","no","no","9","yes","yes","P01040","2","0.28","-","-","-","-","-","gene with protein product","1475"
"471","ALDH1L1","ALDH1L1","aldehyde dehydrogenase 1 family member L1","protein-coding gene","ENSG00000144908","protein_coding","chr3:126103562-126197994","17","0.76","yes","no","no","1","-","no","no","no","0","no","no","-","-","-","ENSMUSG00000030088","chr6:90486427-90600203","Aldh1l1","9","no","gene with protein product","10840"
"472","RASGRF1","RASGRF1","Ras protein specific guanine nucleotide releasing factor 1","protein-coding gene","ENSG00000058335","protein_coding","chr15:78959906-79090780","17","0.55","yes","no","no","1","-","no","no","no","1","no","no","-","-","-","ENSMUSG00000032356","chr9:89909908-90026977","Rasgrf1","3","no","gene with protein product","5923"
"473","POU2F2","POU2F2","POU class 2 homeobox 2","protein-coding gene","ENSG00000028277","protein_coding","chr19:42086110-42196585","17","0.53","yes","yes","no","1","-","no","no","no","2","no","no","-","-","-","ENSMUSG00000008496","chr7:25087344-25179726","Pou2f2","0","no","gene with protein product","5452"
"474","SGIP1","SGIP1","SH3GL interacting endocytic adaptor 1","protein-coding gene","ENSG00000118473","protein_coding","chr1:66533383-66751139","17","0.42","no","yes","no","1","-","no","no","no","0","no","no","-","-","-","ENSMUSG00000028524","chr4:102741297-102973628","Sgip1","0","no","gene with protein product","84251"
"475","SLC37A1","SLC37A1","solute carrier family 37 member 1","protein-coding gene","ENSG00000160190","protein_coding","chr21:42496008-42581440","17","0.39","no","yes","no","1","-","no","no","no","-4","no","no","-","-","-","ENSMUSG00000024036","chr17:31286792-31350739","Slc37a1","0","no","gene with protein product","54020"
"476","FLRT2","FLRT2","fibronectin leucine rich transmembrane protein 2","protein-coding gene","ENSG00000185070","protein_coding","chr14:85530144-85654428","17","0.37","yes","yes","no","1","-","no","no","no","4","no","yes","-","-","-","ENSMUSG00000047414","chr12:95692226-95785215","Flrt2","-2","no","gene with protein product","23768"
"477","MT-ATP6","MT-ATP6","mitochondrially encoded ATP synthase membrane subunit 6","protein-coding gene","ENSG00000198899","protein_coding","chrM:8527-9207","17","0.32","yes","no","no","2","-","no","no","no","-2","no","no","P00846","0","0.08","ENSMUSG00000064357","chrMT:7927-8607","mt-Atp6","1","no","gene with protein product","4508"
"478","LAMA5","LAMA5","laminin subunit alpha 5","protein-coding gene","ENSG00000130702","protein_coding","chr20:62307955-62367312","17","0.3","no","yes","no","2","-","no","no","no","-5","no","yes","O15230","1","0.15","ENSMUSG00000015647","chr2:180176373-180225859","Lama5","5","no","gene with protein product","3911"
"479","AMPD3","AMPD3","adenosine monophosphate deaminase 3","protein-coding gene","ENSG00000133805","protein_coding","chr11:10308313-10507579","17","0.3","yes","no","no","1","-","no","no","no","5","no","yes","Q01432","1","0.32","ENSMUSG00000005686","chr7:110768206-110812405","Ampd3","2","no","gene with protein product","272"
"480","IER3","IER3","immediate early response 3","protein-coding gene","ENSG00000137331","protein_coding","chr6:30743199-30744548","17","0.3","yes","no","no","3","G1/S","no","no","no","3","no","yes","-","-","-","ENSMUSG00000003541","chr17:35821684-35822923","Ier3","-2","no","gene with protein product","8870"
"481","IL1RAP","IL1RAP","interleukin 1 receptor accessory protein","protein-coding gene","ENSG00000196083","protein_coding","chr3:190514051-190659750","17","0.3","yes","yes","no","2","-","no","no","no","7","no","yes","-","-","-","ENSMUSG00000022514","chr16:26581704-26730117","Il1rap","1","no","gene with protein product","3556"
"482","HTRA1","HTRA1","HtrA serine peptidase 1","protein-coding gene","ENSG00000166033","protein_coding","chr10:122458551-122514907","17","0.29","no","yes","no","2","-","no","no","no","2","no","no","-","-","-","ENSMUSG00000006205","chr7:130936111-130985660","Htra1","-1","no","gene with protein product","5654"
"483","SMIM3","SMIM3","small integral membrane protein 3","protein-coding gene","ENSG00000256235","protein_coding","chr5:150777946-150796734","17","0.29","no","yes","no","2","-","no","no","no","0","no","no","-","-","-","ENSMUSG00000038059","chr18:60474191-60501987","Smim3","10","no","gene with protein product","85027"
"484","CUL9","CUL9","cullin 9","protein-coding gene","ENSG00000112659","protein_coding","chr6:43182184-43224587","17","0.27","yes","no","no","1","-","no","no","no","3","no","yes","Q8IWT3","1","0.41","ENSMUSG00000040327","chr17:46500572-46546388","Cul9","2","no","gene with protein product","23113"
"485","ARID3A","ARID3A","AT-rich interaction domain 3A","protein-coding gene","ENSG00000116017","protein_coding","chr19:925781-975939","17","0.27","yes","no","no","2","-","no","no","no","-2","no","no","Q99856","1","0.34","ENSMUSG00000019564","chr10:79927043-79955018","Arid3a","-3","no","gene with protein product","1820"
"486","TPCN1","TPCN1","two pore segment channel 1","protein-coding gene","ENSG00000186815","protein_coding","chr12:113221050-113298585","17","0.27","no","yes","no","2","-","no","no","no","-1","no","no","Q9ULQ1","1","-0.10","ENSMUSG00000032741","chr5:120534153-120588673","Tpcn1","-3","no","gene with protein product","53373"
"487","ITGA6","ITGA6","integrin subunit alpha 6","protein-coding gene","ENSG00000091409","protein_coding","chr2:172427354-172506459","17","0.25","no","yes","no","2","-","no","no","no","10","yes","yes","P23229","3","0.37","ENSMUSG00000027111","chr2:71745616-71858416","Itga6","4","no","gene with protein product","3655"
"488","BAIAP2L1","BAIAP2L1","BAR/IMD domain containing adaptor protein 2 like 1","protein-coding gene","ENSG00000006453","protein_coding","chr7:98291650-98401090","17","0.23","yes","yes","no","1","-","no","no","no","-3","no","yes","Q9UHR4","1","-0.06","ENSMUSG00000038859","chr5:144264526-144358112","Baiap2l1","3","no","gene with protein product","55971"
"489","PCNX1","PCNX1","pecanex 1","protein-coding gene","ENSG00000100731","protein_coding","chr14:70907405-71115382","17","0.23","yes","yes","no","1","-","no","no","no","0","no","no","-","-","-","ENSMUSG00000021140","chr12:81860023-82000924","Pcnx","-1","no","gene with protein product","22990"
"490","NAT9","NAT9","N-acetyltransferase 9","protein-coding gene","ENSG00000109065","protein_coding","chr17:74770529-74776367","17","0.23","no","yes","no","2","-","no","no","no","2","no","no","Q9BTE0","0","-0.27","ENSMUSG00000015542","chr11:115182832-115187859","Nat9","11","yes","gene with protein product","26151"
"491","MT-ND3","MT-ND3","mitochondrially encoded NADH:ubiquinone oxidoreductase core subunit 3","protein-coding gene","ENSG00000198840","protein_coding","chrM:10059-10404","17","0.23","yes","no","no","2","-","no","no","no","-1","no","no","P03897","0","-0.01","ENSMUSG00000064360","chrMT:9459-9806","mt-Nd3","0","no","gene with protein product","4537"
"492","BAIAP2","BAIAP2","BAR/IMD domain containing adaptor protein 2","protein-coding gene","ENSG00000175866","protein_coding","chr17:81035122-81117432","17","0.21","yes","no","no","4","G1/S","no","no","no","3","no","yes","Q9UQB8","1","-0.06","ENSMUSG00000025372","chr11:119942763-120006782","Baiap2","8","yes","gene with protein product","10458"
"493","S100A10","S100A10","S100 calcium binding protein A10","protein-coding gene","ENSG00000197747","protein_coding","chr1:151982915-151993859","17","0.21","yes","yes","no","3","G1/S","no","no","no","5","no","yes","P60903","3","0.63","ENSMUSG00000041959","chr3:93555080-93564643","S100a10","2","no","gene with protein product","6281"
"494","CIAO2B","CIAO2B","cytosolic iron-sulfur assembly component 2B","protein-coding gene","ENSG00000166595","protein_coding","chr16:66932065-66934423","17","0.2","yes","no","no","2","-","no","no","no","2","no","no","Q9Y3D0","1","0.09","ENSMUSG00000031879","chr8:104639838-104641965","Fam96b","1","no","gene with protein product","51647"
"495","DYNC1H1","DYNC1H1","dynein cytoplasmic 1 heavy chain 1","protein-coding gene","ENSG00000197102","protein_coding","chr14:101964573-102056443","17","0.19","yes","no","no","1","-","no","no","no","0","no","no","Q14204","0","0.14","ENSMUSG00000018707","chr12:110601452-110666945","Dync1h1","1","no","gene with protein product","1778"
"496","TKT","TKT","transketolase","protein-coding gene","ENSG00000163931","protein_coding","chr3:53224712-53256052","17","0.18","no","yes","no","2","-","no","no","no","2","no","no","P29401","3","0.28","ENSMUSG00000021957","chr14:30548359-30574720","Tkt","1","no","gene with protein product","7086"
"497","ZC3HAV1","ZC3HAV1","zinc finger CCCH-type containing, antiviral 1","protein-coding gene","ENSG00000105939","protein_coding","chr7:139043515-139109720","17","0.17","yes","yes","no","3","G1/S","no","no","no","-2","no","no","Q7Z2W4","0","0.06","ENSMUSG00000029826","chr6:38305286-38354603","Zc3hav1","-4","no","gene with protein product","56829"
"498","YIPF3","YIPF3","Yip1 domain family member 3","protein-coding gene","ENSG00000137207","protein_coding","chr6:43511832-43516985","17","0.17","no","yes","no","2","-","no","no","no","-6","no","no","Q9GZM5","3","0.30","ENSMUSG00000071074","chr17:46248080-46252537","Yipf3","10","no","gene with protein product","25844"
"499","FXYD3","FXYD3","FXYD domain containing ion transport regulator 3","protein-coding gene","ENSG00000089356","protein_coding","chr19:35115879-35124324","16","1.5","no","yes","no","0","-","no","no","no","-4","no","yes","Q14802","1","0.71","-","-","-","-","-","gene with protein product","5349"
"500","ZBBX","ZBBX","zinc finger B-box domain containing","protein-coding gene","ENSG00000169064","protein_coding","chr3:167239843-167407874","16","1.18","yes","no","no","0","-","no","no","no","-","-","-","-","-","-","ENSMUSG00000034151","chr3:75037907-75165034","Zbbx","0","no","gene with protein product","79740"
"501","DOCK8-AS1","DOCK8-AS1","DOCK8 antisense RNA 1","non-coding RNA","ENSG00000183784","lncRNA","chr9:212824-215893","16","1.04","yes","no","no","1","-","no","no","no","-1","no","no","-","-","-","-","-","-","-","-","RNA, long non-coding","157983"
"502","TG","TG","thyroglobulin","protein-coding gene","ENSG00000042832","protein_coding","chr8:132866958-133134903","16","0.92","yes","yes","no","1","-","no","no","no","-2","no","no","-","-","-","ENSMUSG00000053469","chr15:66670753-66850721","Tg","2","no","gene with protein product","7038"
"503","CHADL","CHADL","chondroadherin like","protein-coding gene","ENSG00000100399","protein_coding","chr22:41229510-41240931","16","0.83","yes","no","no","0","-","no","no","no","-1","no","no","-","-","-","ENSMUSG00000063765","chr15:81678296-81697287","Chadl","0","no","gene with protein product","150356"
"504","PLB1","PLB1","phospholipase B1","protein-coding gene","ENSG00000163803","protein_coding","chr2:28457145-28644142","16","0.82","yes","yes","no","1","-","no","no","no","1","no","no","-","-","-","ENSMUSG00000029134","chr5:32232708-32366520","Plb1","4","no","gene with protein product","151056"
"505","F2RL2","F2RL2","coagulation factor II thrombin receptor like 2","protein-coding gene","ENSG00000164220","protein_coding","chr5:76615482-76623413","16","0.67","no","yes","no","2","-","no","no","no","-1","no","no","-","-","-","ENSMUSG00000021675","chr13:95696853-95702739","F2rl2","0","no","gene with protein product","2151"
"506","IRF6","IRF6","interferon regulatory factor 6","protein-coding gene","ENSG00000117595","protein_coding","chr1:209785617-209806175","16","0.49","no","yes","no","2","-","no","no","no","10","yes","yes","O14896","1","0.23","ENSMUSG00000026638","chr1:193153111-193172023","Irf6","7","no","gene with protein product","3664"
"507","MERTK","MERTK","MER proto-oncogene, tyrosine kinase","protein-coding gene","ENSG00000153208","protein_coding","chr2:111898607-112029561","16","0.4","no","yes","no","3","G2/M","no","no","no","3","no","yes","-","-","-","ENSMUSG00000014361","chr2:128698956-128802894","Mertk","4","no","gene with protein product","10461"
"508","CELF2","CELF2","CUGBP Elav-like family member 2","protein-coding gene","ENSG00000048740","protein_coding","chr10:10798397-11336675","16","0.39","yes","yes","no","1","-","no","no","no","0","no","no","O95319","0","-0.06","ENSMUSG00000002107","chr2:6539694-7509563","Celf2","-5","no","gene with protein product","10659"
"509","TSPAN9","TSPAN9","tetraspanin 9","protein-coding gene","ENSG00000011105","protein_coding","chr12:3077355-3286564","16","0.28","yes","yes","no","2","-","no","no","no","0","no","no","-","-","-","ENSMUSG00000030352","chr6:127961396-128143594","Tspan9","2","no","gene with protein product","10867"
"510","SSH1","SSH1","slingshot protein phosphatase 1","protein-coding gene","ENSG00000084112","protein_coding","chr12:108778191-108857590","16","0.26","no","yes","no","2","-","no","no","no","6","no","yes","Q8WYL5","2","0.44","ENSMUSG00000042121","chr5:113937094-113993894","Ssh1","-5","no","gene with protein product","54434"
"511","CORO2A","CORO2A","coronin 2A","protein-coding gene","ENSG00000106789","protein_coding","chr9:98120975-98192637","16","0.26","no","yes","no","2","-","no","no","no","5","no","yes","Q92828","0","0.10","ENSMUSG00000028337","chr4:46536937-46602202","Coro2a","6","no","gene with protein product","7464"
"512","CCDC69","CCDC69","coiled-coil domain containing 69","protein-coding gene","ENSG00000198624","protein_coding","chr5:151181052-151224093","16","0.26","yes","no","no","0","-","no","no","no","0","no","no","-","-","-","ENSMUSG00000049588","chr11:55049731-55078131","Ccdc69","-1","no","gene with protein product","26112"
"513","ZNF160","ZNF160","zinc finger protein 160","protein-coding gene","ENSG00000170949","protein_coding","chr19:53066606-53103436","16","0.25","no","yes","no","2","-","no","no","no","-2","no","no","-","-","-","-","-","-","-","-","gene with protein product","90338"
"514","APBB2","APBB2","amyloid beta precursor protein binding family B member 2","protein-coding gene","ENSG00000163697","protein_coding","chr4:40810027-41216714","16","0.24","no","yes","no","3","G2/M","no","no","no","-1","no","no","Q92870","2","0.33","ENSMUSG00000029207","chr5:66298703-66618784","Apbb2","2","no","gene with protein product","323"
"515","AJUBA","AJUBA","ajuba LIM protein","protein-coding gene","ENSG00000129474","protein_coding","chr14:22971177-22982551","16","0.23","yes","yes","no","1","-","no","no","no","7","no","yes","Q96IF1","1","0.60","ENSMUSG00000022178","chr14:54567472-54577558","Ajuba","0","no","gene with protein product","84962"
"516","THSD4","THSD4","thrombospondin type 1 domain containing 4","protein-coding gene","ENSG00000187720","protein_coding","chr15:71096952-71783383","16","0.23","yes","no","no","1","-","no","no","no","3","no","yes","-","-","-","ENSMUSG00000032289","chr9:59966931-60522046","Thsd4","0","no","gene with protein product","79875"
"517","SPRYD7","SPRYD7","SPRY domain containing 7","protein-coding gene","ENSG00000123178","protein_coding","chr13:49912702-49936490","16","0.22","yes","no","no","2","-","no","no","no","2","no","no","Q5W111","2","0.11","ENSMUSG00000021930","chr14:61531993-61556886","Spryd7","-1","no","gene with protein product","57213"
"518","ETNK1","ETNK1","ethanolamine kinase 1","protein-coding gene","ENSG00000139163","protein_coding","chr12:22625075-22690665","16","0.22","yes","no","no","2","-","no","no","no","-2","no","no","Q9HBU6","-1","-0.24","ENSMUSG00000030275","chr6:143167221-143232307","Etnk1","4","no","gene with protein product","55500"
"519","FZD6","FZD6","frizzled class receptor 6","protein-coding gene","ENSG00000164930","protein_coding","chr8:103298433-103332866","16","0.22","no","yes","no","1","-","no","no","no","5","no","yes","O60353","2","0.46","ENSMUSG00000022297","chr15:39006034-39038188","Fzd6","1","no","gene with protein product","8323"
"520","SNX19","SNX19","sorting nexin 19","protein-coding gene","ENSG00000120451","protein_coding","chr11:130866250-130916479","16","0.2","yes","no","no","2","-","no","no","no","0","no","no","-","-","-","ENSMUSG00000031993","chr9:30427108-30466733","Snx19","1","no","gene with protein product","399979"
"521","RGS5","RGS5","regulator of G protein signaling 5","protein-coding gene","ENSG00000143248","protein_coding","chr1:163111121-163321791","16","0.2","yes","no","no","1","-","no","no","no","-3","no","no","-","-","-","ENSMUSG00000026678","chr1:169655501-169695813","Rgs5","6","yes","gene with protein product","8490"
"522","GOLIM4","GOLIM4","golgi integral membrane protein 4","protein-coding gene","ENSG00000173905","protein_coding","chr3:168008689-168095924","16","0.2","yes","no","no","3","G1/S","no","no","no","7","no","yes","O00461","2","0.09","ENSMUSG00000034109","chr3:75875084-75956949","Golim4","-1","no","gene with protein product","27333"
"523","HYAL3","HYAL3","hyaluronidase 3","protein-coding gene","ENSG00000186792","protein_coding","chr3:50292831-50299405","16","0.19","no","yes","no","2","-","no","no","no","-2","no","no","-","-","-","ENSMUSG00000036091","chr9:107580818-107587359","Hyal3","4","no","gene with protein product","8372"
"524","FAM120B","FAM120B","family with sequence similarity 120 member B","protein-coding gene","ENSG00000112584","protein_coding","chr6:170290703-170407067","16","0.18","yes","yes","no","1","-","no","no","no","-1","no","no","Q96EK7","3","0.26","ENSMUSG00000014763","chr17:15396202-15433583","Fam120b","1","no","gene with protein product","84498"
"525","SBF1","SBF1","SET binding factor 1","protein-coding gene","ENSG00000100241","protein_coding","chr22:50445000-50475035","16","0.17","yes","no","no","1","-","no","no","no","2","no","no","O95248","0","0.12","ENSMUSG00000036529","chr15:89288236-89315311","Sbf1","1","no","gene with protein product","6305"
"526","ERCC1","ERCC1","ERCC excision repair 1, endonuclease non-catalytic subunit","protein-coding gene","ENSG00000012061","protein_coding","chr19:45407334-45478828","16","0.15","yes","yes","no","1","-","no","no","no","4","no","yes","P07992","-1","-0.13","ENSMUSG00000003549","chr7:19344778-19356524","Ercc1","4","no","gene with protein product","2067"
"527","SMAD3","SMAD3","SMAD family member 3","protein-coding gene","ENSG00000166949","protein_coding","chr15:67063763-67195169","16","0.14","yes","yes","no","4","G2/M","no","yes","no","1","no","no","P84022","1","0.09","ENSMUSG00000032402","chr9:63646767-63757994","Smad3","4","no","gene with protein product","4088"
"528","GIT1","GIT1","GIT ArfGAP 1","protein-coding gene","ENSG00000108262","protein_coding","chr17:29573475-29594054","16","0.12","yes","yes","no","2","-","no","no","no","6","no","yes","Q9Y2X7","3","0.39","ENSMUSG00000011877","chr11:77493562-77507786","Git1","2","no","gene with protein product","28964"
"529","CDK18","CDK18","cyclin dependent kinase 18","protein-coding gene","ENSG00000117266","protein_coding","chr1:205504596-205532793","16","0.11","no","yes","no","1","-","no","no","no","3","no","yes","Q07002","2","0.72","ENSMUSG00000026437","chr1:132112237-132139684","Cdk18","10","no","gene with protein product","5129"
"530","SIGLEC14","SIGLEC14","sialic acid binding Ig like lectin 14","protein-coding gene","ENSG00000254415","protein_coding","chr19:51642553-51646801","15","2.35","yes","no","no","1","-","no","no","no","-","-","-","-","-","-","-","-","-","-","-","gene with protein product","100049587"
"531","IRAG2","IRAG2","inositol 1,4,5-triphosphate receptor associated 2","protein-coding gene","ENSG00000118308","protein_coding","chr12:25004342-25108334","15","1.35","yes","yes","no","0","-","no","no","no","3","no","yes","-","-","-","ENSMUSG00000030263","chr6:145115653-145174934","Lrmp","-1","no","gene with protein product","4033"
"532","LNCAROD","LNCAROD","lncRNA activating regulator of DKK1","non-coding RNA","ENSG00000231131","lncRNA","chr10:52450874-52755507","15","0.84","no","yes","no","1","-","no","no","no","-1","no","no","-","-","-","-","-","-","-","-","RNA, long non-coding","101928687"
"533","MST1P2","MST1P2","macrophage stimulating 1 pseudogene 2","pseudogene","ENSG00000186301","unprocessed_pseudogene","chr1:16645622-16650289","15","0.54","yes","no","no","1","-","no","no","no","-","-","-","-","-","-","-","-","-","-","-","pseudogene","11209"
"534","PHOSPHO1","PHOSPHO1","phosphoethanolamine/phosphocholine phosphatase 1","protein-coding gene","ENSG00000173868","protein_coding","chr17:49223366-49230787","15","0.51","yes","no","no","0","-","no","no","no","0","no","no","-","-","-","ENSMUSG00000050860","chr11:95824499-95832140","Phospho1","-1","no","gene with protein product","162466"
"535","COL9A2","COL9A2","collagen type IX alpha 2 chain","protein-coding gene","ENSG00000049089","protein_coding","chr1:40300489-40317813","15","0.48","yes","yes","no","1","-","no","no","no","-4","no","yes","-","-","-","ENSMUSG00000028626","chr4:121039385-121055322","Col9a2","2","no","gene with protein product","1298"
"536","CASP1","CASP1","caspase 1","protein-coding gene","ENSG00000137752","protein_coding","chr11:105025443-105035250","15","0.47","yes","no","no","1","-","no","no","no","9","no","no","P29466","1","1.44","ENSMUSG00000025888","chr9:5298508-5307290","Casp1","0","no","gene with protein product","834"
"537","FBN2","FBN2","fibrillin 2","protein-coding gene","ENSG00000138829","protein_coding","chr5:128257909-128659185","15","0.37","yes","yes","no","2","-","no","no","no","5","no","yes","P35556","1","0.35","ENSMUSG00000024598","chr18:58008623-58210487","Fbn2","-5","no","gene with protein product","2201"
"538","HID1","HID1","HID1 domain containing","protein-coding gene","ENSG00000167861","protein_coding","chr17:74950742-74973166","15","0.36","no","yes","no","1","-","no","no","no","-3","no","no","Q8IV36","0","0.58","ENSMUSG00000034586","chr11:115347707-115367756","Hid1","-1","no","gene with protein product","283987"
"539","LRRC37A3","LRRC37A3","leucine rich repeat containing 37 member A3","protein-coding gene","ENSG00000176809","protein_coding","chr17:64854312-64919480","15","0.32","yes","no","no","0","-","no","no","no","-2","no","no","-","-","-","-","-","-","-","-","gene with protein product","374819"
"540","IGFBP4","IGFBP4","insulin like growth factor binding protein 4","protein-coding gene","ENSG00000141753","protein_coding","chr17:40443450-40457725","15","0.29","no","yes","no","2","-","no","no","no","2","no","no","-","-","-","ENSMUSG00000017493","chr11:99041244-99054392","Igfbp4","-5","no","gene with protein product","3487"
"541","AXL","AXL","AXL receptor tyrosine kinase","protein-coding gene","ENSG00000167601","protein_coding","chr19:41219223-41261766","15","0.27","yes","yes","no","1","-","no","no","no","0","no","no","P30530","-1","-0.14","ENSMUSG00000002602","chr7:25757273-25788705","Axl","1","no","gene with protein product","558"
"542","LIPA","LIPA","lipase A, lysosomal acid type","protein-coding gene","ENSG00000107798","protein_coding","chr10:89213569-89414557","15","0.26","no","yes","no","1","-","no","no","no","1","no","no","P38571","2","0.73","ENSMUSG00000024781","chr19:34492318-34527474","Lipa","1","no","gene with protein product","3988"
"543","CHST15","CHST15","carbohydrate sulfotransferase 15","protein-coding gene","ENSG00000182022","protein_coding","chr10:124007668-124093598","15","0.26","no","yes","no","1","-","no","no","no","-3","no","yes","-","-","-","ENSMUSG00000030930","chr7:132235780-132317228","Chst15","-2","no","gene with protein product","51363"
"544","PANK2","PANK2","pantothenate kinase 2","protein-coding gene","ENSG00000125779","protein_coding","chr20:3888839-3929882","15","0.23","yes","no","no","4","G1/S","no","no","no","-3","no","yes","Q9BZ23","-1","-0.06","ENSMUSG00000037514","chr2:131262495-131299188","Pank2","0","no","gene with protein product","80025"
"545","MT-ND2","MT-ND2","mitochondrially encoded NADH:ubiquinone oxidoreductase core subunit 2","protein-coding gene","ENSG00000198763","protein_coding","chrM:4470-5511","15","0.23","yes","no","no","2","-","no","no","no","-1","no","no","P03891","1","0.28","ENSMUSG00000064345","chrMT:3914-4951","mt-Nd2","0","no","gene with protein product","4536"
"546","SECISBP2L","SECISBP2L","SECIS binding protein 2 like","protein-coding gene","ENSG00000138593","protein_coding","chr15:48988476-49046447","15","0.22","no","yes","no","1","-","no","no","no","-7","no","no","Q93073","1","0.20","ENSMUSG00000035093","chr2:125736986-125782870","Secisbp2l","-1","no","gene with protein product","9728"
"547","IGFBP2","IGFBP2","insulin like growth factor binding protein 2","protein-coding gene","ENSG00000115457","protein_coding","chr2:216632828-216664436","15","0.21","no","yes","no","1","-","no","no","no","3","no","yes","P18065","0","-0.08","ENSMUSG00000039323","chr1:72824503-72852474","Igfbp2","-1","no","gene with protein product","3485"
"548","SCAND1","SCAND1","SCAN domain containing 1","protein-coding gene","ENSG00000171222","protein_coding","chr20:35953617-35959472","15","0.2","yes","no","no","2","-","no","no","no","-6","no","no","P57086","0","-0.06","ENSMUSG00000046229","chr2:156311846-156312747","Scand1","6","yes","gene with protein product","51282"
"549","KAZN","KAZN","kazrin, periplakin interacting protein","protein-coding gene","ENSG00000189337","protein_coding","chr1:13892792-15118043","15","0.2","no","yes","no","1","-","no","no","no","6","no","yes","-","-","-","ENSMUSG00000040606","chr4:142102390-142239401","Kazn","1","no","gene with protein product","23254"
"550","ARPC2","ARPC2","actin related protein 2/3 complex subunit 2","protein-coding gene","ENSG00000163466","protein_coding","chr2:218217141-218254356","15","0.19","yes","yes","no","3","G2/M","no","no","no","6","no","yes","O15144","1","0.17","ENSMUSG00000006304","chr1:74236084-74268209","Arpc2","0","no","gene with protein product","10109"
"551","MOB3A","MOB3A","MOB kinase activator 3A","protein-coding gene","ENSG00000172081","protein_coding","chr19:2071036-2096673","15","0.19","yes","yes","no","1","-","no","no","no","3","no","yes","-","-","-","ENSMUSG00000003348","chr10:80685253-80701977","Mob3a","4","no","gene with protein product","126308"
"552","TRIM4","TRIM4","tripartite motif containing 4","protein-coding gene","ENSG00000146833","protein_coding","chr7:99876958-99919531","15","0.18","no","yes","no","1","-","no","no","no","3","no","yes","Q9C037","1","0.15","-","-","-","-","-","gene with protein product","89122"
"553","PITPNC1","PITPNC1","phosphatidylinositol transfer protein cytoplasmic 1","protein-coding gene","ENSG00000154217","protein_coding","chr17:67377281-67697261","15","0.16","no","yes","no","4","G2/M","no","no","no","6","no","no","-","-","-","ENSMUSG00000040430","chr11:107207892-107470699","Pitpnc1","6","yes","gene with protein product","26207"
"554","SEPTIN9","SEPTIN9","septin 9","protein-coding gene","ENSG00000184640","protein_coding","chr17:77280569-77500596","15","0.16","yes","yes","no","4","G2/M","no","no","no","-","-","-","Q9UHD8","2","0.19","ENSMUSG00000059248","chr11:117199661-117362325","40057.00","0","no","gene with protein product","10801"
"555","CD55","CD55","CD55 molecule (Cromer blood group)","protein-coding gene","ENSG00000196352","protein_coding","chr1:207321532-207386804","15","0.12","no","yes","no","1","-","no","no","no","-7","no","yes","P08174","-1","-0.17","-","-","-","-","-","gene with protein product","1604"
"556","RALA","RALA","RAS like proto-oncogene A","protein-coding gene","ENSG00000006451","protein_coding","chr7:39623565-39708120","15","0.11","yes","no","no","2","-","no","no","no","3","no","yes","P11233","0","0.14","ENSMUSG00000008859","chr13:17880571-17944239","Rala","2","no","gene with protein product","5898"
"557","CPSF4","CPSF4","cleavage and polyadenylation specific factor 4","protein-coding gene","ENSG00000160917","protein_coding","chr7:99438922-99457373","15","0.11","yes","no","no","1","-","no","no","no","4","no","yes","O95639","-1","-0.12","ENSMUSG00000029625","chr5:145167213-145182041","Cpsf4","0","no","gene with protein product","10898"
"558","MCOLN1","MCOLN1","mucolipin TRP cation channel 1","protein-coding gene","ENSG00000090674","protein_coding","chr19:7522624-7534009","15","0.09","yes","yes","no","1","-","no","no","no","-4","no","no","-","-","-","ENSMUSG00000004567","chr8:3500457-3515232","Mcoln1","1","no","gene with protein product","57192"
"559","URB1","URB1","URB1 ribosome biogenesis factor","protein-coding gene","ENSG00000142207","protein_coding","chr21:32311018-32393012","15","0.09","no","yes","no","3","G2/M","no","no","no","4","no","yes","O60287","-1","-0.14","ENSMUSG00000039929","chr16:90751527-90810413","Urb1","-2","no","gene with protein product","9875"
"560","VMP1","VMP1","vacuole membrane protein 1","protein-coding gene","ENSG00000062716","protein_coding","chr17:59707192-59842255","15","0.04","yes","yes","no","3","G2/M","no","no","no","-3","no","no","Q96GC9","1","0.13","ENSMUSG00000018171","chr11:86583865-86683836","Vmp1","-1","no","gene with protein product","81671"
"561","MYBPHL","MYBPHL","myosin binding protein H like","protein-coding gene","ENSG00000221986","protein_coding","chr1:109292365-109307011","14","1.74","yes","yes","no","1","-","no","no","no","2","no","no","-","-","-","ENSMUSG00000068745","chr3:108364911-108380057","Mybphl","2","no","gene with protein product","343263"
"562","ZNF750","ZNF750","zinc finger protein 750","protein-coding gene","ENSG00000141579","protein_coding","chr17:82829434-82840022","14","1.2","no","yes","no","0","-","no","no","no","4","no","yes","-","-","-","ENSMUSG00000039238","chr11:121510978-121519333","Zfp750","10","yes","gene with protein product","79755"
"563","LRP2BP","LRP2BP","LRP2 binding protein","protein-coding gene","ENSG00000109771","protein_coding","chr4:185363879-185395899","14","0.4","yes","no","no","2","-","no","no","no","0","no","no","-","-","-","ENSMUSG00000031637","chr8:45999303-46029477","Lrp2bp","-1","no","gene with protein product","55805"
"564","BBS1","BBS1","Bardet-Biedl syndrome 1","protein-coding gene","ENSG00000174483","protein_coding","chr11:66510606-66533613","14","0.39","yes","no","no","2","-","no","no","no","2","no","no","-","-","-","-","-","-","-","-","gene with protein product","582"
"565","SNRPN","SNRPN","small nuclear ribonucleoprotein polypeptide N","protein-coding gene","ENSG00000128739","protein_coding","chr15:24823637-24978723","14","0.36","yes","yes","no","1","-","no","no","no","-6","no","no","P63162","-1","-0.26","-","-","-","-","-","gene with protein product","6638"
"566","FRMD4A","FRMD4A","FERM domain containing 4A","protein-coding gene","ENSG00000151474","protein_coding","chr10:13643706-14462142","14","0.36","no","yes","no","1","-","no","no","no","2","no","no","Q9P2Q2","0","0.18","ENSMUSG00000026657","chr2:4017717-4614043","Frmd4a","-4","no","gene with protein product","55691"
"567","NR4A2","NR4A2","nuclear receptor subfamily 4 group A member 2","protein-coding gene","ENSG00000153234","protein_coding","chr2:156324437-156342348","14","0.35","yes","no","no","2","-","no","no","no","-4","no","no","-","-","-","ENSMUSG00000026826","chr2:57106830-57124003","Nr4a2","4","no","gene with protein product","4929"
"568","CITED4","CITED4","Cbp/p300 interacting transactivator with Glu/Asp rich carboxy-terminal domain 4","protein-coding gene","ENSG00000179862","protein_coding","chr1:40861054-40862363","14","0.35","no","yes","no","1","-","no","no","no","1","no","no","-","-","-","ENSMUSG00000070803","chr4:120666572-120667820","Cited4","8","no","gene with protein product","163732"
"569","TMEM92","TMEM92","transmembrane protein 92","protein-coding gene","ENSG00000167105","protein_coding","chr17:50271406-50281485","14","0.33","no","yes","no","1","-","no","no","no","1","no","no","-","-","-","ENSMUSG00000075610","chr11:94777217-94782703","Tmem92","3","no","gene with protein product","162461"
"570","TBC1D10A","TBC1D10A","TBC1 domain family member 10A","protein-coding gene","ENSG00000099992","protein_coding","chr22:30291990-30326947","14","0.31","no","yes","no","0","-","no","no","no","-1","no","no","Q9BXI6","1","0.16","ENSMUSG00000034412","chr11:4186789-4215505","Tbc1d10a","1","no","gene with protein product","83874"
"571","EXD3","EXD3","exonuclease 3'-5' domain containing 3","protein-coding gene","ENSG00000187609","protein_coding","chr9:137306896-137423211","14","0.3","yes","yes","no","1","-","no","no","no","-3","no","yes","-","-","-","-","-","-","-","-","gene with protein product","54932"
"572","PHLDA1","PHLDA1","pleckstrin homology like domain family A member 1","protein-coding gene","ENSG00000139289","protein_coding","chr12:76025447-76033932","14","0.26","no","yes","no","4","UNCLEAR","no","no","no","9","no","no","Q8WV24","1","0.16","ENSMUSG00000020205","chr10:111506286-111508645","Phlda1","9","yes","gene with protein product","22822"
"573","MRI1","MRI1","methylthioribose-1-phosphate isomerase 1","protein-coding gene","ENSG00000037757","protein_coding","chr19:13764522-13774282","14","0.23","yes","yes","no","2","-","no","no","no","1","no","no","Q9BV20","1","0.23","ENSMUSG00000004996","chr8:84249906-84257326","Mri1","8","yes","gene with protein product","84245"
"574","GSK3B","GSK3B","glycogen synthase kinase 3 beta","protein-coding gene","ENSG00000082701","protein_coding","chr3:119821321-120094994","14","0.23","yes","no","no","1","-","no","no","no","2","no","no","P49841","2","0.20","ENSMUSG00000022812","chr16:38089001-38246084","Gsk3b","0","no","gene with protein product","2932"
"575","STN1","STN1","STN1 subunit of CST complex","protein-coding gene","ENSG00000107960","protein_coding","chr10:103877569-103918184","14","0.23","yes","yes","no","2","-","no","no","no","-2","no","no","-","-","-","ENSMUSG00000042694","chr19:47501033-47537507","Obfc1","0","no","gene with protein product","79991"
"576","PEX1","PEX1","peroxisomal biogenesis factor 1","protein-coding gene","ENSG00000127980","protein_coding","chr7:92487020-92528520","14","0.23","no","yes","no","1","-","no","no","no","-1","no","no","O43933","0","0.03","ENSMUSG00000005907","chr5:3596066-3637232","Pex1","-1","no","gene with protein product","5189"
"577","PXDN","PXDN","peroxidasin","protein-coding gene","ENSG00000130508","protein_coding","chr2:1631887-1744852","14","0.22","no","yes","no","1","-","no","no","no","-9","no","yes","Q92626","2","0.27","ENSMUSG00000020674","chr12:29937608-30017658","Pxdn","-3","no","gene with protein product","7837"
"578","NDST1","NDST1","N-deacetylase and N-sulfotransferase 1","protein-coding gene","ENSG00000070614","protein_coding","chr5:150485818-150558211","14","0.21","no","yes","no","1","-","no","no","no","9","yes","yes","-","-","-","ENSMUSG00000054008","chr18:60684494-60748650","Ndst1","-1","no","gene with protein product","3340"
"579","TMEM87B","TMEM87B","transmembrane protein 87B","protein-coding gene","ENSG00000153214","protein_coding","chr2:112055269-112119318","14","0.21","no","yes","no","2","-","no","no","no","-4","no","yes","Q96K49","0","-0.04","ENSMUSG00000014353","chr2:128818118-128854261","Tmem87b","0","no","gene with protein product","84910"
"580","ERAP1","ERAP1","endoplasmic reticulum aminopeptidase 1","protein-coding gene","ENSG00000164307","protein_coding","chr5:96760810-96808100","14","0.21","yes","no","no","3","G2/M","no","no","no","-4","no","yes","Q9NZ08","1","0.13","ENSMUSG00000021583","chr13:74639568-74693201","Erap1","-4","no","gene with protein product","51752"
"581","CPQ","CPQ","carboxypeptidase Q","protein-coding gene","ENSG00000104324","protein_coding","chr8:96645242-97149654","14","0.2","yes","no","no","1","-","no","no","no","-8","no","yes","Q9Y646","0","-0.78","ENSMUSG00000039007","chr15:33083129-33594552","Cpq","-1","no","gene with protein product","10404"
"582","COQ4","COQ4","coenzyme Q4","protein-coding gene","ENSG00000167113","protein_coding","chr9:128322544-128334072","14","0.2","yes","yes","no","1","-","no","no","no","-6","no","yes","-","-","-","ENSMUSG00000026798","chr2:29787493-29797935","Coq4","1","no","gene with protein product","51117"
"583","CMIP","CMIP","c-Maf inducing protein","protein-coding gene","ENSG00000153815","protein_coding","chr16:81445170-81711762","14","0.19","no","yes","no","2","-","no","no","no","6","no","yes","-","-","-","ENSMUSG00000034390","chr8:117257064-117459430","Cmip","3","no","gene with protein product","80790"
"584","PACS2","PACS2","phosphofurin acidic cluster sorting protein 2","protein-coding gene","ENSG00000179364","protein_coding","chr14:105300563-105398147","14","0.19","yes","no","no","1","-","no","no","no","-5","no","no","Q86VP3","0","0.03","ENSMUSG00000021143","chr12:113014508-113074401","Pacs2","0","no","gene with protein product","23241"
"585","CLK1","CLK1","CDC like kinase 1","protein-coding gene","ENSG00000013441","protein_coding","chr2:200853009-200864744","14","0.18","no","yes","no","2","-","no","no","no","-1","no","no","-","-","-","ENSMUSG00000026034","chr1:58410189-58424066","Clk1","-1","no","gene with protein product","1195"
"586","PYGL","PYGL","glycogen phosphorylase L","protein-coding gene","ENSG00000100504","protein_coding","chr14:50857891-50944483","14","0.18","no","yes","no","1","-","no","no","no","5","no","yes","P06737","2","0.35","ENSMUSG00000021069","chr12:70190811-70231488","Pygl","-2","no","gene with protein product","5836"
"587","CHST11","CHST11","carbohydrate sulfotransferase 11","protein-coding gene","ENSG00000171310","protein_coding","chr12:104455295-104762014","14","0.18","no","yes","no","3","G1/S","no","no","no","3","no","yes","-","-","-","ENSMUSG00000034612","chr10:82985498-83195900","Chst11","5","no","gene with protein product","50515"
"588","NME1","NME1","NME/NM23 nucleoside diphosphate kinase 1","protein-coding gene","ENSG00000239672","protein_coding","chr17:51153559-51162428","14","0.17","yes","yes","no","2","-","no","no","no","3","no","yes","P15531","4","0.42","ENSMUSG00000037601","chr11:93956979-93968521","Nme1","1","no","gene with protein product","4830"
"589","TKFC","TKFC","triokinase and FMN cyclase","protein-coding gene","ENSG00000149476","protein_coding","chr11:61333220-61353295","14","0.16","yes","no","no","2","-","no","no","no","-2","no","no","Q3LXA3","3","0.35","ENSMUSG00000034371","chr19:10587791-10605654","Tkfc","4","no","gene with protein product","26007"
"590","CITED2","CITED2","Cbp/p300 interacting transactivator with Glu/Asp rich carboxy-terminal domain 2","protein-coding gene","ENSG00000164442","protein_coding","chr6:139371807-139374648","14","0.16","no","yes","no","2","-","no","no","no","-7","no","yes","-","-","-","ENSMUSG00000039910","chr10:17723218-17725674","Cited2","-1","no","gene with protein product","10370"
"591","PTPN1","PTPN1","protein tyrosine phosphatase non-receptor type 1","protein-coding gene","ENSG00000196396","protein_coding","chr20:50510321-50585241","14","0.16","no","yes","no","3","G2/M","no","no","no","6","no","yes","P18031","0","0.17","ENSMUSG00000027540","chr2:167932057-167979385","Ptpn1","3","no","gene with protein product","5770"
"592","SPG7","SPG7","SPG7 matrix AAA peptidase subunit, paraplegin","protein-coding gene","ENSG00000197912","protein_coding","chr16:89490719-89557766","14","0.16","no","yes","no","2","-","no","no","no","-5","no","yes","Q9UQ90","1","0.07","ENSMUSG00000000738","chr8:123062942-123097760","Spg7","0","no","gene with protein product","6687"
"593","RPS4X","RPS4X","ribosomal protein S4 X-linked","protein-coding gene","ENSG00000198034","protein_coding","chrX:72255679-72277248","14","0.15","yes","yes","no","2","-","no","no","no","-2","no","no","P62701","1","-0.04","ENSMUSG00000031320","chrX:102184941-102189394","Rps4x","-1","no","gene with protein product","6191"
"594","DGAT1","DGAT1","diacylglycerol O-acyltransferase 1","protein-coding gene","ENSG00000185000","protein_coding","chr8:144314584-144326910","14","0.14","yes","yes","no","2","-","no","no","no","-6","no","yes","O75907","1","0.22","ENSMUSG00000022555","chr15:76502015-76511953","Dgat1","1","no","gene with protein product","8694"
"595","IVL","IVL","involucrin","protein-coding gene","ENSG00000163207","protein_coding","chr1:152908546-152911886","13","1.56","no","yes","no","1","-","no","no","no","5","no","yes","-","-","-","-","-","-","-","-","gene with protein product","3713"
"596","LINC01778","LINC01778","long intergenic non-protein coding RNA 1778","non-coding RNA","ENSG00000223382","lncRNA","chr1:30824217-30834864","13","1.41","yes","no","no","0","-","no","no","no","-","-","-","-","-","-","-","-","-","-","-","RNA, long non-coding","105378622"
"597","CHRNA3","CHRNA3","cholinergic receptor nicotinic alpha 3 subunit","protein-coding gene","ENSG00000080644","protein_coding","chr15:78593052-78621295","13","0.84","yes","no","no","1","-","no","no","no","3","no","no","-","-","-","ENSMUSG00000032303","chr9:55010111-55026562","Chrna3","3","no","gene with protein product","1136"
"598","KCNQ3","KCNQ3","potassium voltage-gated channel subfamily Q member 3","protein-coding gene","ENSG00000184156","protein_coding","chr8:132120859-132481095","13","0.39","yes","yes","no","1","-","no","no","no","2","no","no","-","-","-","ENSMUSG00000056258","chr15:65986387-66286642","Kcnq3","1","no","gene with protein product","3786"
"599","PAG1","PAG1","phosphoprotein membrane anchor with glycosphingolipid microdomains 1","protein-coding gene","ENSG00000076641","protein_coding","chr8:80967810-81112068","13","0.28","no","yes","no","2","-","no","no","no","2","no","no","-","-","-","ENSMUSG00000027508","chr3:9687479-9833679","Pag1","-1","no","gene with protein product","55824"
"600","ANKEF1","ANKEF1","ankyrin repeat and EF-hand domain containing 1","protein-coding gene","ENSG00000132623","protein_coding","chr20:9986126-10058303","13","0.28","no","yes","no","3","G1/S","no","no","no","2","no","no","-","-","-","ENSMUSG00000074771","chr2:136501910-136562091","Ankef1","0","no","gene with protein product","63926"
"601","RIN2","RIN2","Ras and Rab interactor 2","protein-coding gene","ENSG00000132669","protein_coding","chr20:19757606-20002459","13","0.28","yes","no","no","3","G2/M","no","no","no","7","no","yes","Q8WYP3","1","0.26","ENSMUSG00000001768","chr2:145675215-145887616","Rin2","5","yes","gene with protein product","54453"
"602","MMP2","MMP2","matrix metallopeptidase 2","protein-coding gene","ENSG00000087245","protein_coding","chr16:55389700-55506691","13","0.27","yes","no","no","1","-","no","no","no","-3","no","no","P08253","1","0.85","ENSMUSG00000031740","chr8:92827291-92853420","Mmp2","4","no","gene with protein product","4313"
"603","ARHGAP42","ARHGAP42","Rho GTPase activating protein 42","protein-coding gene","ENSG00000165895","protein_coding","chr11:100687288-100993941","13","0.26","yes","no","no","2","-","no","no","no","-2","no","no","-","-","-","ENSMUSG00000050730","chr9:8994329-9239101","Arhgap42","-7","no","gene with protein product","143872"
"604","AHNAK","AHNAK","AHNAK nucleoprotein","protein-coding gene","ENSG00000124942","protein_coding","chr11:62433542-62556235","13","0.25","yes","yes","no","2","-","no","no","no","7","no","yes","Q09666","1","0.23","ENSMUSG00000069833","chr19:8989284-9076914","Ahnak","0","no","gene with protein product","79026"
"605","NPNT","NPNT","nephronectin","protein-coding gene","ENSG00000168743","protein_coding","chr4:105894775-106004027","13","0.24","yes","no","no","1","-","no","no","no","-3","no","yes","-","-","-","ENSMUSG00000040998","chr3:132881745-132950291","Npnt","6","no","gene with protein product","255743"
"606","ZDBF2","ZDBF2","zinc finger DBF-type containing 2","protein-coding gene","ENSG00000204186","protein_coding","chr2:206274663-206314427","13","0.22","yes","no","no","1","-","no","no","no","-1","no","no","-","-","-","ENSMUSG00000027520","chr1:63273265-63314576","Zdbf2","1","no","gene with protein product","57683"
"607","VAMP2","VAMP2","vesicle associated membrane protein 2","protein-coding gene","ENSG00000220205","protein_coding","chr17:8159149-8163546","13","0.22","no","yes","no","1","-","no","no","no","1","no","no","P63027","1","-0.04","ENSMUSG00000020894","chr11:69088490-69092384","Vamp2","4","no","gene with protein product","6844"
"608","MT-ATP8","MT-ATP8","mitochondrially encoded ATP synthase membrane subunit 8","protein-coding gene","ENSG00000228253","protein_coding","chrM:8366-8572","13","0.21","yes","no","no","2","-","no","no","no","-3","no","yes","P03928","0","0.00","-","-","-","-","-","gene with protein product","4509"
"609","KCNAB2","KCNAB2","potassium voltage-gated channel subfamily A regulatory beta subunit 2","protein-coding gene","ENSG00000069424","protein_coding","chr1:5990927-6101193","13","0.2","yes","no","no","1","-","no","no","no","-3","no","no","Q13303","0","-0.14","ENSMUSG00000028931","chr4:152390742-152477910","Kcnab2","0","no","gene with protein product","8514"
"610","CBFA2T2","CBFA2T2","CBFA2/RUNX1 partner transcriptional co-repressor 2","protein-coding gene","ENSG00000078699","protein_coding","chr20:33490075-33650036","13","0.2","no","yes","no","1","-","no","no","no","-3","no","yes","-","-","-","ENSMUSG00000038533","chr2:154436481-154539356","Cbfa2t2","0","no","gene with protein product","9139"
"611","BCAS4","BCAS4","breast carcinoma amplified sequence 4","protein-coding gene","ENSG00000124243","protein_coding","chr20:50794894-50882676","13","0.19","no","yes","no","1","-","no","no","no","-3","no","yes","-","-","-","-","-","-","-","-","gene with protein product","55653"
"612","SPECC1","SPECC1","sperm antigen with calponin homology and coiled-coil domains 1","protein-coding gene","ENSG00000128487","protein_coding","chr17:20008865-20319026","13","0.19","yes","yes","no","1","-","no","no","no","-1","no","no","Q5M775","1","0.10","ENSMUSG00000042331","chr11:61956763-62223013","Specc1","-4","no","gene with protein product","92521"
"613","CRIM1","CRIM1","cysteine rich transmembrane BMP regulator 1","protein-coding gene","ENSG00000150938","protein_coding","chr2:36355778-36551135","13","0.18","yes","no","no","1","-","no","no","no","2","no","no","Q9NZV1","-1","-0.63","ENSMUSG00000024074","chr17:78200248-78376592","Crim1","1","no","gene with protein product","51232"
"614","GATC","GATC","glutamyl-tRNA amidotransferase subunit C","protein-coding gene","ENSG00000257218","protein_coding","chr12:120446444-120463749","13","0.17","yes","no","no","2","-","no","no","no","1","no","no","O43716","0","-0.04","-","-","-","-","-","gene with protein product","283459"
"615","PLTP","PLTP","phospholipid transfer protein","protein-coding gene","ENSG00000100979","protein_coding","chr20:45898621-45912155","13","0.16","yes","no","no","1","-","no","no","no","6","no","no","-","-","-","ENSMUSG00000017754","chr2:164839518-164857711","Pltp","12","yes","gene with protein product","5360"
"616","DDX59","DDX59","DEAD-box helicase 59","protein-coding gene","ENSG00000118197","protein_coding","chr1:200623896-200669907","13","0.16","yes","yes","no","2","-","no","no","no","-1","no","no","Q5T1V6","-2","-0.28","ENSMUSG00000026404","chr1:136415271-136440158","Ddx59","4","no","gene with protein product","83479"
"617","CEP120","CEP120","centrosomal protein 120","protein-coding gene","ENSG00000168944","protein_coding","chr5:123344890-123423592","13","0.15","yes","yes","no","2","-","no","no","no","1","no","no","-","-","-","ENSMUSG00000048799","chr18:53681723-53744608","Cep120","-1","no","gene with protein product","153241"
"618","AAK1","AAK1","AP2 associated kinase 1","protein-coding gene","ENSG00000115977","protein_coding","chr2:69457997-69674349","13","0.14","no","yes","no","3","G2/M","no","no","no","2","no","no","Q2M2I8","1","0.08","ENSMUSG00000057230","chr6:86849517-87003223","Aak1","-3","no","gene with protein product","22848"
"619","PARP14","PARP14","poly(ADP-ribose) polymerase family member 14","protein-coding gene","ENSG00000173193","protein_coding","chr3:122680839-122730840","13","0.12","no","yes","no","3","G1/S","no","no","no","-2","no","no","Q460N5","0","0.07","ENSMUSG00000034422","chr16:35832874-35871544","Parp14","-2","no","gene with protein product","54625"
"620","MPRIP","MPRIP","myosin phosphatase Rho interacting protein","protein-coding gene","ENSG00000133030","protein_coding","chr17:17042457-17217679","13","0.11","no","yes","no","1","-","no","no","no","2","no","no","Q6WCQ1","2","0.35","ENSMUSG00000005417","chr11:59661305-59780860","Mprip","1","no","gene with protein product","23164"
"621","EIF3F","EIF3F","eukaryotic translation initiation factor 3 subunit F","protein-coding gene","ENSG00000175390","protein_coding","chr11:7970251-8001862","13","0.1","yes","yes","no","2","-","no","no","no","-3","no","no","O00303","0","-0.08","ENSMUSG00000031029","chr7:108934417-108942951","Eif3f","0","no","gene with protein product","8665"
"622","NARF","NARF","nuclear prelamin A recognition factor","protein-coding gene","ENSG00000141562","protein_coding","chr17:82458180-82490537","13","0.05","no","yes","no","2","-","no","no","no","-3","no","yes","Q9UHQ1","-2","-0.40","ENSMUSG00000000056","chr11:121237253-121255856","Narf","-2","no","gene with protein product","26502"
"623","AC103760.1","WWP1-AS1","WWP1 antisense RNA 1","non-coding RNA","ENSG00000254231","lncRNA","chr8:86333274-86343429","12","0.91","yes","no","no","0","-","no","no","no","-","-","-","-","-","-","-","-","-","-","-","RNA, long non-coding","105375624"
"624","PLPP4","PLPP4","phospholipid phosphatase 4","protein-coding gene","ENSG00000203805","protein_coding","chr10:120457227-120592065","12","0.65","yes","no","no","0","-","no","no","no","-2","no","no","-","-","-","ENSMUSG00000070366","chr7:129257031-129391412","Plpp4","0","no","gene with protein product","196051"
"625","TMEM9B-AS1","TMEM9B-AS1","TMEM9B antisense RNA 1","non-coding RNA","ENSG00000254860","lncRNA","chr11:8964510-8977527","12","0.54","no","yes","no","1","-","no","no","no","-1","no","no","-","-","-","-","-","-","-","-","RNA, long non-coding","493900"
"626","SRRM2-AS1","SRRM2-AS1","SRRM2 antisense RNA 1","non-coding RNA","ENSG00000205913","lncRNA","chr16:2737076-2752600","12","0.51","yes","no","no","1","-","no","no","no","0","no","no","-","-","-","-","-","-","-","-","RNA, long non-coding","100128788"
"627","MTND5P11","MTND5P11","MT-ND5 pseudogene 11","pseudogene","ENSG00000248923","processed_pseudogene","chr5:134924648-134926459","12","0.46","yes","no","no","0","-","no","no","no","-","-","-","-","-","-","-","-","-","-","-","pseudogene","100506169"
"628","NRP2","NRP2","neuropilin 2","protein-coding gene","ENSG00000118257","protein_coding","chr2:205681990-205798133","12","0.45","no","yes","no","1","-","no","no","no","3","no","yes","O60462","0","0.19","ENSMUSG00000025969","chr1:62703285-62818695","Nrp2","-7","no","gene with protein product","8828"
"629","ACAD11","ACAD11","acyl-CoA dehydrogenase family member 11","protein-coding gene","ENSG00000240303","protein_coding","chr3:132558138-132660082","12","0.43","yes","no","no","1","-","no","no","no","0","no","no","Q709F0","0","0.17","ENSMUSG00000090150","chr9:104063377-104127725","Acad11","14","yes","gene with protein product","84129"
"630","KCNN3","KCNN3","potassium calcium-activated channel subfamily N member 3","protein-coding gene","ENSG00000143603","protein_coding","chr1:154697455-154870281","12","0.42","yes","yes","no","1","-","no","no","no","1","no","no","-","-","-","ENSMUSG00000000794","chr3:89520164-89675132","Kcnn3","2","no","gene with protein product","3782"
"631","PPP1R3C","PPP1R3C","protein phosphatase 1 regulatory subunit 3C","protein-coding gene","ENSG00000119938","protein_coding","chr10:91628442-91633071","12","0.39","yes","yes","no","3","G1/S","no","no","no","-1","no","no","-","-","-","ENSMUSG00000067279","chr19:36731731-36736653","Ppp1r3c","0","no","gene with protein product","5507"
"632","DGKI","DGKI","diacylglycerol kinase iota","protein-coding gene","ENSG00000157680","protein_coding","chr7:137381037-137847092","12","0.35","no","yes","no","1","-","no","no","no","-1","no","no","-","-","-","ENSMUSG00000038665","chr6:36846022-37300184","Dgki","2","no","gene with protein product","9162"
"633","ZSCAN20","ZSCAN20","zinc finger and SCAN domain containing 20","protein-coding gene","ENSG00000121903","protein_coding","chr1:33472645-33496507","12","0.31","yes","yes","no","1","-","no","no","no","-1","no","no","-","-","-","ENSMUSG00000061894","chr4:128583539-128610098","Zscan20","0","no","gene with protein product","7579"
"634","MTCO1P12","MTCO1P12","MT-CO1 pseudogene 12","pseudogene","ENSG00000237973","unprocessed_pseudogene","chr1:631074-632616","12","0.31","yes","no","no","1","-","no","no","no","-","-","-","-","-","-","-","-","-","-","-","pseudogene","107075141"
"635","MRPL39","MRPL39","mitochondrial ribosomal protein L39","protein-coding gene","ENSG00000154719","protein_coding","chr21:25585656-25607517","12","0.3","yes","no","no","2","-","no","no","no","4","no","no","Q9NYK5","0","0.07","ENSMUSG00000022889","chr16:84717576-84735742","Mrpl39","5","yes","gene with protein product","54148"
"636","COL9A3","COL9A3","collagen type IX alpha 3 chain","protein-coding gene","ENSG00000092758","protein_coding","chr20:62816244-62841159","12","0.28","yes","no","no","3","G1/S","no","no","no","-2","no","no","-","-","-","-","-","-","-","-","gene with protein product","1299"
"637","ADGRB1","ADGRB1","adhesion G protein-coupled receptor B1","protein-coding gene","ENSG00000181790","protein_coding","chr8:142449430-142545009","12","0.26","yes","no","no","2","-","no","no","no","0","no","no","-","-","-","ENSMUSG00000034730","chr15:74516195-74589465","Adgrb1","3","no","gene with protein product","575"
"638","OBSCN","OBSCN","obscurin, cytoskeletal calmodulin and titin-interacting RhoGEF","protein-coding gene","ENSG00000154358","protein_coding","chr1:228208044-228378876","12","0.25","yes","no","no","1","-","no","no","no","0","no","no","-","-","-","ENSMUSG00000061462","chr11:58994256-59139170","Obscn","3","no","gene with protein product","84033"
"639","WDR1","WDR1","WD repeat domain 1","protein-coding gene","ENSG00000071127","protein_coding","chr4:10074339-10116949","12","0.22","yes","yes","no","3","G2/M","no","no","no","-1","no","no","O75083","3","0.29","ENSMUSG00000005103","chr5:38526813-38563221","Wdr1","0","no","gene with protein product","9948"
"640","MYO1E","MYO1E","myosin IE","protein-coding gene","ENSG00000157483","protein_coding","chr15:59132434-59372871","12","0.22","no","yes","no","3","G1/S","no","no","no","-2","no","no","Q12965","2","0.13","ENSMUSG00000032220","chr9:70207350-70399766","Myo1e","1","no","gene with protein product","4643"
"641","STAT6","STAT6","signal transducer and activator of transcription 6","protein-coding gene","ENSG00000166888","protein_coding","chr12:57095408-57132139","12","0.22","yes","yes","no","1","-","no","no","no","0","no","no","P42226","4","0.32","ENSMUSG00000002147","chr10:127642986-127660957","Stat6","-1","no","gene with protein product","6778"
"642","NHS","NHS","NHS actin remodeling regulator","protein-coding gene","ENSG00000188158","protein_coding","chrX:17375200-17735994","12","0.22","yes","yes","no","2","-","no","no","no","0","no","no","Q6T4R5","1","0.16","ENSMUSG00000059493","chrX:161833296-162159730","Nhs","0","no","gene with protein product","4810"
"643","TNRC18","TNRC18","trinucleotide repeat containing 18","protein-coding gene","ENSG00000182095","protein_coding","chr7:5306790-5425414","12","0.19","no","yes","no","1","-","no","no","no","1","no","no","O15417","0","-0.40","ENSMUSG00000039477","chr5:142724661-142817662","Tnrc18","-2","no","gene with protein product","84629"
"644","TET2","TET2","tet methylcytosine dioxygenase 2","protein-coding gene","ENSG00000168769","protein_coding","chr4:105145875-105279816","12","0.18","yes","yes","no","2","-","no","no","no","1","no","no","-","-","-","ENSMUSG00000040943","chr3:133463679-133545139","Tet2","-1","no","gene with protein product","54790"
"645","PTPN14","PTPN14","protein tyrosine phosphatase non-receptor type 14","protein-coding gene","ENSG00000152104","protein_coding","chr1:214348700-214552449","12","0.16","no","yes","no","1","-","no","no","no","0","no","no","Q15678","0","-0.07","ENSMUSG00000026604","chr1:189728268-189876695","Ptpn14","14","yes","gene with protein product","5784"
"646","SLC9A8","SLC9A8","solute carrier family 9 member A8","protein-coding gene","ENSG00000197818","protein_coding","chr20:49812713-49892242","12","0.16","no","yes","no","1","-","no","no","no","-5","no","yes","-","-","-","ENSMUSG00000039463","chr2:167421712-167477000","Slc9a8","1","no","gene with protein product","23315"
"647","RNF208","RNF208","ring finger protein 208","protein-coding gene","ENSG00000212864","protein_coding","chr9:137220247-137221581","12","0.16","no","yes","no","0","-","no","no","no","0","no","no","-","-","-","ENSMUSG00000044628","chr2:25242929-25244262","Rnf208","1","no","gene with protein product","727800"
"648","SIRT6","SIRT6","sirtuin 6","protein-coding gene","ENSG00000077463","protein_coding","chr19:4174109-4182566","12","0.15","yes","yes","no","1","-","no","no","no","0","no","no","Q8N6T7","0","0.00","ENSMUSG00000034748","chr10:81621785-81627797","Sirt6","0","no","gene with protein product","51548"
"649","ETV6","ETV6","ETS variant transcription factor 6","protein-coding gene","ENSG00000139083","protein_coding","chr12:11649674-11895377","12","0.15","no","yes","no","2","-","no","no","no","-6","no","yes","P41212","1","0.16","ENSMUSG00000030199","chr6:134035700-134270158","Etv6","-2","no","gene with protein product","2120"
"650","APP","APP","amyloid beta precursor protein","protein-coding gene","ENSG00000142192","protein_coding","chr21:25880550-26171128","12","0.13","no","yes","no","1","-","no","no","no","-3","no","yes","P05067","3","0.47","ENSMUSG00000022892","chr16:84949685-85173766","App","1","no","gene with protein product","351"
"651","NR3C1","NR3C1","nuclear receptor subfamily 3 group C member 1","protein-coding gene","ENSG00000113580","protein_coding","chr5:143277931-143435512","12","0.12","no","yes","no","2","-","no","no","no","3","no","yes","P04150","3","0.37","ENSMUSG00000024431","chr18:39410545-39519421","Nr3c1","3","no","gene with protein product","2908"
"652","STAT1","STAT1","signal transducer and activator of transcription 1","protein-coding gene","ENSG00000115415","protein_coding","chr2:190908460-191020960","12","0.12","yes","yes","no","4","G2/M","yes","no","no","1","no","no","P42224","0","0.03","ENSMUSG00000026104","chr1:52119440-52161865","Stat1","0","no","gene with protein product","6772"
"653","GSE1","GSE1","Gse1 coiled-coil protein","protein-coding gene","ENSG00000131149","protein_coding","chr16:85169525-85676204","12","0.12","yes","yes","no","2","-","no","no","no","-6","no","yes","Q14687","0","0.02","ENSMUSG00000031822","chr8:120228456-120581390","Gse1","7","yes","gene with protein product","23199"
"654","ANXA2","ANXA2","annexin A2","protein-coding gene","ENSG00000182718","protein_coding","chr15:60347134-60402883","12","0.12","yes","no","no","2","-","no","no","no","0","no","no","P07355","5","0.39","ENSMUSG00000032231","chr9:69453620-69491795","Anxa2","-3","no","gene with protein product","302"
"655","SIPA1L3","SIPA1L3","signal induced proliferation associated 1 like 3","protein-coding gene","ENSG00000105738","protein_coding","chr19:37907208-38208369","12","0.1","no","yes","no","1","-","no","no","no","1","no","no","O60292","0","0.21","ENSMUSG00000030583","chr7:29320372-29518641","Sipa1l3","0","no","gene with protein product","23094"
"656","TRIM2","TRIM2","tripartite motif containing 2","protein-coding gene","ENSG00000109654","protein_coding","chr4:153152163-153339319","12","0.09","no","yes","no","4","UNCLEAR","no","no","no","-6","no","no","-","-","-","ENSMUSG00000027993","chr3:84160439-84306877","Trim2","-5","no","gene with protein product","23321"
"657","SH3BGRL3","SH3BGRL3","SH3 domain binding glutamate rich protein like 3","protein-coding gene","ENSG00000142669","protein_coding","chr1:26280086-26281522","12","0.09","no","yes","no","2","-","no","no","no","-1","no","no","Q9H299","2","0.25","ENSMUSG00000028843","chr4:134127406-134128789","Sh3bgrl3","8","yes","gene with protein product","83442"
"658","PABPC1P4","PABPC1P4","poly(A) binding protein cytoplasmic 1 pseudogene 4","pseudogene","ENSG00000255642","processed_pseudogene","chr12:63822021-63823895","12","0.09","yes","no","no","2","-","no","no","no","-","-","-","-","-","-","-","-","-","-","-","pseudogene","341315"
"659","NCBP2","NCBP2","nuclear cap binding protein subunit 2","protein-coding gene","ENSG00000114503","protein_coding","chr3:196935402-196942594","12","0.07","yes","yes","no","1","-","no","no","no","2","no","no","P52298","-1","-0.09","ENSMUSG00000022774","chr16:31948513-31961781","Ncbp2","0","no","gene with protein product","22916"
"660","FAM104A","VCF1","VCP nuclear cofactor family member 1","protein-coding gene","ENSG00000133193","protein_coding","chr17:73207353-73236753","12","0.06","yes","no","no","3","G2/M","no","no","no","0","no","no","-","-","-","ENSMUSG00000041629","chr11:113661319-113684155","Fam104a","-1","no","gene with protein product","84923"
"661","HMOX2","HMOX2","heme oxygenase 2","protein-coding gene","ENSG00000103415","protein_coding","chr16:4474690-4510347","12","0.03","no","yes","no","2","-","no","no","no","3","no","yes","P30519","1","0.19","ENSMUSG00000004070","chr16:4726361-4766742","Hmox2","0","no","gene with protein product","3163"
"662","FXYD2","FXYD2","FXYD domain containing ion transport regulator 2","protein-coding gene","ENSG00000137731","protein_coding","chr11:117800844-117828698","11","1.68","yes","yes","no","0","-","no","no","no","3","no","yes","-","-","-","-","-","-","-","-","gene with protein product","486"
"663","DMBT1","DMBT1","deleted in malignant brain tumors 1","protein-coding gene","ENSG00000187908","protein_coding","chr10:122560665-122643736","11","0.88","no","yes","no","1","-","no","no","no","-1","no","no","Q9UGM3","0","1.06","ENSMUSG00000047517","chr7:131032046-131121628","Dmbt1","2","no","gene with protein product","1755"
"664","AL355916.1","LINC03033","long intergenic non-protein coding RNA 3033","non-coding RNA","ENSG00000232774","lncRNA","chr14:61570405-61658696","11","0.86","no","yes","no","1","-","no","no","no","-","-","-","-","-","-","-","-","-","-","-","RNA, long non-coding","400221"
"665","CD36","CD36","CD36 molecule (CD36 blood group)","protein-coding gene","ENSG00000135218","protein_coding","chr7:80369575-80679277","11","0.7","yes","no","no","1","-","no","no","no","1","no","no","-","-","-","ENSMUSG00000002944","chr5:17781690-17888801","Cd36","0","no","gene with protein product","948"
"666","CDH13","CDH13","cadherin 13","protein-coding gene","ENSG00000140945","protein_coding","chr16:82626965-83800640","11","0.39","no","yes","no","1","-","no","no","no","1","no","no","P55290","2","0.42","ENSMUSG00000031841","chr8:118283733-119324921","Cdh13","2","no","gene with protein product","1012"
"667","ICAM1","ICAM1","intercellular adhesion molecule 1","protein-coding gene","ENSG00000090339","protein_coding","chr19:10271093-10286615","11","0.36","no","yes","no","2","-","no","no","no","1","no","no","P05362","1","0.06","ENSMUSG00000037405","chr9:21015985-21028817","Icam1","12","yes","gene with protein product","3383"
"668","MAP3K9","MAP3K9","mitogen-activated protein kinase kinase kinase 9","protein-coding gene","ENSG00000006432","protein_coding","chr14:70722526-70809534","11","0.33","yes","no","no","1","-","no","no","no","6","no","yes","-","-","-","ENSMUSG00000042724","chr12:81721010-81781175","Map3k9","8","no","gene with protein product","4293"
"669","MT-TP","MT-TP","mitochondrially encoded tRNA-Pro (CCN)","non-coding RNA","ENSG00000210196","Mt_tRNA","chrM:15956-16023","11","0.31","yes","no","no","1","-","no","no","no","-","-","-","-","-","-","-","-","-","-","-","RNA, transfer","4571"
"670","CCDC146","CCDC146","coiled-coil domain containing 146","protein-coding gene","ENSG00000135205","protein_coding","chr7:77122434-77329533","11","0.25","yes","yes","no","1","-","no","no","no","-3","no","yes","-","-","-","ENSMUSG00000064280","chr5:21292961-21424677","Ccdc146","2","no","gene with protein product","57639"
"671","C1QTNF1","C1QTNF1","C1q and TNF related 1","protein-coding gene","ENSG00000173918","protein_coding","chr17:79022814-79049788","11","0.24","no","yes","no","1","-","no","no","no","-3","no","no","-","-","-","ENSMUSG00000017446","chr11:118428203-118449963","C1qtnf1","-1","no","gene with protein product","114897"
"672","DDIT3","DDIT3","DNA damage inducible transcript 3","protein-coding gene","ENSG00000175197","protein_coding","chr12:57516588-57521737","11","0.24","yes","no","no","3","G1/S","no","no","no","1","no","no","-","-","-","ENSMUSG00000025408","chr10:127290774-127296288","Ddit3","1","no","gene with protein product","1649"
"673","LINC01503","LINC01503","long intergenic non-protein coding RNA 1503","non-coding RNA","ENSG00000233901","lncRNA","chr9:129332300-129359541","11","0.24","yes","yes","no","1","-","no","no","no","1","no","no","-","-","-","-","-","-","-","-","RNA, long non-coding","100506119"
"674","ZBTB20","ZBTB20","zinc finger and BTB domain containing 20","protein-coding gene","ENSG00000181722","protein_coding","chr3:114314500-115147288","11","0.23","yes","no","no","1","-","no","no","no","-2","no","no","Q9HC78","1","0.43","ENSMUSG00000022708","chr16:42875881-43642602","Zbtb20","-1","no","gene with protein product","26137"
"675","NDUFA13","NDUFA13","NADH:ubiquinone oxidoreductase subunit A13","protein-coding gene","ENSG00000186010","protein_coding","chr19:19515736-19529054","11","0.23","yes","yes","no","2","-","no","no","no","-3","no","no","Q9P0J0","1","0.14","ENSMUSG00000036199","chr8:69894180-69902558","Ndufa13","1","no","gene with protein product","51079"
"676","TUBG2","TUBG2","tubulin gamma 2","protein-coding gene","ENSG00000037042","protein_coding","chr17:42659284-42667006","11","0.22","no","yes","no","1","-","no","no","no","1","no","no","-","-","-","ENSMUSG00000045007","chr11:101155907-101161787","Tubg2","-3","no","gene with protein product","27175"
"677","STOX2","STOX2","storkhead box 2","protein-coding gene","ENSG00000173320","protein_coding","chr4:183797692-184023526","11","0.22","yes","no","no","1","-","no","no","no","1","no","no","-","-","-","ENSMUSG00000038143","chr8:47180048-47446362","Stox2","6","yes","gene with protein product","56977"
"678","NEK10","NEK10","NIMA related kinase 10","protein-coding gene","ENSG00000163491","protein_coding","chr3:27110085-27369460","11","0.2","yes","no","no","2","-","no","no","no","0","no","no","-","-","-","ENSMUSG00000042567","chr14:14803415-15012059","Nek10","1","no","gene with protein product","152110"
"679","PRKCH","PRKCH","protein kinase C eta","protein-coding gene","ENSG00000027075","protein_coding","chr14:61187559-61550976","11","0.19","yes","yes","no","2","-","no","no","no","4","no","yes","-","-","-","-","-","-","-","-","gene with protein product","5583"
"680","RCBTB1","RCBTB1","RCC1 and BTB domain containing protein 1","protein-coding gene","ENSG00000136144","protein_coding","chr13:49531946-49585558","11","0.19","yes","yes","no","2","-","no","no","no","1","no","no","-","-","-","ENSMUSG00000035469","chr14:59201209-59237265","Rcbtb1","0","no","gene with protein product","55213"
"681","BOD1L1","BOD1L1","biorientation of chromosomes in cell division 1 like 1","protein-coding gene","ENSG00000038219","protein_coding","chr4:13568738-13627725","11","0.18","yes","no","no","2","-","no","no","no","1","no","no","Q8NFC6","-2","-0.31","ENSMUSG00000061755","chr5:41787538-41844315","Bod1l","-2","no","gene with protein product","259282"
"682","KDM6A","KDM6A","lysine demethylase 6A","protein-coding gene","ENSG00000147050","protein_coding","chrX:44873188-45112779","11","0.18","no","yes","no","3","G2/M","no","no","no","-3","no","yes","O15550","0","0.03","ENSMUSG00000037369","chrX:18162575-18279936","Kdm6a","-1","no","gene with protein product","7403"
"683","FOXN3","FOXN3","forkhead box N3","protein-coding gene","ENSG00000053254","protein_coding","chr14:89124871-89619149","11","0.17","no","yes","no","2","-","no","no","no","-1","no","no","-","-","-","ENSMUSG00000033713","chr12:99190078-99563582","Foxn3","-3","no","gene with protein product","1112"
"684","PCNA","PCNA","proliferating cell nuclear antigen","protein-coding gene","ENSG00000132646","protein_coding","chr20:5114953-5126626","11","0.17","yes","yes","no","9","G1/S","yes","no","yes","6","no","yes","P12004","0","0.02","ENSMUSG00000027342","chr2:132249162-132253314","Pcna","-5","no","gene with protein product","5111"
"685","ZNF33B","ZNF33B","zinc finger protein 33B","protein-coding gene","ENSG00000196693","protein_coding","chr10:42574185-42638570","11","0.17","yes","no","no","1","-","no","no","no","-3","no","yes","-","-","-","-","-","-","-","-","gene with protein product","7582"
"686","STPG1","STPG1","sperm tail PG-rich repeat containing 1","protein-coding gene","ENSG00000001460","protein_coding","chr1:24356999-24416934","11","0.15","yes","yes","no","1","-","no","no","no","1","no","no","-","-","-","ENSMUSG00000028801","chr4:135494790-135537803","Stpg1","1","no","gene with protein product","90529"
"687","OGA","OGA","O-GlcNAcase","protein-coding gene","ENSG00000198408","protein_coding","chr10:101784443-101818465","11","0.15","yes","no","no","2","-","no","no","no","-2","no","no","O60502","0","0.00","ENSMUSG00000025220","chr19:45750259-45783837","Mgea5","2","no","gene with protein product","10724"
"688","RPS20","RPS20","ribosomal protein S20","protein-coding gene","ENSG00000008988","protein_coding","chr8:56067254-56074510","11","0.14","yes","yes","no","2","-","no","no","no","-3","no","yes","P60866","-1","-0.10","ENSMUSG00000028234","chr4:3831334-3835665","Rps20","-2","no","gene with protein product","6224"
"689","DECR1","DECR1","2,4-dienoyl-CoA reductase 1","protein-coding gene","ENSG00000104325","protein_coding","chr8:90001405-90053633","11","0.14","no","yes","no","2","-","no","no","no","-7","no","no","Q16698","2","0.23","ENSMUSG00000028223","chr4:15917240-15945507","Decr1","0","no","gene with protein product","1666"
"690","EEF1A1","EEF1A1","eukaryotic translation elongation factor 1 alpha 1","protein-coding gene","ENSG00000156508","protein_coding","chr6:73489308-73525587","11","0.14","yes","yes","no","2","-","no","no","no","-2","no","no","P68104","0","-0.23","-","-","-","-","-","gene with protein product","1915"
"691","TSC1","TSC1","TSC complex subunit 1","protein-coding gene","ENSG00000165699","protein_coding","chr9:132891348-132946874","11","0.14","no","yes","no","2","-","no","no","no","-1","no","no","Q92574","1","0.13","ENSMUSG00000026812","chr2:28641228-28691167","Tsc1","0","no","gene with protein product","7248"
"692","POLR2H","POLR2H","RNA polymerase II, I and III subunit H","protein-coding gene","ENSG00000163882","protein_coding","chr3:184361718-184368596","11","0.12","yes","no","no","2","-","no","no","no","3","no","no","P52434","1","0.03","ENSMUSG00000021018","chr16:20717665-20722267","Polr2h","2","no","gene with protein product","5437"
"693","SEMA3C","SEMA3C","semaphorin 3C","protein-coding gene","ENSG00000075223","protein_coding","chr7:80742538-80922359","11","0.11","no","yes","no","3","G2/M","no","no","no","-4","no","yes","Q99985","0","-0.14","ENSMUSG00000028780","chr5:17574281-17730268","Sema3c","2","no","gene with protein product","10512"
"694","RIN3","RIN3","Ras and Rab interactor 3","protein-coding gene","ENSG00000100599","protein_coding","chr14:92513781-92688994","11","0.1","no","yes","no","1","-","no","no","no","-2","no","no","-","-","-","ENSMUSG00000044456","chr12:102283048-102390855","Rin3","-3","no","gene with protein product","79890"
"695","AMOTL1","AMOTL1","angiomotin like 1","protein-coding gene","ENSG00000166025","protein_coding","chr11:94706431-94876748","11","0.1","yes","yes","no","3","G1/S","no","no","no","7","no","yes","Q8IY63","-1","-0.14","ENSMUSG00000013076","chr9:14541966-14645056","Amotl1","2","no","gene with protein product","154810"
"696","INO80C","INO80C","INO80 complex subunit C","protein-coding gene","ENSG00000153391","protein_coding","chr18:35452230-35497979","11","0.09","yes","yes","no","1","-","no","no","no","5","no","yes","Q6PI98","0","-0.07","ENSMUSG00000047989","chr18:24104757-24121953","Ino80c","1","no","gene with protein product","125476"
"697","CARD19","CARD19","caspase recruitment domain family member 19","protein-coding gene","ENSG00000165233","protein_coding","chr9:93096217-93113283","11","0.09","no","yes","no","2","-","no","no","no","-1","no","no","Q96LW7","3","0.38","ENSMUSG00000037960","chr13:49202950-49216037","Card19","0","no","gene with protein product","84270"
"698","GBA","GBA1","glucosylceramidase beta 1","protein-coding gene","ENSG00000177628","protein_coding","chr1:155234452-155244699","11","0.07","yes","no","no","1","-","no","no","no","-1","no","no","P04062","3","0.26","ENSMUSG00000028048","chr3:89202928-89208966","Gba","4","no","gene with protein product","2629"
"699","SERTAD2","SERTAD2","SERTA domain containing 2","protein-coding gene","ENSG00000179833","protein_coding","chr2:64631621-64751005","11","0.07","no","yes","no","3","G2/M","no","no","no","4","no","yes","-","-","-","ENSMUSG00000049800","chr11:20543253-20653021","Sertad2","-2","no","gene with protein product","9792"
"700","SLCO2B1","SLCO2B1","solute carrier organic anion transporter family member 2B1","protein-coding gene","ENSG00000137491","protein_coding","chr11:75100563-75206549","10","0.92","yes","no","no","1","-","no","no","no","0","no","no","-","-","-","ENSMUSG00000030737","chr7:99657804-99711340","Slco2b1","1","no","gene with protein product","11309"
"701","IL1B","IL1B","interleukin 1 beta","protein-coding gene","ENSG00000125538","protein_coding","chr2:112829751-112836816","10","0.9","no","yes","no","2","-","no","no","no","11","yes","yes","-","-","-","ENSMUSG00000027398","chr2:129364570-129371139","Il1b","2","no","gene with protein product","3553"
"702","IL33","IL33","interleukin 33","protein-coding gene","ENSG00000137033","protein_coding","chr9:6215786-6257983","10","0.81","yes","no","no","0","-","no","no","no","5","no","no","-","-","-","ENSMUSG00000024810","chr19:29925114-29960718","Il33","-1","no","gene with protein product","90865"
"703","FAM135B","FAM135B","family with sequence similarity 135 member B","protein-coding gene","ENSG00000147724","protein_coding","chr8:138130023-138497261","10","0.79","yes","no","no","1","-","no","no","no","0","no","no","-","-","-","ENSMUSG00000036800","chr15:71431609-71727838","Fam135b","0","no","gene with protein product","51059"
"704","NKAIN4","NKAIN4","sodium/potassium transporting ATPase interacting 4","protein-coding gene","ENSG00000101198","protein_coding","chr20:63240784-63272694","10","0.73","yes","yes","no","1","-","no","no","no","0","no","no","-","-","-","ENSMUSG00000027574","chr2:180934772-180954699","Nkain4","1","no","gene with protein product","128414"
"705","KEL","KEL","Kell metallo-endopeptidase (Kell blood group)","protein-coding gene","ENSG00000197993","protein_coding","chr7:142941114-142962363","10","0.68","yes","no","no","1","-","no","no","no","1","no","no","-","-","-","ENSMUSG00000029866","chr6:41686330-41704339","Kel","-2","no","gene with protein product","3792"
"706","SMOC1","SMOC1","SPARC related modular calcium binding 1","protein-coding gene","ENSG00000198732","protein_coding","chr14:69854131-70032366","10","0.58","no","yes","no","1","-","no","no","no","1","no","no","-","-","-","ENSMUSG00000021136","chr12:81026808-81186414","Smoc1","-1","no","gene with protein product","64093"
"707","CYTH4","CYTH4","cytohesin 4","protein-coding gene","ENSG00000100055","protein_coding","chr22:37282027-37315341","10","0.41","yes","no","no","1","-","no","no","no","-1","no","no","-","-","-","ENSMUSG00000018008","chr15:78597047-78622019","Cyth4","-3","no","gene with protein product","27128"
"708","FA2H","FA2H","fatty acid 2-hydroxylase","protein-coding gene","ENSG00000103089","protein_coding","chr16:74712955-74774831","10","0.4","yes","yes","no","1","-","no","no","no","-6","no","yes","-","-","-","ENSMUSG00000033579","chr8:111345135-111393824","Fa2h","2","no","gene with protein product","79152"
"709","PLLP","PLLP","plasmolipin","protein-coding gene","ENSG00000102934","protein_coding","chr16:57248547-57284672","10","0.34","no","yes","no","0","-","no","no","no","-3","no","yes","-","-","-","ENSMUSG00000031775","chr8:94674894-94696278","Pllp","3","no","gene with protein product","51090"
"710","UNC13D","UNC13D","unc-13 homolog D","protein-coding gene","ENSG00000092929","protein_coding","chr17:75827225-75844552","10","0.29","no","yes","no","1","-","no","no","no","-3","no","yes","Q70J99","0","0.13","ENSMUSG00000057948","chr11:116062095-116077961","Unc13d","3","no","gene with protein product","201294"
"711","ITPR2","ITPR2","inositol 1,4,5-trisphosphate receptor type 2","protein-coding gene","ENSG00000123104","protein_coding","chr12:26335352-26833194","10","0.27","no","yes","no","1","-","no","no","no","0","no","no","Q14571","0","-0.26","ENSMUSG00000030287","chr6:146108299-146502223","Itpr2","5","yes","gene with protein product","3709"
"712","YPEL4","YPEL4","yippee like 4","protein-coding gene","ENSG00000166793","protein_coding","chr11:57645087-57649944","10","0.27","no","yes","no","2","-","no","no","no","2","no","no","-","-","-","ENSMUSG00000034059","chr2:84734058-84738655","Ypel4","-2","no","gene with protein product","219539"
"713","S100A4","S100A4","S100 calcium binding protein A4","protein-coding gene","ENSG00000196154","protein_coding","chr1:153543613-153550136","10","0.26","no","yes","no","1","-","no","no","no","-8","no","yes","P26447","4","0.74","ENSMUSG00000001020","chr3:90603771-90606045","S100a4","0","no","gene with protein product","6275"
"714","ACAP1","ACAP1","ArfGAP with coiled-coil, ankyrin repeat and PH domains 1","protein-coding gene","ENSG00000072818","protein_coding","chr17:7336529-7351477","10","0.23","no","yes","no","1","-","no","no","no","1","no","no","Q15027","0","0.15","ENSMUSG00000001588","chr11:69881567-69895539","Acap1","-2","no","gene with protein product","9744"
"715","TSNARE1","TSNARE1","t-SNARE domain containing 1","protein-coding gene","ENSG00000171045","protein_coding","chr8:142212080-142403182","10","0.23","yes","no","no","1","-","no","no","no","-2","no","no","-","-","-","-","-","-","-","-","gene with protein product","203062"
"716","CAV2","CAV2","caveolin 2","protein-coding gene","ENSG00000105971","protein_coding","chr7:116287380-116508541","10","0.21","no","yes","no","2","-","no","no","no","6","no","yes","P51636","2","0.31","ENSMUSG00000000058","chr6:17281185-17289115","Cav2","1","no","gene with protein product","858"
"717","PTRH1","PTRH1","peptidyl-tRNA hydrolase 1 homolog","protein-coding gene","ENSG00000187024","protein_coding","chr9:127690348-127724873","10","0.21","yes","no","no","2","-","no","no","no","0","no","no","Q86Y79","1","0.21","ENSMUSG00000053746","chr2:32775786-32777597","Ptrh1","7","no","gene with protein product","138428"
"718","S100A14","S100A14","S100 calcium binding protein A14","protein-coding gene","ENSG00000189334","protein_coding","chr1:153614255-153616986","10","0.21","no","yes","no","2","-","no","no","no","3","no","yes","Q9HCY8","1","0.24","ENSMUSG00000042306","chr3:90526856-90528837","S100a14","1","no","gene with protein product","57402"
"719","IFT27","IFT27","intraflagellar transport 27","protein-coding gene","ENSG00000100360","protein_coding","chr22:36758202-36776256","10","0.2","no","yes","no","1","-","no","no","no","-3","no","yes","Q9BW83","3","0.30","ENSMUSG00000016637","chr15:78159463-78174107","Ift27","13","yes","gene with protein product","11020"
"720","CHD9","CHD9","chromodomain helicase DNA binding protein 9","protein-coding gene","ENSG00000177200","protein_coding","chr16:53055033-53329150","10","0.2","yes","yes","no","2","-","no","no","no","2","no","no","-","-","-","ENSMUSG00000056608","chr8:90828352-91054516","Chd9","-2","no","gene with protein product","80205"
"721","PALLD","PALLD","palladin, cytoskeletal associated protein","protein-coding gene","ENSG00000129116","protein_coding","chr4:168497052-168928457","10","0.18","no","yes","no","1","-","no","no","no","4","no","yes","-","-","-","ENSMUSG00000058056","chr8:61511433-61902690","Palld","-1","no","gene with protein product","23022"
"722","MTND2P28","MTND2P28","MT-ND2 pseudogene 28","pseudogene","ENSG00000225630","unprocessed_pseudogene","chr1:629640-630683","10","0.18","yes","no","no","1","-","no","no","no","-","-","-","-","-","-","-","-","-","-","-","pseudogene","100652939"
"723","AHCY","AHCY","adenosylhomocysteinase","protein-coding gene","ENSG00000101444","protein_coding","chr20:34280268-34311802","10","0.17","yes","no","no","2","-","no","no","no","6","no","yes","P23526","1","0.10","-","-","-","-","-","gene with protein product","191"
"724","FAH","FAH","fumarylacetoacetate hydrolase","protein-coding gene","ENSG00000103876","protein_coding","chr15:80152490-80186946","10","0.17","yes","no","no","1","-","no","no","no","4","no","yes","P16930","3","0.33","ENSMUSG00000030630","chr7:84585159-84606722","Fah","12","no","gene with protein product","2184"
"725","DLG5","DLG5","discs large MAGUK scaffold protein 5","protein-coding gene","ENSG00000151208","protein_coding","chr10:77790791-77926755","10","0.17","yes","yes","no","1","-","no","no","no","-2","no","no","Q8TDM6","2","0.30","ENSMUSG00000021782","chr14:24133953-24245920","Dlg5","4","no","gene with protein product","9231"
"726","TSC22D1","TSC22D1","TSC22 domain family member 1","protein-coding gene","ENSG00000102804","protein_coding","chr13:44432143-44577147","10","0.16","no","yes","yes","2","-","no","no","no","-1","no","no","Q15714","3","0.57","ENSMUSG00000022010","chr14:76414961-76507765","Tsc22d1","0","no","gene with protein product","8848"
"727","TMUB2","TMUB2","transmembrane and ubiquitin like domain containing 2","protein-coding gene","ENSG00000168591","protein_coding","chr17:44186970-44191929","10","0.16","no","yes","no","1","-","no","no","no","-4","no","yes","Q71RG4","1","0.24","ENSMUSG00000034757","chr11:102284931-102289237","Tmub2","3","no","gene with protein product","79089"
"728","EPB41L4A-AS1","EPB41L4A-AS1","EPB41L4A antisense RNA 1","non-coding RNA","ENSG00000224032","lncRNA","chr5:112160526-112164818","10","0.15","yes","yes","no","2","-","no","no","no","1","no","no","-","-","-","-","-","-","-","-","RNA, long non-coding","114915"
"729","CSTF3","CSTF3","cleavage stimulation factor subunit 3","protein-coding gene","ENSG00000176102","protein_coding","chr11:33077188-33162371","10","0.14","yes","yes","no","0","-","no","no","no","1","no","no","Q12996","2","0.07","ENSMUSG00000027176","chr2:104590523-104665429","Cstf3","-1","no","gene with protein product","1479"
"730","PRSS23","PRSS23","serine protease 23","protein-coding gene","ENSG00000150687","protein_coding","chr11:86791059-86952910","10","0.13","no","yes","no","2","-","no","no","no","-2","no","no","O95084","1","0.34","ENSMUSG00000039405","chr7:89507783-89527187","Prss23","-2","no","gene with protein product","11098"
"731","CYTH1","CYTH1","cytohesin 1","protein-coding gene","ENSG00000108669","protein_coding","chr17:78674048-78782297","10","0.11","no","yes","no","1","-","no","no","no","-2","no","no","Q15438","0","0.13","ENSMUSG00000017132","chr11:118132019-118248592","Cyth1","4","no","gene with protein product","9267"
"732","MSI2","MSI2","musashi RNA binding protein 2","protein-coding gene","ENSG00000153944","protein_coding","chr17:57255851-57684689","10","0.1","yes","no","no","2","-","no","no","no","-2","no","no","Q96DH6","3","0.27","ENSMUSG00000069769","chr11:88339382-88718513","Msi2","-4","no","gene with protein product","124540"
"733","NDUFS5","NDUFS5","NADH:ubiquinone oxidoreductase subunit S5","protein-coding gene","ENSG00000168653","protein_coding","chr1:39026318-39034636","10","0.1","yes","yes","no","3","G2/M","no","no","no","-1","no","no","O43920","2","0.14","ENSMUSG00000028648","chr4:123712710-123718202","Ndufs5","0","no","gene with protein product","4725"
"734","SDF4","SDF4","stromal cell derived factor 4","protein-coding gene","ENSG00000078808","protein_coding","chr1:1216909-1232067","10","0.09","yes","no","no","3","G1/S","no","no","no","-5","no","yes","Q9BRK5","0","0.24","ENSMUSG00000029076","chr4:155992872-156013610","Sdf4","1","no","gene with protein product","51150"
"735","FRMD6","FRMD6","FERM domain containing 6","protein-coding gene","ENSG00000139926","protein_coding","chr14:51489100-51730727","10","0.09","yes","yes","no","1","-","no","no","no","4","no","yes","Q96NE9","2","0.74","ENSMUSG00000048285","chr12:70825514-70902234","Frmd6","1","no","gene with protein product","122786"
"736","VEGFA","VEGFA","vascular endothelial growth factor A","protein-coding gene","ENSG00000112715","protein_coding","chr6:43770184-43786487","10","0.08","no","yes","no","1","-","no","no","no","2","no","no","-","-","-","ENSMUSG00000023951","chr17:46016993-46032369","Vegfa","2","no","gene with protein product","7422"
"737","BCAR1","BCAR1","BCAR1 scaffold protein, Cas family member","protein-coding gene","ENSG00000050820","protein_coding","chr16:75228181-75268053","10","0.06","no","yes","no","2","-","no","no","no","0","no","no","P56945","0","0.12","ENSMUSG00000031955","chr8:111710474-111743809","Bcar1","4","no","gene with protein product","9564"
"738","TGS1","TGS1","trimethylguanosine synthase 1","protein-coding gene","ENSG00000137574","protein_coding","chr8:55773446-55826445","10","0.04","yes","yes","no","3","G2/M","no","no","no","4","no","yes","Q96RS0","0","-0.21","ENSMUSG00000028233","chr4:3574875-3616619","Tgs1","-1","no","gene with protein product","96764"
